2905,control,0,0.00012278,0.000259354,0.00040637,0.000560258,0.000722403,0.000895898,0.001080078,0.001273113,0.00147259,0.001676552,0.001883086,0.002085472,0.002267782,0.002406837,0.002485026,0.002507314,0.002498371,0.002487768,0.002498514,0.002530449,0.002547016,0.002492528,0.002343817,0.002144276,0.001961012,0.001819856,0.001709858,0.001621834,0.001554023,0.001499986,0.001448997,0.001399942,0.001363865,0.00134697,0.001347333,0.001365634,0.001403073,0.0014573,0.001526248,0.001612262,0.001723347,0.001861878,0.002013223,0.002154324,0.002267125,0.002350771,0.002429752,0.002536198,0.002687229,0.002884054,0.003116746,0.00337173,0.003636766,0.003894014,0.00412332,0.004308583,0.004437987,0.004513307,0.00454678,0.004542326,0.004496465,0.004405074,0.004269955,0.004108159,0.003940186,0.003780987,0.003644667,0.003535879,0.003452022,0.003391938,0.003348256,0.003312122,0.003280577,0.003251072,0.003226155,0.003209031,0.003194309,0.003178237,0.003159729,0.003138452,0.003121087,0.003111551,0.003110732,0.003124112,0.00315013,0.003183475,0.00322793,0.003290968,0.003377978,0.003486381,0.003607609,0.00373809,0.00387575,0.004019151,0.004164654,0.004295262,0.004401045,0.004484712,0.004535931,0.004562384,0.004601547,0.004653074,0.004691901,0.004727498,0.004772976,0.00481576,0.004829265,0.00480806,0.004809765,0.004890414,0.005032056,0.005201483,0.005392134,0.005595039,0.005782643,0.00592604,0.006018209,0.006067056,0.006083154,0.006086253,0.006074264,0.006029841,0.006018014,0.006157977,0.006473072,0.006911404,0.007432463,0.007990366,0.008501836,0.008912171,0.00932698,0.009903237,0.010566585,0.011126602,0.011528573,0.011801169,0.011962974,0.011989195,0.011805936,0.011386551,0.010826873,0.010221552,0.00955036,0.00880185,0.008160411,0.007857526,0.007850045,0.007991035,0.008257687,0.008670053,0.009216424,0.009864922,0.010555606,0.011214827,0.011787479,0.012250756,0.012617369,0.012898375,0.013056182,0.013025533,0.012824562,0.012594458,0.012437382,0.012334093,0.012267379,0.012252166,0.012249189,0.012179623,0.011951986,0.011472362,0.010725361,0.009784661,0.00875801,0.007742826,0.006778951,0.005850612,0.004932948,0.0040361,0.003177712,0.002377643,0.001758865,0.001468601,0.001430036,0.001405815,0.001271306,0.00112634,0.001123663,0.001236095,0.001353257,0.001422821,0.001405966,0.001272185,0.001023507,0.000687884,0.000353876,0.000125201,2.11E-05,6.30E-07,0,1.08E-06,1.10E-05,3.54E-05,6.31E-05,8.00E-05,7.59E-05,4.85E-05,1.52E-05,0,0,9.14E-06,1.65E-05,2.70E-05,4.55E-05,7.15E-05,0.000102483,0.000134247,0.000164982,0.000196803,0.000230222,0.000265788,0.000304558,0.000346026,0.000393163,0.000452258,0.000530325,0.000635109,0.000771288,0.000944742,0.001160041,0.001400007,0.001617945,0.001748889,0.001735943,0.001574455,0.001322845,0.00105891,0.000833809,0.000659125,0.000526617,0.000429571,0.000361941,0.000316969,0.000289014,0.000270825,0.00025707,0.000245588,0.000234692,0.000225421,0.000218458,0.000213704,0.000214729,0.000224103,0.000241966,0.000270039,0.0003102,0.000364478,0.000429042,0.000485522,0.000510151,0.000492053,0.000443107,0.000387567,0.000335675,0.00028074,0.000219457,0.00015803,0.000106555,7.26E-05,5.46E-05,4.67E-05,4.33E-05,3.99E-05,3.58E-05,3.21E-05,2.89E-05,2.66E-05,2.52E-05,2.42E-05,2.41E-05,2.37E-05,2.26E-05,2.19E-05,2.10E-05,2.09E-05,2.13E-05,1.63E-05,0
3371,control,0,0.000105957,0.000213779,0.00032893,0.000452681,0.00059432,0.000767046,0.000973509,0.001203314,0.001441619,0.001677759,0.001903446,0.002108012,0.002277236,0.002389874,0.002428533,0.00240438,0.00235402,0.002315288,0.002310653,0.002333791,0.002344414,0.002287084,0.002139424,0.001945294,0.001766234,0.001618656,0.001493236,0.001389308,0.001307083,0.001237744,0.001168402,0.001100509,0.001051674,0.001029924,0.001035217,0.001073099,0.001141664,0.00123023,0.001328934,0.001432592,0.001548383,0.001680551,0.001815608,0.001939696,0.002043755,0.002129607,0.002225275,0.002359527,0.002543012,0.002777877,0.003050598,0.00333873,0.003623648,0.003881018,0.004091424,0.004246061,0.004337653,0.004373975,0.00437144,0.004336743,0.004273825,0.004175478,0.004034793,0.003870966,0.003703724,0.003543457,0.003403376,0.00328344,0.003184512,0.00311296,0.003057107,0.003011172,0.002981544,0.002964011,0.002958341,0.002961212,0.002958499,0.002949423,0.002934805,0.002914764,0.002901463,0.002891414,0.002878303,0.002876591,0.002894176,0.002938731,0.003016981,0.003103167,0.003177356,0.003255073,0.003355159,0.003490758,0.003654786,0.003812069,0.003943323,0.004059792,0.004172264,0.004267925,0.004328219,0.004395733,0.004539597,0.004705418,0.004768776,0.004727212,0.004667446,0.00464593,0.004681024,0.004750605,0.004814934,0.004883352,0.005024405,0.005273168,0.005531237,0.005684219,0.005781843,0.005945562,0.006241716,0.006549262,0.006555736,0.006284891,0.006163911,0.006295006,0.006387377,0.006391334,0.006601756,0.007157331,0.007889264,0.008569033,0.009042808,0.009327387,0.009687124,0.01030571,0.01108767,0.011912081,0.012548706,0.012705939,0.01257394,0.012598994,0.012781646,0.012631802,0.011842043,0.010846236,0.010163601,0.009703797,0.009137352,0.008561246,0.008323133,0.00846981,0.008764146,0.008999898,0.009247135,0.009675225,0.010259386,0.010852895,0.011359652,0.011760696,0.012109177,0.012500139,0.012911399,0.013072624,0.012828658,0.012493583,0.012403672,0.012498747,0.012545278,0.012533497,0.012686441,0.0130172,0.013045733,0.012279108,0.010967816,0.009706843,0.008707002,0.007839615,0.006997837,0.006241004,0.005533048,0.00464139,0.003602158,0.00275999,0.002247458,0.001908789,0.001641396,0.001462829,0.001316416,0.001120237,0.00094849,0.000986716,0.00131813,0.001695287,0.001687428,0.001315613,0.000943874,0.000647248,0.000342244,0.000101398,3.48E-06,1.18E-05,0.000139778,0.000251335,0.000194412,6.93E-05,5.52E-05,0.000166139,0.000276308,0.000245488,0.000103305,0,0,4.88E-06,7.46E-06,1.35E-05,2.60E-05,4.45E-05,6.97E-05,9.76E-05,0.000128339,0.000161211,0.000188122,0.000209067,0.000228535,0.000248313,0.000273396,0.000308561,0.000360913,0.000438174,0.000538832,0.000667213,0.000831254,0.001019389,0.001197951,0.001314678,0.001320165,0.001209577,0.001023276,0.000820297,0.000647685,0.000517443,0.000422578,0.000357685,0.000316085,0.000292963,0.000281134,0.000269392,0.000253903,0.000234793,0.000212614,0.000191945,0.000173564,0.000160308,0.000159847,0.000172964,0.000196301,0.000227488,0.000264478,0.000310779,0.000363009,0.000404697,0.0004204,0.000402382,0.000358166,0.000309106,0.000265891,0.000227069,0.000189369,0.000149511,0.000112689,8.77E-05,7.23E-05,6.15E-05,5.07E-05,3.78E-05,2.57E-05,1.58E-05,1.00E-05,1.02E-05,1.43E-05,1.89E-05,2.17E-05,1.93E-05,1.41E-05,7.77E-06,9.09E-07,0,2.96E-07,3.59E-07,0
3015,control,0,0.00013981,0.000292947,0.000456435,0.00062635,0.000805331,0.000998706,0.001205752,0.001421565,0.001640416,0.001858079,0.002070774,0.002271005,0.002444244,0.002569408,0.002630445,0.002634712,0.00261065,0.002590297,0.002595276,0.00262044,0.002624741,0.002553451,0.002389537,0.002182685,0.002000836,0.001865169,0.001761149,0.001679525,0.001618431,0.00157081,0.00152645,0.001485732,0.001460891,0.001457637,0.001473554,0.001510138,0.001567846,0.001642285,0.001730646,0.00183487,0.001962318,0.002114387,0.002275298,0.002422817,0.002540263,0.002627447,0.002711114,0.002825077,0.002986439,0.003195981,0.003440221,0.00370067,0.003963189,0.004209564,0.004420679,0.004582928,0.004686066,0.004734357,0.004742933,0.004716727,0.004653797,0.00455062,0.004407953,0.004243761,0.004078701,0.00392541,0.003795718,0.003691205,0.003608266,0.003547841,0.003503047,0.003466004,0.003435959,0.003410076,0.003390524,0.003380044,0.003371193,0.00336004,0.00334581,0.003327797,0.003313731,0.003306776,0.003306782,0.003321455,0.003350967,0.003391809,0.003448744,0.003523717,0.003617177,0.003728367,0.003850832,0.003982384,0.004120887,0.004260716,0.0043977,0.004520179,0.004620853,0.004701034,0.004749943,0.004779325,0.004830208,0.004893804,0.004931987,0.004954467,0.004983886,0.005015902,0.005030067,0.005019057,0.005029181,0.005110885,0.005255046,0.005435111,0.005630918,0.005819219,0.005985262,0.006121947,0.006232695,0.006310587,0.006323782,0.006290096,0.006263539,0.006243564,0.006247383,0.006367445,0.006658776,0.007094299,0.007616632,0.008155236,0.008619437,0.008964717,0.009314787,0.009830133,0.010438809,0.010966301,0.011339347,0.011544047,0.011621047,0.011611087,0.011454214,0.011066216,0.010490008,0.009861801,0.009231273,0.008574607,0.007998523,0.00770299,0.007692263,0.007849449,0.008125641,0.0085075,0.008990229,0.009567232,0.010184555,0.010765554,0.011258071,0.011644104,0.011943679,0.012180331,0.012321362,0.012279092,0.012048196,0.011786377,0.01162081,0.011523084,0.011447166,0.011406526,0.011396868,0.011353878,0.011143544,0.010632301,0.009845962,0.008920111,0.007965382,0.007041602,0.006163395,0.005323088,0.004497797,0.003667054,0.002848634,0.002104517,0.001556984,0.001306675,0.001271366,0.001252603,0.001142329,0.001019719,0.001025377,0.001157466,0.001329822,0.001465236,0.001471651,0.001317539,0.001049022,0.000707095,0.000366612,0.000131146,2.26E-05,1.25E-06,2.06E-06,1.37E-05,1.84E-05,2.43E-05,4.60E-05,7.53E-05,8.80E-05,6.37E-05,2.12E-05,0,0,1.12E-05,2.01E-05,3.19E-05,5.04E-05,7.49E-05,0.000103622,0.000132688,0.000161157,0.000191017,0.000221341,0.000253195,0.000288561,0.000326792,0.000370864,0.000426656,0.000500987,0.000601851,0.000733276,0.00090173,0.00111363,0.001353627,0.001577878,0.001723302,0.001731305,0.001592869,0.001360413,0.001108468,0.000889687,0.000717825,0.000586066,0.000488826,0.000420265,0.00037414,0.00034478,0.000324071,0.000306739,0.000290761,0.000274503,0.000260039,0.000248423,0.000239744,0.000238226,0.000246296,0.00026371,0.000291799,0.000331683,0.000385774,0.000450741,0.000508286,0.000535127,0.000519613,0.000472015,0.00041671,0.00036492,0.000311175,0.000252193,0.000192248,0.000140756,0.000106183,8.70E-05,7.71E-05,7.07E-05,6.34E-05,5.55E-05,4.80E-05,4.10E-05,3.61E-05,3.27E-05,2.98E-05,2.76E-05,2.51E-05,2.27E-05,2.09E-05,1.84E-05,1.75E-05,1.81E-05,1.36E-05,0
3009,control,0,0.000122448,0.000259898,0.000410907,0.000571333,0.000743519,0.000933388,0.001140813,0.001360134,0.001583777,0.001806661,0.002025971,0.002235699,0.002421845,0.002561516,0.002635132,0.00264779,0.002628191,0.002610676,0.002620075,0.002653765,0.002671066,0.002613287,0.00245692,0.002249278,0.002061121,0.001916161,0.001799952,0.001702842,0.001623979,0.001557982,0.001494735,0.00143481,0.00139256,0.001375322,0.001380632,0.00140915,0.001460259,0.001528887,0.001611075,0.001707361,0.001825627,0.00196906,0.002123239,0.002265583,0.002375981,0.002450937,0.002518543,0.002617664,0.00276953,0.002975029,0.003219102,0.003483724,0.003755532,0.00401574,0.00424466,0.004427194,0.004551124,0.004620236,0.00465016,0.004646457,0.004606036,0.004521351,0.004390077,0.004229945,0.00406204,0.003899832,0.003756209,0.003633532,0.003530248,0.00345001,0.003387779,0.003336429,0.003294457,0.003258294,0.003230467,0.003213369,0.003198767,0.003181919,0.003160555,0.003133572,0.003109325,0.003091143,0.003080064,0.003085107,0.003105774,0.003137521,0.0031857,0.003254657,0.003345366,0.003452975,0.003568194,0.003690634,0.003821678,0.003959799,0.0041014,0.004231711,0.004344075,0.00443875,0.004496811,0.004529721,0.004587684,0.004660113,0.004699983,0.004719585,0.004747778,0.004776606,0.004777907,0.004746773,0.004744778,0.004829698,0.004981497,0.005165237,0.00536645,0.005568884,0.005753797,0.005906965,0.006032038,0.006119174,0.006124216,0.006067657,0.006021837,0.005982956,0.005952305,0.006035113,0.00631125,0.006754727,0.007297596,0.007860757,0.008333768,0.008660629,0.009005961,0.009582769,0.010302733,0.010939921,0.011395508,0.011653676,0.011774154,0.011817699,0.011717068,0.011365558,0.010798983,0.010160669,0.009491781,0.008755633,0.008088361,0.007739062,0.007708445,0.007847734,0.008094804,0.008439264,0.008888245,0.009448363,0.010071096,0.01067831,0.011213315,0.011653767,0.012019062,0.012338883,0.012580192,0.01263187,0.012473384,0.012283515,0.012203381,0.012189304,0.012183588,0.012203728,0.012252668,0.012267275,0.012097066,0.011575238,0.010720116,0.00970034,0.00865865,0.007665979,0.006736838,0.005859904,0.005005962,0.004136857,0.003248984,0.002413421,0.001795028,0.001525712,0.001502998,0.00148564,0.001350241,0.001209233,0.00123861,0.001417934,0.001628773,0.001779517,0.001763688,0.001553717,0.001218707,0.000810964,0.00041435,0.000143884,2.42E-05,5.50E-07,2.52E-06,1.65E-05,2.17E-05,2.83E-05,5.63E-05,9.43E-05,0.000111,8.03E-05,2.61E-05,0,0,1.22E-05,2.00E-05,2.98E-05,4.75E-05,7.37E-05,0.000105995,0.000139961,0.000174527,0.000211672,0.000249983,0.000289696,0.000332224,0.00037682,0.000426203,0.000486755,0.000567289,0.000677117,0.000819855,0.001001428,0.001227449,0.001479923,0.001709908,0.001848861,0.001836816,0.001669194,0.001405874,0.001127767,0.000889665,0.000704086,0.000562797,0.000459855,0.000389291,0.000344081,0.000317245,0.000299827,0.000285979,0.000273076,0.000259294,0.000246623,0.000236127,0.000228694,0.000229467,0.000241027,0.000262428,0.000294463,0.000338703,0.000397652,0.000466404,0.000524798,0.000548861,0.000527934,0.000474441,0.000414336,0.000359025,0.000302624,0.000241465,0.000179966,0.00012802,9.43E-05,7.69E-05,6.89E-05,6.40E-05,5.76E-05,5.01E-05,4.34E-05,3.80E-05,3.51E-05,3.38E-05,3.32E-05,3.37E-05,3.34E-05,3.23E-05,3.09E-05,2.83E-05,2.66E-05,2.55E-05,1.84E-05,0
2351,control,0,0.000106132,0.000227095,0.000361362,0.000505434,0.000660452,0.000831201,0.00102,0.001225554,0.001443455,0.001670228,0.001904141,0.002139672,0.00236155,0.002543937,0.002662386,0.002714564,0.002722184,0.002718321,0.002733986,0.00277756,0.002817111,0.002791267,0.002659966,0.002452333,0.002237663,0.002054904,0.001903145,0.001776945,0.001676419,0.001594824,0.001516367,0.001434171,0.001357609,0.001294782,0.001247407,0.00121993,0.001215685,0.001231809,0.0012626,0.001307642,0.001377385,0.001478539,0.001599296,0.001718551,0.001819639,0.001902985,0.001990213,0.002103536,0.002254316,0.00245055,0.002692573,0.002970338,0.003268226,0.003564094,0.003836788,0.004070162,0.00425062,0.004376211,0.004454439,0.004487325,0.004472336,0.004403797,0.00428006,0.00411621,0.003932713,0.003747728,0.003580593,0.003441552,0.003333274,0.00325427,0.003193067,0.003140954,0.003096763,0.00305695,0.003021903,0.002992464,0.002962945,0.002930838,0.002893873,0.002849814,0.002804465,0.002761559,0.002724506,0.002701214,0.002689944,0.002685878,0.002693641,0.002720315,0.00277017,0.002839976,0.002925205,0.003028304,0.003147975,0.00328139,0.003424631,0.003560594,0.003680355,0.003784319,0.003855928,0.00389996,0.003953805,0.004016077,0.004057577,0.004079372,0.004090937,0.004088522,0.004059643,0.004006367,0.003979894,0.004024882,0.00412736,0.004270386,0.004454864,0.004663383,0.004855021,0.004996003,0.005082765,0.005120912,0.005110793,0.005073952,0.005020323,0.004932863,0.004867961,0.004944259,0.005198128,0.005594524,0.006105561,0.006689109,0.007251741,0.007731231,0.008248378,0.008973579,0.009821966,0.010592975,0.01122607,0.011736132,0.012137349,0.012409472,0.012469976,0.01225543,0.011808098,0.011206989,0.010456975,0.009560838,0.00871202,0.008179197,0.007958732,0.007914426,0.008022349,0.008311609,0.00878858,0.009435063,0.010196737,0.010992386,0.011745224,0.012413027,0.013000763,0.013517848,0.01392401,0.014135408,0.014140859,0.01407734,0.014066814,0.014107068,0.014186076,0.014317257,0.014471664,0.014584815,0.014545728,0.01420293,0.013501854,0.012525048,0.011410501,0.010280292,0.009185336,0.008113051,0.007031725,0.005945014,0.004880272,0.003864729,0.003023961,0.002523955,0.002311468,0.002155073,0.001913376,0.001653807,0.001507641,0.001462008,0.001437473,0.001393476,0.001294571,0.001137834,0.000940506,0.000692952,0.000428604,0.00022333,9.95E-05,3.56E-05,8.33E-06,2.66E-07,1.23E-06,1.22E-05,3.30E-05,5.03E-05,5.10E-05,3.02E-05,5.36E-06,0,0,2.25E-06,3.72E-06,8.63E-06,2.07E-05,3.98E-05,6.22E-05,8.23E-05,9.89E-05,0.000113771,0.000127866,0.00014315,0.000160943,0.000181377,0.0002071,0.000242817,0.000295273,0.000370395,0.000469705,0.000598792,0.000765986,0.000965083,0.001165966,0.001316687,0.001362391,0.001283739,0.001114826,0.000918539,0.000744893,0.000610216,0.000510446,0.000438652,0.000387853,0.000352577,0.000327644,0.000306824,0.000286644,0.000265927,0.000245229,0.000227627,0.000214285,0.0002061,0.000206067,0.000214928,0.000231905,0.000257166,0.000291984,0.000339477,0.000397175,0.000450565,0.000479235,0.000470489,0.000432452,0.00038741,0.000346949,0.000306817,0.000261373,0.000212354,0.000168162,0.00013589,0.000115055,0.0001012,8.93E-05,7.64E-05,6.32E-05,5.13E-05,4.18E-05,3.68E-05,3.59E-05,3.86E-05,4.33E-05,4.67E-05,4.78E-05,4.69E-05,4.32E-05,3.80E-05,3.13E-05,1.98E-05,0
3014,control,0,0.00010198,0.000219599,0.000353954,0.000502069,0.000666764,0.000855237,0.001069171,0.00130251,0.001545089,0.001790009,0.002034843,0.002275332,0.002498567,0.002678704,0.00278898,0.002827938,0.002822359,0.002810639,0.002825726,0.002872829,0.002915039,0.002887576,0.002750067,0.002536486,0.002320282,0.002136825,0.00197999,0.00184363,0.00172954,0.001632755,0.001538524,0.001442953,0.001360477,0.001300312,0.001262427,0.001250119,0.001263651,0.001297012,0.001343302,0.001400808,0.001480138,0.001588942,0.001715533,0.001838783,0.00193776,0.002007655,0.002074535,0.002171458,0.00231719,0.002519065,0.002769671,0.003053711,0.003355867,0.003653704,0.003926092,0.004156956,0.004331478,0.004450476,0.004526209,0.004562679,0.004557086,0.004498869,0.00438162,0.004221941,0.004040849,0.003854004,0.003678874,0.003522686,0.003389322,0.003283597,0.003197544,0.003124676,0.00306494,0.00301317,0.002970429,0.002937305,0.002904741,0.00286887,0.002825796,0.002772601,0.00271791,0.002665433,0.00261874,0.002588614,0.00257278,0.002566768,0.002577994,0.002612402,0.002671207,0.002746679,0.002829891,0.002925315,0.003035832,0.003161064,0.003299159,0.003433479,0.003557477,0.003668689,0.003737579,0.003774432,0.003838942,0.003920073,0.003961978,0.003972149,0.00397841,0.003974472,0.00393583,0.003864211,0.003829572,0.003888166,0.004012925,0.004173438,0.004367202,0.004580314,0.004780452,0.004940106,0.005063754,0.005141132,0.005119157,0.005024676,0.004944793,0.004867168,0.004777046,0.004789687,0.00500884,0.005421338,0.005966215,0.006565288,0.007086124,0.007455671,0.007878104,0.008618925,0.009572785,0.010465032,0.011172416,0.011668866,0.01202058,0.012297716,0.012416125,0.012229469,0.011741071,0.011094342,0.010336748,0.009427568,0.008536684,0.007982955,0.007788753,0.007784289,0.007902099,0.008150571,0.0085605,0.009151113,0.009875806,0.01064644,0.011383137,0.012043295,0.012639536,0.013201979,0.013690288,0.013961002,0.013964328,0.013897164,0.013931929,0.014033008,0.014145714,0.014293551,0.014487875,0.01467423,0.014685341,0.014296446,0.013477844,0.012406235,0.011261583,0.010145356,0.009085431,0.008071343,0.007065043,0.006017371,0.004920381,0.003849517,0.002997973,0.002542751,0.002391281,0.002270614,0.002026088,0.001767378,0.001684654,0.001760031,0.001875254,0.001941596,0.001855734,0.001612709,0.001292399,0.00091379,0.00052607,0.000236615,7.34E-05,6.06E-06,5.82E-08,4.33E-06,1.80E-06,3.10E-06,3.04E-05,7.28E-05,9.33E-05,6.37E-05,1.33E-05,0,0,5.73E-06,6.98E-06,1.00E-05,2.03E-05,3.93E-05,6.33E-05,8.62E-05,0.000107486,0.000129806,0.000152264,0.000176199,0.000202904,0.000232054,0.000266227,0.000310716,0.000375022,0.000467807,0.000590346,0.000749468,0.000955415,0.001198945,0.001441481,0.001618737,0.001665165,0.001560734,0.001348396,0.001104039,0.000887549,0.000717186,0.000587582,0.000492237,0.000424775,0.00037953,0.000349227,0.000324772,0.000301512,0.000277468,0.000252707,0.000231267,0.000214538,0.000203933,0.000204027,0.0002159,0.000237862,0.000269272,0.000311377,0.000368392,0.000436653,0.000498015,0.000529497,0.000517558,0.000471844,0.000418278,0.000370379,0.000324058,0.00027286,0.000217203,0.000166472,0.00013013,0.00010769,9.35E-05,8.14E-05,6.80E-05,5.48E-05,4.31E-05,3.43E-05,3.09E-05,3.22E-05,3.70E-05,4.37E-05,4.82E-05,5.01E-05,4.92E-05,4.44E-05,3.94E-05,3.40E-05,2.25E-05,0
2651,control,0,0.00013182,0.000278205,0.000435673,0.000599491,0.00077032,0.000951451,0.001142016,0.001338906,0.001538407,0.001738102,0.001935893,0.00212472,0.002289058,0.00240818,0.002468596,0.002478471,0.002463001,0.002450149,0.002459672,0.002486597,0.002491447,0.002422234,0.002263872,0.002064326,0.001888484,0.0017578,0.001659786,0.001585784,0.001533734,0.001496522,0.001463379,0.00143276,0.001414766,0.001414932,0.001431453,0.00146551,0.001517863,0.001585659,0.00166771,0.001766801,0.001889797,0.002037352,0.002193416,0.002335545,0.002448753,0.002535683,0.002622721,0.00274023,0.002901122,0.003104128,0.003338782,0.00359073,0.003846811,0.004089006,0.004298796,0.004462915,0.004571218,0.004626407,0.004641265,0.004619202,0.00455722,0.004452766,0.004308736,0.004143756,0.003979058,0.003827944,0.00370265,0.003606388,0.00353537,0.003488077,0.003456504,0.003431423,0.003410503,0.003391479,0.003377365,0.003371831,0.003368621,0.003363962,0.003357722,0.003349354,0.003345122,0.00334891,0.00336202,0.003390468,0.003430767,0.003474718,0.003526769,0.00359808,0.003696253,0.003816553,0.003946703,0.004082059,0.00422138,0.004365478,0.004512884,0.004644681,0.004750479,0.004836845,0.004891601,0.00491719,0.004951561,0.004997143,0.005033394,0.005074351,0.005129983,0.005180296,0.005192954,0.005165521,0.005171524,0.005272704,0.005432546,0.005602501,0.005783838,0.005982674,0.006170555,0.006304979,0.006371411,0.006389113,0.006392579,0.006404587,0.006401674,0.006364254,0.006379579,0.006566185,0.006913572,0.007349665,0.007843708,0.008364864,0.00883362,0.00918729,0.00953093,0.010040265,0.010641476,0.011122695,0.011435783,0.011635445,0.011739239,0.011701182,0.011443284,0.010972177,0.010421961,0.009866979,0.009235883,0.008509697,0.00791463,0.00769817,0.007772925,0.007959926,0.00824717,0.008670775,0.009212436,0.009824005,0.010443715,0.0110142,0.011497102,0.011875767,0.012163222,0.012367438,0.012452923,0.01237258,0.012159238,0.011942346,0.011797175,0.011688169,0.011606073,0.011571285,0.011524676,0.011379626,0.011079824,0.010574378,0.009841414,0.008919783,0.00790703,0.006913298,0.005983814,0.005092582,0.004214005,0.003371849,0.002573963,0.001816192,0.001233731,0.001006305,0.001049174,0.001087159,0.00098436,0.000865572,0.00090146,0.001044448,0.001160294,0.001207588,0.00117823,0.001052581,0.000824092,0.000519355,0.000232245,6.09E-05,7.82E-06,6.66E-07,0,2.44E-06,2.23E-05,6.08E-05,9.27E-05,0.000100442,8.23E-05,4.64E-05,1.30E-05,0,0,1.48E-05,2.56E-05,3.83E-05,5.83E-05,8.55E-05,0.000117844,0.000151376,0.000184823,0.000220587,0.000258412,0.000298513,0.000341643,0.000386075,0.000434159,0.000491968,0.000566374,0.000665483,0.000793182,0.000954,0.00115187,0.001369251,0.001561791,0.00167053,0.001644978,0.001484303,0.001244938,0.000998349,0.000790661,0.000630886,0.000510216,0.000423165,0.000364361,0.000327315,0.000306917,0.000295784,0.000288682,0.000283505,0.000277682,0.00027193,0.000266832,0.00026217,0.000262442,0.000270707,0.000286776,0.000312681,0.000350704,0.000403177,0.000466067,0.00052036,0.00054328,0.000525325,0.000477678,0.000423298,0.000371634,0.000316322,0.000255322,0.000195012,0.000145189,0.000113526,9.80E-05,9.20E-05,9.00E-05,8.70E-05,8.26E-05,7.81E-05,7.28E-05,6.73E-05,6.21E-05,5.66E-05,5.24E-05,4.87E-05,4.54E-05,4.34E-05,4.08E-05,3.82E-05,3.50E-05,2.43E-05,0
3143,control,0,0.000117416,0.000247113,0.000386886,0.000534018,0.000690954,0.000862431,0.001049359,0.001249659,0.001459343,0.001675105,0.001894449,0.002110823,0.002308672,0.002464147,0.002557308,0.002589856,0.00258433,0.002571771,0.002579606,0.002611594,0.002633267,0.002587694,0.002444383,0.002238211,0.002035509,0.001868732,0.001733712,0.001624943,0.001542235,0.001478123,0.001417318,0.001354071,0.001297834,0.001255484,0.001227741,0.001218744,0.001230971,0.001261259,0.001305816,0.00136583,0.001450816,0.001565085,0.001694779,0.001819025,0.001923408,0.002010327,0.002102613,0.002222252,0.002378598,0.002577634,0.00281789,0.00308787,0.003372257,0.003649668,0.003899567,0.004107325,0.00426089,0.004359888,0.004412896,0.004421521,0.00438381,0.004296402,0.004159955,0.003991758,0.003812672,0.00363857,0.003486352,0.00336412,0.003272568,0.003209154,0.003161344,0.003120087,0.003084937,0.003052589,0.003024197,0.003001603,0.002978759,0.002953613,0.002925328,0.002892319,0.002861034,0.002835209,0.002817109,0.002813222,0.002819943,0.002831437,0.002852935,0.00289272,0.002957144,0.003043837,0.003145874,0.003262937,0.003391716,0.003528804,0.003672292,0.003805143,0.00391721,0.004010969,0.004070527,0.004100346,0.00414149,0.00419572,0.004236481,0.004268343,0.004298981,0.00431849,0.004307508,0.00426532,0.004251846,0.00431962,0.004446057,0.004601171,0.004785083,0.004990429,0.005181962,0.005320554,0.005396905,0.005422317,0.005413862,0.005398622,0.005371915,0.005311246,0.005286382,0.005417453,0.005719643,0.006142593,0.006660912,0.007239642,0.007789839,0.008246823,0.008725789,0.009403135,0.010199339,0.010905534,0.011461631,0.011894878,0.012219093,0.012400915,0.012351644,0.012027105,0.011510266,0.010894602,0.010161625,0.009299789,0.008516208,0.008083866,0.007971131,0.008019042,0.00820802,0.008578626,0.009131787,0.009830776,0.010609332,0.011389262,0.012102742,0.012713751,0.013230505,0.013659194,0.013954346,0.014041667,0.01393,0.013764283,0.013659765,0.013607019,0.013598893,0.013654966,0.01373271,0.01375361,0.013625149,0.013234662,0.012533231,0.011574241,0.010477114,0.009366285,0.008297051,0.007253731,0.006205268,0.005167721,0.00417008,0.00322284,0.002446688,0.002020014,0.001887636,0.001798214,0.001600491,0.001372568,0.001262669,0.001257329,0.001262483,0.001238205,0.001165749,0.001040218,0.000859785,0.000612505,0.000348661,0.000155927,5.30E-05,1.04E-05,0,0,1.32E-06,2.22E-05,4.78E-05,6.05E-05,5.18E-05,2.48E-05,9.47E-07,0,0,5.91E-06,1.09E-05,1.93E-05,3.45E-05,5.61E-05,8.06E-05,0.000102688,0.000121374,0.000139297,0.000156885,0.000176253,0.000198952,0.000224572,0.000256401,0.000299584,0.000360386,0.000445341,0.000556819,0.000701365,0.000887609,0.001106347,0.001323031,0.001481161,0.001521544,0.001426012,0.001235155,0.001017872,0.00082742,0.000679751,0.000569082,0.000488356,0.000430677,0.000390787,0.000363576,0.000341527,0.000320809,0.000300515,0.000280438,0.000263631,0.000251077,0.000242805,0.000242179,0.00025047,0.000267229,0.000293215,0.000329679,0.000380485,0.000443652,0.000502527,0.000534405,0.000525697,0.000484859,0.000435829,0.000390506,0.000343878,0.00029099,0.00023465,0.000184471,0.000148649,0.000126132,0.000111852,0.000100631,8.89E-05,7.75E-05,6.69E-05,5.72E-05,5.08E-05,4.80E-05,4.79E-05,4.94E-05,4.98E-05,4.91E-05,4.74E-05,4.29E-05,3.78E-05,3.23E-05,2.11E-05,0
2380,control,0,0.000119548,0.000247729,0.000383565,0.000524934,0.000676363,0.000845086,0.001031532,0.001231001,0.001438132,0.001649105,0.001859738,0.002061487,0.002238588,0.002368447,0.002433511,0.002440328,0.002417208,0.002396078,0.002399179,0.002424758,0.002435876,0.002377578,0.00222753,0.002028324,0.001843901,0.001698058,0.001582454,0.001491552,0.00142377,0.001370688,0.001319657,0.001268422,0.001227999,0.001205542,0.001201508,0.001219682,0.001262136,0.001324269,0.001400192,0.001489286,0.001599244,0.001732757,0.001875239,0.002007131,0.002117455,0.002211322,0.002313015,0.002446176,0.002620094,0.002837241,0.003091004,0.003365504,0.003643431,0.003903455,0.004125292,0.004295773,0.004406666,0.004461763,0.004473395,0.004446789,0.004382393,0.004277704,0.004133291,0.003965577,0.003794234,0.003633587,0.003497778,0.003390685,0.003310566,0.003256486,0.003217716,0.003185776,0.003162221,0.003145327,0.003134727,0.003129946,0.003123844,0.00311432,0.003101728,0.003086516,0.003076136,0.003071123,0.003069011,0.003078604,0.003104781,0.00314863,0.003213031,0.003289011,0.003369933,0.00346496,0.003582505,0.003725208,0.003885419,0.004042648,0.004183191,0.00430539,0.004408586,0.004488355,0.004541264,0.004591809,0.004677706,0.00477633,0.004828984,0.004834039,0.004830426,0.004842873,0.004877025,0.004920167,0.004964537,0.005032224,0.005161082,0.005364691,0.005590193,0.005767861,0.005903728,0.006046479,0.006224412,0.006389162,0.00641571,0.00631624,0.006261365,0.006301241,0.006367477,0.006490106,0.006785777,0.007287439,0.007908482,0.008528628,0.009053208,0.009474235,0.009923098,0.010502151,0.011140361,0.01173919,0.012198559,0.012407073,0.012431964,0.012428996,0.012367069,0.012039345,0.011359961,0.010557154,0.009868513,0.00927896,0.008717077,0.008297081,0.00816137,0.008295618,0.00859565,0.008968459,0.009422087,0.010007195,0.010678918,0.011325928,0.011871622,0.012296842,0.012631101,0.012916862,0.013124462,0.013118819,0.012854064,0.01252539,0.012328523,0.01225031,0.012189178,0.012138241,0.012168771,0.012242989,0.012101115,0.011486722,0.010509842,0.009461274,0.008475691,0.007540772,0.006630498,0.005766658,0.004927326,0.004031582,0.00312598,0.002370995,0.001851308,0.001536291,0.001351378,0.001224986,0.001088854,0.000927538,0.000809914,0.000817768,0.00097074,0.001149682,0.001151044,0.000965089,0.000739476,0.000511262,0.000271243,8.72E-05,1.09E-05,0,3.60E-05,8.36E-05,6.87E-05,2.60E-05,2.82E-05,8.10E-05,0.000130612,0.000116243,5.01E-05,0,0,6.26E-06,1.23E-05,2.23E-05,3.87E-05,6.02E-05,8.60E-05,0.00011322,0.000140639,0.00016879,0.000195004,0.000219237,0.000244129,0.000270697,0.000302257,0.000343781,0.000400799,0.000479403,0.000581679,0.000711951,0.000875385,0.001060009,0.001230715,0.001336784,0.001332536,0.001213404,0.001022605,0.00081997,0.000648212,0.000518313,0.000423547,0.000357608,0.000313898,0.000286125,0.000269299,0.000256861,0.000244761,0.000232102,0.000218466,0.000205764,0.000195005,0.000187427,0.000187203,0.000195749,0.000212038,0.000236464,0.000269332,0.000312403,0.000362722,0.000405444,0.00042256,0.000405672,0.000363835,0.000317293,0.000275097,0.000232644,0.000186869,0.000140296,0.000100003,7.30E-05,5.77E-05,4.88E-05,4.19E-05,3.40E-05,2.57E-05,1.87E-05,1.39E-05,1.21E-05,1.16E-05,1.15E-05,1.14E-05,9.58E-06,6.09E-06,2.89E-06,4.19E-07,1.06E-07,1.31E-06,1.76E-06,0
2555,control,0,0.000108141,0.000214403,0.000321249,0.000430112,0.000551344,0.000698456,0.000874505,0.001073056,0.001286195,0.001507083,0.001727356,0.001935941,0.002117329,0.002247394,0.002304121,0.002293532,0.002250542,0.002212805,0.00220297,0.002221135,0.002234115,0.002185661,0.002049544,0.001867384,0.001700591,0.001566883,0.001455229,0.001360648,0.001280831,0.001207907,0.001134044,0.001063383,0.001010432,0.000982292,0.000979204,0.001006209,0.001065748,0.001150062,0.001246913,0.001350556,0.001468038,0.00160361,0.001744921,0.001875744,0.001985671,0.002076412,0.002171611,0.002299792,0.002476468,0.002705324,0.00297354,0.003258586,0.003541461,0.003800697,0.004014968,0.004171024,0.004262941,0.004298035,0.004291605,0.004253204,0.004187907,0.004091822,0.003960426,0.003806292,0.003646257,0.00349441,0.003364248,0.003255154,0.003165314,0.003098207,0.003044856,0.002999965,0.002969556,0.00295193,0.002943498,0.002939656,0.002931666,0.002918708,0.002901323,0.002881905,0.002870624,0.002861438,0.002842952,0.002829024,0.002842255,0.002902198,0.003007623,0.003109082,0.003171463,0.003229295,0.003326956,0.003479931,0.003673609,0.003852082,0.003979123,0.004083737,0.004181569,0.004248851,0.004301098,0.004401057,0.004579612,0.004767062,0.004840174,0.004774413,0.004665282,0.004619628,0.004707702,0.004889968,0.005006241,0.005012021,0.005088584,0.005360404,0.005665731,0.005793091,0.005821649,0.005976908,0.006364803,0.006809723,0.006895148,0.006608566,0.006459325,0.006610547,0.006713149,0.006657178,0.006806509,0.007380321,0.008175386,0.008903727,0.009458471,0.009942685,0.010510686,0.011097731,0.011649123,0.012306902,0.012891402,0.012991068,0.01276703,0.012750238,0.013008065,0.012955474,0.01209884,0.010929838,0.010246767,0.010041609,0.009671581,0.008969072,0.008494001,0.008549044,0.008863439,0.009100433,0.009310298,0.009722558,0.01032985,0.010942195,0.011435716,0.011798265,0.012091391,0.012419621,0.012772997,0.012879408,0.012554542,0.012081585,0.011843595,0.011857735,0.011851535,0.011765779,0.011910046,0.012339626,0.012435458,0.011596372,0.01020157,0.008998391,0.008168649,0.007459842,0.006707979,0.006021585,0.005387676,0.004534409,0.003580349,0.0029856,0.002723762,0.002354452,0.001825864,0.001468591,0.001361878,0.001235843,0.000964539,0.00085506,0.001189445,0.001693921,0.001793652,0.00145554,0.001094839,0.000821029,0.000503654,0.000188176,1.63E-05,1.37E-05,0.000181108,0.000332143,0.000252724,5.92E-05,5.13E-06,0.00012413,0.000280247,0.000287879,0.000142651,0,0,1.17E-06,5.08E-06,1.80E-05,3.69E-05,5.75E-05,8.24E-05,0.00011167,0.000143304,0.000173358,0.000193953,0.00020511,0.00021382,0.00022635,0.000249199,0.000287114,0.000344096,0.000424724,0.000531032,0.000669418,0.000846036,0.001049594,0.001244555,0.001375472,0.001391865,0.001286928,0.001101581,0.000896519,0.000718558,0.000582851,0.000485696,0.000420217,0.000377149,0.000348615,0.000327856,0.000307441,0.000283805,0.000257263,0.000229819,0.000204592,0.000183129,0.000169645,0.000169309,0.000181872,0.000205298,0.000237653,0.000275652,0.000319476,0.000366399,0.000403927,0.000416447,0.000395415,0.000349725,0.000300831,0.000259481,0.000222956,0.000186901,0.000150142,0.000117663,9.53E-05,8.05E-05,6.78E-05,5.40E-05,3.78E-05,2.11E-05,7.57E-06,1.85E-06,2.74E-06,6.98E-06,1.16E-05,1.46E-05,1.31E-05,7.76E-06,2.34E-06,0,0,0,0,0
3050,control,0,0.000111769,0.000236149,0.000372606,0.000518681,0.00067753,0.000854862,0.001050885,0.001260889,0.001477991,0.001697386,0.001916408,0.002128946,0.002320376,0.002467013,0.002548718,0.002569296,0.002555009,0.002539051,0.002548022,0.002582576,0.002605188,0.002557703,0.002411746,0.002207163,0.002011923,0.001853873,0.00172431,0.001616735,0.001531405,0.001462079,0.001395431,0.001328835,0.001275247,0.001242208,0.001228839,0.001237543,0.00126851,0.001316957,0.001378695,0.001454101,0.001552099,0.001676961,0.001814837,0.001944638,0.002049069,0.002127055,0.002204501,0.002312244,0.002465482,0.002667743,0.002910662,0.003179609,0.00346039,0.003732279,0.003974876,0.004173352,0.004315325,0.004402737,0.004447831,0.004454179,0.004419376,0.00433684,0.004204739,0.004041195,0.003867232,0.003697078,0.003545833,0.003418884,0.003316734,0.003240848,0.003182064,0.003132531,0.003091699,0.003055718,0.003026542,0.003005959,0.00298603,0.002963576,0.00293699,0.002904951,0.002875612,0.002852293,0.002836544,0.002836327,0.002848701,0.002868423,0.002901702,0.002955051,0.003032194,0.00312897,0.003236776,0.003356079,0.003486077,0.003623987,0.003767269,0.003899903,0.004014276,0.004110926,0.004168248,0.004196234,0.004248463,0.004318412,0.00436088,0.004385396,0.004415467,0.004441642,0.004436703,0.00439751,0.004389925,0.004472186,0.004619032,0.004793992,0.004989409,0.005195769,0.00538868,0.005542096,0.005654745,0.005722007,0.005715106,0.005662219,0.005622227,0.00558375,0.005560356,0.005661623,0.005953269,0.006403574,0.006957515,0.007548542,0.008064817,0.008442306,0.00884737,0.009504688,0.01032278,0.011058229,0.011609207,0.011968098,0.012188236,0.012310238,0.012252908,0.011913063,0.011341338,0.010682502,0.009962291,0.009141149,0.008386024,0.007979582,0.007915246,0.00802503,0.008253621,0.008612779,0.009115985,0.00975804,0.010481046,0.011201382,0.011852492,0.012403434,0.01287003,0.013275539,0.01357818,0.013665063,0.013520653,0.01333033,0.013241678,0.013219362,0.013218249,0.013260285,0.013337412,0.013379655,0.013245659,0.012770966,0.011945619,0.010908511,0.009804979,0.008729201,0.007712132,0.006742175,0.005785583,0.004815468,0.003836778,0.00290455,0.002180777,0.00182725,0.001756132,0.001705518,0.001527758,0.001326174,0.001281693,0.001381288,0.001510563,0.001589401,0.001537748,0.001346507,0.001069791,0.000727779,0.000382844,0.000141744,2.77E-05,6.40E-07,0,4.46E-06,5.61E-06,1.73E-05,4.83E-05,8.27E-05,9.31E-05,6.14E-05,1.50E-05,0,0,8.79E-06,1.38E-05,2.13E-05,3.64E-05,5.94E-05,8.76E-05,0.000115797,0.000143083,0.000172084,0.000201826,0.000233091,0.000267163,0.000303382,0.000344867,0.000397464,0.000469292,0.000568825,0.000698697,0.000865204,0.001075907,0.001316667,0.001544327,0.001694265,0.00170528,0.001566605,0.00133054,0.001074359,0.000853699,0.000682568,0.000553049,0.000458445,0.000392542,0.000349428,0.000322628,0.000303143,0.00028603,0.000269584,0.000252764,0.000238249,0.000226912,0.000219241,0.000219869,0.000230732,0.000250842,0.000280699,0.000321758,0.000377741,0.000445082,0.000504604,0.000532745,0.000517489,0.000469498,0.000414132,0.000363159,0.000311139,0.000253576,0.000193665,0.000141376,0.000105749,8.54E-05,7.44E-05,6.68E-05,5.87E-05,5.07E-05,4.37E-05,3.76E-05,3.46E-05,3.42E-05,3.54E-05,3.77E-05,3.85E-05,3.78E-05,3.62E-05,3.25E-05,2.97E-05,2.76E-05,1.96E-05,0
3249,control,0,0.000113794,0.000242224,0.000383811,0.00053602,0.000702358,0.000887969,0.001092172,0.001310255,0.001534938,0.001760226,0.001984008,0.002203279,0.002405846,0.00256631,0.002659278,0.002684525,0.002669012,0.002649957,0.002657848,0.002695262,0.002724084,0.002682433,0.002539277,0.002339732,0.002158871,0.00202062,0.001904045,0.00179474,0.001693571,0.001600142,0.001509153,0.001426418,0.001370188,0.001346613,0.00134914,0.001375058,0.001421591,0.001483531,0.001558357,0.001647812,0.001761033,0.001902967,0.002060743,0.002208693,0.002314087,0.002359622,0.002374833,0.002416807,0.002524319,0.002699827,0.002919615,0.003163827,0.003425717,0.003690869,0.003938619,0.004149005,0.004304175,0.004406795,0.004474231,0.004511885,0.004513643,0.004466679,0.004364821,0.004225448,0.00406957,0.003910172,0.003759425,0.003618223,0.003486034,0.003371199,0.003274277,0.003191059,0.003117624,0.00304756,0.002985804,0.002938156,0.002896998,0.002856033,0.002809899,0.002756499,0.002706191,0.00266395,0.002631357,0.002616002,0.002615742,0.002627012,0.002656258,0.002709987,0.002791438,0.002890276,0.00298931,0.003087707,0.003192531,0.003312323,0.003449371,0.003582364,0.00369855,0.003795636,0.003845802,0.003857959,0.003892485,0.003946315,0.0039774,0.004002297,0.004044869,0.004084034,0.004073983,0.004005367,0.003965888,0.004036151,0.004183777,0.004357274,0.004553151,0.004773456,0.004989194,0.005161126,0.00528206,0.00535338,0.00536378,0.005339222,0.005293668,0.005171159,0.005002873,0.004968318,0.00516891,0.005556545,0.006061876,0.006619229,0.007110519,0.007458905,0.007838963,0.008504557,0.009362113,0.010135726,0.010721705,0.011135931,0.01143032,0.011620267,0.011611238,0.01131873,0.010818533,0.010232544,0.009535834,0.00867964,0.007883018,0.007470683,0.007406449,0.007487251,0.00766892,0.007990712,0.008471897,0.009097026,0.00980762,0.010529933,0.011201878,0.011789779,0.012305349,0.012766725,0.013127781,0.013275974,0.013196221,0.013068015,0.013028542,0.013040133,0.013073888,0.013161901,0.013280536,0.013352951,0.013264315,0.012870081,0.012131048,0.011150275,0.010075275,0.009025082,0.008044496,0.007115272,0.006202478,0.005288755,0.004362483,0.003452625,0.002739458,0.00242553,0.002419035,0.002421096,0.002279691,0.002148389,0.002250886,0.002532425,0.002807161,0.002985705,0.002993999,0.002757506,0.002271638,0.001606072,0.000936637,0.000447359,0.000170555,4.43E-05,6.51E-06,2.57E-06,5.10E-06,2.58E-05,6.23E-05,9.18E-05,9.19E-05,5.39E-05,9.66E-06,0,0,1.12E-05,1.92E-05,3.10E-05,5.21E-05,8.30E-05,0.000120433,0.000158123,0.000195228,0.000234632,0.000276244,0.000322211,0.000374577,0.000433452,0.00050388,0.000594349,0.000716166,0.000881739,0.001098993,0.001381221,0.001738768,0.002146829,0.002533801,0.002793173,0.002825073,0.002610285,0.002233098,0.001818355,0.001452846,0.001159065,0.000928261,0.000752684,0.000624874,0.000536401,0.000476738,0.000432605,0.000396217,0.000363981,0.000333889,0.000309045,0.000290724,0.000279423,0.000280357,0.000296426,0.000327575,0.000374722,0.000439603,0.000526737,0.000630896,0.000724427,0.000770432,0.000749128,0.000677275,0.000593521,0.000516073,0.000436698,0.00034812,0.000256904,0.000179113,0.000126496,9.64E-05,8.01E-05,6.93E-05,5.80E-05,4.63E-05,3.55E-05,2.66E-05,2.28E-05,2.32E-05,2.59E-05,3.04E-05,3.43E-05,3.75E-05,3.93E-05,3.74E-05,3.53E-05,3.31E-05,2.35E-05,0
3140,control,0,0.000101123,0.000217597,0.000348448,0.00049031,0.000645285,0.000819157,0.001013979,0.00122714,0.001452416,0.001684708,0.001922539,0.002162952,0.002392929,0.002585194,0.002710629,0.002763711,0.002767559,0.002759343,0.002773359,0.002819312,0.002864831,0.002845536,0.002718613,0.002516408,0.002312937,0.002143704,0.001999021,0.001868415,0.001752959,0.00165047,0.001550929,0.001453367,0.001371225,0.001312077,0.001274135,0.001258807,0.001267299,0.001295608,0.00133782,0.001393252,0.001472424,0.001583002,0.001714148,0.001842062,0.001939808,0.001997088,0.002039141,0.002106819,0.002227444,0.002408141,0.002638379,0.002903751,0.003192817,0.003487011,0.003764975,0.004007424,0.004197343,0.004333701,0.00442784,0.004483603,0.004496576,0.004455984,0.004355756,0.004210158,0.004039646,0.003861371,0.003692418,0.003539459,0.003405128,0.003293918,0.00320128,0.003121637,0.00305254,0.002988598,0.002931595,0.00288438,0.002840944,0.002796626,0.002746354,0.002687349,0.002627206,0.002569837,0.002518048,0.002481018,0.002459427,0.00245098,0.0024602,0.002490174,0.002541439,0.002608421,0.002684407,0.002773352,0.002879502,0.003004112,0.003143865,0.003281082,0.003405609,0.003513605,0.003584191,0.003625599,0.003681743,0.003747249,0.003784413,0.003797088,0.003803519,0.00380131,0.003771999,0.0037116,0.003672221,0.003706885,0.003809429,0.003962944,0.004159512,0.004374564,0.004572527,0.004730357,0.004849766,0.004924407,0.004927444,0.004876395,0.004798503,0.004662736,0.004501348,0.004463964,0.004642412,0.005011465,0.005517374,0.006096673,0.006645222,0.007102648,0.007610449,0.00835488,0.009246761,0.010077202,0.010767721,0.011311855,0.011739683,0.012066101,0.012209248,0.012065194,0.011641899,0.011038022,0.010290801,0.009394146,0.008515879,0.007932855,0.007669894,0.007595268,0.007667994,0.00790623,0.008328012,0.008933179,0.009673045,0.010464511,0.011228585,0.011921447,0.012549436,0.013127761,0.013615072,0.013904856,0.013965435,0.013946377,0.013988657,0.014086249,0.014213376,0.014385422,0.01459364,0.014780208,0.014803512,0.014474731,0.013752161,0.01276031,0.011653802,0.010545717,0.009479094,0.00844579,0.007412493,0.006360819,0.005309505,0.004307517,0.003491641,0.00301397,0.002814462,0.002672152,0.002456023,0.002245479,0.002185517,0.002257271,0.002357978,0.002419174,0.002360902,0.002137662,0.001769171,0.001289676,0.000793342,0.000406316,0.000165889,4.31E-05,5.32E-06,2.01E-07,1.48E-08,3.38E-06,2.40E-05,5.09E-05,6.14E-05,4.07E-05,8.45E-06,0,0,4.72E-06,8.84E-06,1.69E-05,3.30E-05,5.72E-05,8.58E-05,0.000113297,0.000138587,0.00016329,0.000187662,0.00021412,0.000244821,0.000280808,0.000326115,0.00038715,0.000473166,0.000593089,0.000751691,0.000959348,0.00122668,0.001540196,0.001850014,0.002075054,0.002133893,0.002001832,0.001734865,0.0014286,0.001154962,0.000936192,0.00076763,0.000641798,0.000550626,0.000486431,0.000440787,0.000404244,0.000371398,0.000339834,0.000309461,0.000283668,0.000264036,0.000252202,0.000252201,0.000265283,0.000290786,0.000328791,0.000380695,0.000450337,0.00053379,0.000610212,0.000650114,0.000635748,0.000579634,0.000513617,0.000454057,0.000394965,0.000328514,0.000258226,0.000196748,0.000153302,0.000126055,0.000108226,9.28E-05,7.57E-05,5.77E-05,4.11E-05,2.84E-05,2.22E-05,2.16E-05,2.55E-05,3.22E-05,3.79E-05,4.16E-05,4.29E-05,4.03E-05,3.59E-05,2.97E-05,1.88E-05,0
3297,control,0,0.000130201,0.00027203,0.00042168,0.00057594,0.000738067,0.000912626,0.001097881,0.001290228,0.001487056,0.00168634,0.001885568,0.002078237,0.002249289,0.002376227,0.002441825,0.002451571,0.002431411,0.002411777,0.002414713,0.002437884,0.002443178,0.002376564,0.002219925,0.002020928,0.001846159,0.001717006,0.001618398,0.001539758,0.001479363,0.001431289,0.001386286,0.001344594,0.001317367,0.001310336,0.001321088,0.001350271,0.001399203,0.001464974,0.00154522,0.001642573,0.001764542,0.001912324,0.002070173,0.002214526,0.002327928,0.002410613,0.002488414,0.002594859,0.002747668,0.002947605,0.003182847,0.003437054,0.003696914,0.003945166,0.004161664,0.004330535,0.004441356,0.004497554,0.004512882,0.00449233,0.004433397,0.004333265,0.004194272,0.004033262,0.00387043,0.003719407,0.003591954,0.003490402,0.003410915,0.003352773,0.003309365,0.003272637,0.003241147,0.003212837,0.003189365,0.003173851,0.003161249,0.003147654,0.003132196,0.003115115,0.003103494,0.003100551,0.00310554,0.003124337,0.003158204,0.003204173,0.003264994,0.003342227,0.003437276,0.003551696,0.003681208,0.003822003,0.003969942,0.004118095,0.004260303,0.004385033,0.004483515,0.004555803,0.004597593,0.004622982,0.004667081,0.00472497,0.004766651,0.004798768,0.004839475,0.00488577,0.004919479,0.004929935,0.004952336,0.005034815,0.005180294,0.005368568,0.00557493,0.005770555,0.005940961,0.006083688,0.006201255,0.006286964,0.006319938,0.006313637,0.006298422,0.006273861,0.006282882,0.006427201,0.006748462,0.007211521,0.007761513,0.008332867,0.008847671,0.009269904,0.009693956,0.010239107,0.010840171,0.011353683,0.011724151,0.011944635,0.012036377,0.012010533,0.011805905,0.011359485,0.010729968,0.010052471,0.009380863,0.008708411,0.008138388,0.007847089,0.007839121,0.008014963,0.008334885,0.008785443,0.009352031,0.010016854,0.010719233,0.011373933,0.011922658,0.012347428,0.012667028,0.012898006,0.013001699,0.012901796,0.012609797,0.012278902,0.01203445,0.011866848,0.011741662,0.011667197,0.011629245,0.011554371,0.011309942,0.010775918,0.009979577,0.009041298,0.008061576,0.007102611,0.006185962,0.005307264,0.00444724,0.003600453,0.002798853,0.002094741,0.001581621,0.001340006,0.001295166,0.001272132,0.001174431,0.001067495,0.001072421,0.001192884,0.001357043,0.00149659,0.001527887,0.001405168,0.001147967,0.000795949,0.000435874,0.000178109,5.31E-05,9.00E-06,4.06E-06,1.52E-05,1.91E-05,2.42E-05,4.22E-05,6.52E-05,7.46E-05,5.50E-05,2.01E-05,0,0,1.19E-05,2.33E-05,3.81E-05,5.96E-05,8.69E-05,0.000118285,0.000150694,0.000182764,0.000216478,0.000251435,0.000288061,0.000328307,0.000372329,0.000423635,0.000488663,0.000574005,0.000687692,0.00083564,0.001025509,0.001263023,0.001529654,0.001774695,0.0019272,0.001923655,0.001756836,0.001488892,0.001204291,0.000959659,0.000768706,0.00062308,0.000515864,0.000440406,0.000389094,0.000355937,0.000333237,0.000315324,0.000300079,0.000285587,0.000272942,0.000263257,0.000256584,0.000256507,0.000265557,0.000284019,0.000313853,0.000356716,0.000414854,0.000484821,0.000546893,0.000574822,0.00055619,0.000503477,0.000443276,0.000387024,0.000327316,0.000260378,0.000192918,0.000136246,9.89E-05,7.88E-05,6.87E-05,6.27E-05,5.64E-05,4.93E-05,4.29E-05,3.69E-05,3.21E-05,2.83E-05,2.48E-05,2.22E-05,1.95E-05,1.67E-05,1.48E-05,1.30E-05,1.24E-05,1.34E-05,1.06E-05,0
3025,control,0,0.000125133,0.000266819,0.000423106,0.000589487,0.000767062,0.00096075,0.001171102,0.001393989,0.001622837,0.001852939,0.002081686,0.002303348,0.002504039,0.00266028,0.0027507,0.002777975,0.002769315,0.002759145,0.002773758,0.002813307,0.002839372,0.00279209,0.002643131,0.002435518,0.002240952,0.002087753,0.001964283,0.001861126,0.001777323,0.00170733,0.001640616,0.001576749,0.001528567,0.001502905,0.001497737,0.001514371,0.001553505,0.001610942,0.00168243,0.001768559,0.001877987,0.002015008,0.002166144,0.002308464,0.002420964,0.002499317,0.002569581,0.002668516,0.002817467,0.003019386,0.003261593,0.003527264,0.003803153,0.004070669,0.004309994,0.004505389,0.004643834,0.004727614,0.004770909,0.004778658,0.004747553,0.004670479,0.004545084,0.004387596,0.00421855,0.004052714,0.003904518,0.003777878,0.003671738,0.003589006,0.003524517,0.00347106,0.003426573,0.003387273,0.003355251,0.00333296,0.00331309,0.003290958,0.003263776,0.003229749,0.003196336,0.003167337,0.003144539,0.003136808,0.00314434,0.003163383,0.003199006,0.003255301,0.003332904,0.003427108,0.003529838,0.003641316,0.003763189,0.003894547,0.004031782,0.004159717,0.004270531,0.004364307,0.004424954,0.004461786,0.004517057,0.004582222,0.004618493,0.004634906,0.004653193,0.004667256,0.004655151,0.004613838,0.004598162,0.00465982,0.004784065,0.004945657,0.005135169,0.005333156,0.005512838,0.005655761,0.0057645,0.005835371,0.005839457,0.005793167,0.005742118,0.005675743,0.005613381,0.005666106,0.005903367,0.006299796,0.006800756,0.007339017,0.007814086,0.008170828,0.008549541,0.009135879,0.009847126,0.010481204,0.010960805,0.011280934,0.01148168,0.011594526,0.01155377,0.011275383,0.010791009,0.010207134,0.00955106,0.008805412,0.00811595,0.007719344,0.007615884,0.007675105,0.007853095,0.00814883,0.008565895,0.009104885,0.009720673,0.010339174,0.010900792,0.01137812,0.011784963,0.012144156,0.012424742,0.01253163,0.012444737,0.012314518,0.012266943,0.012275331,0.012300405,0.012356683,0.012437145,0.012484547,0.012370808,0.011940859,0.011187563,0.010244107,0.009243598,0.008267164,0.007337714,0.006443734,0.005558562,0.004659411,0.003752311,0.002894064,0.002231346,0.001897505,0.001808213,0.001740295,0.001576427,0.001413074,0.001402161,0.00152142,0.001666557,0.001765812,0.001735213,0.001543246,0.001234368,0.000849978,0.000468013,0.000193231,5.09E-05,4.24E-06,5.40E-07,5.44E-06,8.95E-06,1.63E-05,3.96E-05,6.96E-05,8.26E-05,5.92E-05,1.82E-05,0,0,7.98E-06,1.31E-05,2.06E-05,3.55E-05,5.80E-05,8.52E-05,0.000112668,0.000139224,0.000166598,0.000194683,0.000224618,0.000257853,0.000293985,0.000335471,0.000388066,0.000459839,0.000558955,0.000688951,0.000856218,0.001067816,0.001310553,0.001541756,0.001697329,0.001716998,0.001588258,0.001360557,0.001109046,0.000888068,0.00071303,0.00057848,0.000478843,0.000408322,0.000360489,0.000329011,0.000306214,0.000286867,0.000268466,0.000249975,0.000233665,0.000220693,0.000211822,0.000211051,0.000220436,0.000239452,0.000268857,0.000310088,0.000365449,0.000430987,0.000489085,0.000516733,0.000501822,0.000454817,0.000400267,0.000350116,0.000299373,0.000243527,0.000186022,0.0001361,0.000101854,8.24E-05,7.19E-05,6.45E-05,5.59E-05,4.64E-05,3.76E-05,3.07E-05,2.71E-05,2.59E-05,2.64E-05,2.83E-05,2.96E-05,2.99E-05,2.95E-05,2.77E-05,2.60E-05,2.43E-05,1.72E-05,0
3093,control,0,0.000119963,0.000255811,0.000405532,0.00056573,0.000738348,0.00092747,0.001131989,0.001347346,0.001567724,0.001789261,0.002010108,0.002224935,0.00241951,0.002570023,0.002655801,0.002680285,0.002669875,0.002657933,0.002670969,0.002709007,0.002732951,0.002683249,0.002532254,0.002322695,0.002125632,0.00196957,0.001843503,0.001738696,0.00165505,0.001586798,0.001521438,0.001457184,0.001407364,0.001379464,0.001371455,0.001384126,0.001417472,0.001467579,0.001531577,0.001611284,0.001715833,0.001849154,0.001997054,0.002136382,0.002246795,0.002325022,0.002396984,0.002497399,0.002645667,0.002845051,0.003084838,0.003349704,0.003626618,0.003896433,0.00413854,0.004336469,0.004476989,0.004562381,0.004606402,0.004613347,0.004579272,0.004497142,0.004365968,0.004203509,0.004030649,0.003861618,0.003710862,0.003583369,0.003478636,0.003398499,0.003336339,0.003284265,0.003240059,0.003200039,0.003166701,0.003142813,0.003121237,0.003097564,0.003069322,0.003035101,0.003002889,0.00297771,0.002962377,0.00296372,0.00297757,0.002997018,0.003028422,0.00308346,0.003168917,0.003276273,0.003390727,0.003509089,0.003632026,0.003763378,0.003903877,0.00403357,0.004142014,0.004231489,0.004280642,0.004296319,0.00433081,0.004383781,0.004421182,0.00445648,0.004504957,0.004543783,0.00453452,0.004476903,0.004456771,0.00454227,0.004691403,0.004854132,0.005037887,0.005251085,0.005458009,0.005610012,0.005696673,0.005732486,0.005730178,0.005715618,0.005693244,0.005634614,0.005593859,0.00570388,0.006001467,0.00643084,0.006950493,0.007514406,0.008013768,0.008371148,0.008743087,0.009367918,0.010155368,0.010838882,0.011334396,0.011679104,0.011907321,0.011999944,0.011867191,0.011472259,0.010928114,0.010334121,0.009633091,0.008790654,0.008049541,0.007713542,0.007713124,0.00784656,0.008086994,0.00847478,0.009011407,0.009668197,0.01038533,0.011089331,0.011720417,0.012248903,0.012686138,0.013047432,0.013290634,0.013324434,0.013153967,0.012948648,0.01282794,0.012757477,0.012719018,0.012740166,0.01277868,0.012753453,0.012580014,0.012148767,0.011411848,0.010441045,0.00936901,0.008315683,0.007326875,0.00637885,0.005441855,0.004517994,0.003597046,0.002691796,0.001979706,0.001669014,0.001661786,0.001648165,0.001474161,0.001289298,0.001301257,0.001456593,0.001598562,0.001669867,0.001638914,0.001481762,0.001203217,0.00082551,0.000446585,0.000185853,5.79E-05,8.59E-06,4.13E-07,3.01E-06,9.75E-06,3.68E-05,7.01E-05,8.99E-05,8.27E-05,4.69E-05,8.68E-06,0,0,9.74E-06,1.50E-05,2.19E-05,3.66E-05,5.98E-05,8.81E-05,0.00011618,0.000142982,0.000171805,0.000203341,0.000238221,0.000276991,0.000318481,0.000365045,0.000422816,0.000500433,0.000606776,0.000745713,0.000923882,0.001148378,0.001403957,0.001643999,0.001800089,0.001808914,0.00165966,0.001408298,0.001136247,0.000900572,0.000715708,0.000573652,0.00046778,0.000392651,0.000342195,0.000310048,0.000287871,0.000270075,0.000254109,0.000238502,0.000225458,0.000215941,0.00020976,0.000210583,0.000220768,0.00024002,0.000269496,0.000311254,0.000368445,0.000437268,0.000498557,0.000527696,0.000512451,0.000464244,0.000408536,0.000356873,0.000303091,0.000242685,0.000180072,0.000125595,8.84E-05,6.81E-05,5.85E-05,5.35E-05,4.89E-05,4.44E-05,4.06E-05,3.72E-05,3.53E-05,3.49E-05,3.59E-05,3.80E-05,3.91E-05,3.91E-05,3.83E-05,3.59E-05,3.39E-05,3.24E-05,2.37E-05,0
2632,control,0,0.000145258,0.000303991,0.000471326,0.000641429,0.00081526,0.000996961,0.001185925,0.001379012,0.00157271,0.00176453,0.001951293,0.002124136,0.002266649,0.002360253,0.002396138,0.002386321,0.00235715,0.002334964,0.002335731,0.002349809,0.002334673,0.002241636,0.002065791,0.00186324,0.001697363,0.001582832,0.001502961,0.00144766,0.001413179,0.001391619,0.001373852,0.001360172,0.00136106,0.00138157,0.001419284,0.001474855,0.001548249,0.001636259,0.00173879,0.001859163,0.002002406,0.002166488,0.002333665,0.002481972,0.002598639,0.002688203,0.002778735,0.002902172,0.003070654,0.003279584,0.003514964,0.003760474,0.004002901,0.004225042,0.004409661,0.004545512,0.004624203,0.004650025,0.004637282,0.004589762,0.004505,0.004382143,0.004225722,0.004055886,0.003894631,0.003753972,0.003643861,0.003564866,0.003510673,0.003479018,0.003461899,0.003449624,0.003439995,0.003431497,0.003428075,0.003433935,0.00344219,0.003449098,0.003455917,0.003462906,0.003476369,0.003499424,0.003532072,0.003580346,0.00364114,0.003705621,0.003777418,0.003866553,0.003980512,0.004116194,0.004261335,0.004410048,0.004560541,0.004712391,0.004863799,0.004997185,0.005103121,0.005190467,0.005249228,0.005279976,0.005317763,0.005364526,0.005401099,0.005444306,0.005506517,0.005568445,0.005596936,0.005586961,0.005610544,0.005731407,0.005913574,0.006102883,0.006292399,0.006487396,0.00666859,0.006800576,0.006868222,0.006888945,0.006897282,0.00691693,0.006927209,0.00691409,0.006967257,0.007197509,0.007582672,0.008043342,0.008543696,0.009051336,0.009494571,0.009817274,0.01011343,0.010544092,0.011041512,0.011409183,0.011604916,0.011685147,0.011672579,0.011528738,0.011181447,0.010642145,0.010052896,0.009496547,0.00890497,0.008254039,0.0077516,0.007623486,0.007776845,0.008034748,0.008380491,0.008841324,0.009391639,0.009977629,0.010534796,0.011013028,0.011388503,0.011655287,0.011831298,0.011926141,0.011908445,0.011744527,0.011479025,0.011236049,0.011075774,0.010949257,0.010838701,0.010762749,0.010661345,0.010441934,0.010047372,0.00945024,0.008661338,0.00772591,0.006728748,0.005767828,0.004881443,0.004041805,0.003223795,0.002452422,0.001739017,0.001079661,0.000598217,0.000458299,0.000570463,0.000670306,0.000628817,0.000568243,0.000656014,0.000848182,0.001010238,0.001093649,0.001084592,0.000962889,0.00073102,0.000430583,0.000164112,2.87E-05,1.41E-06,0,1.59E-06,1.02E-05,3.86E-05,8.21E-05,0.000116303,0.000123503,0.000102428,6.15E-05,2.16E-05,0,0,2.01E-05,3.63E-05,5.45E-05,8.09E-05,0.000114935,0.000154878,0.000197026,0.000239984,0.000285634,0.000332367,0.000380417,0.000431126,0.000482326,0.000536849,0.000601398,0.000682471,0.000788476,0.000923368,0.00109045,0.001290593,0.001501,0.001673616,0.001750286,0.001686249,0.001491264,0.001230022,0.000973953,0.000764711,0.000607055,0.000490345,0.000409216,0.000357602,0.000328389,0.000316518,0.000313776,0.000314552,0.000316786,0.000317046,0.000315752,0.000313421,0.000309954,0.000311186,0.000320847,0.000338531,0.000366537,0.000406767,0.000460858,0.000523783,0.000574862,0.000591594,0.000566636,0.000512757,0.000453413,0.000396884,0.000336286,0.000271562,0.000210467,0.000162572,0.00013476,0.000123186,0.000120471,0.00012072,0.000118376,0.000113646,0.000108421,0.000101654,9.44E-05,8.64E-05,7.70E-05,6.85E-05,6.13E-05,5.56E-05,5.23E-05,4.85E-05,4.44E-05,3.94E-05,2.63E-05,0
3063,control,0,0.000128807,0.000269766,0.000420517,0.000577333,0.000742782,0.000921864,0.001113787,0.001314036,0.001517044,0.001718693,0.001915981,0.002102306,0.002263202,0.002377655,0.002430718,0.00243056,0.002404758,0.002383787,0.002387994,0.002411641,0.002414619,0.002344538,0.002187219,0.001993978,0.001830652,0.001713496,0.001624095,0.001551628,0.001494442,0.00144766,0.001404361,0.001367589,0.001350584,0.00135831,0.001386755,0.001435657,0.00150407,0.001587609,0.001684473,0.001796705,0.00193071,0.002087229,0.002250507,0.002397658,0.002509162,0.00258189,0.002644834,0.002739352,0.002887023,0.003085339,0.003316157,0.003561299,0.003809757,0.004045342,0.004249565,0.004408339,0.004510487,0.004560296,0.004573447,0.004554768,0.004501256,0.004407734,0.004274201,0.004119356,0.003964315,0.003820931,0.003699469,0.003599801,0.003517727,0.003455632,0.003408923,0.003370446,0.00333821,0.003308841,0.003286078,0.00327427,0.0032661,0.003257098,0.003246221,0.003233084,0.003225752,0.003226954,0.003235865,0.003259821,0.003298423,0.003347183,0.003410422,0.003491325,0.003591728,0.003709586,0.003836073,0.003969122,0.004109173,0.004253537,0.004398266,0.004528677,0.004636333,0.004723302,0.004776197,0.004804973,0.004853767,0.004915533,0.004952775,0.004979372,0.005020538,0.005067929,0.005092773,0.005084402,0.005098392,0.005194363,0.005357228,0.005549429,0.00575014,0.005943969,0.006119689,0.006266313,0.006382672,0.006461648,0.006477584,0.006451221,0.006426312,0.006392093,0.006374962,0.00648737,0.006786429,0.007231275,0.007756827,0.008293886,0.00875253,0.009086007,0.009422405,0.009933872,0.010545321,0.01106474,0.011414026,0.011589433,0.011639302,0.011602509,0.011414049,0.010995219,0.010406193,0.009784812,0.009160655,0.00850006,0.007929947,0.007669117,0.007704259,0.007894267,0.00818759,0.008579231,0.00906592,0.009634913,0.010230111,0.010782196,0.01124763,0.011611866,0.01189548,0.012120378,0.012252233,0.012207816,0.011989706,0.011756141,0.01162332,0.01154995,0.011488634,0.011455868,0.011440446,0.011370221,0.011115781,0.010556796,0.009725533,0.008756126,0.007762114,0.006811404,0.005923355,0.005086911,0.00427499,0.003467307,0.002675875,0.001954759,0.001434257,0.001231105,0.001257084,0.001291918,0.001220112,0.001139256,0.001209315,0.00141525,0.001642532,0.001805111,0.001812475,0.001622649,0.001276692,0.000836692,0.000412962,0.000130969,1.45E-05,0,1.04E-06,1.31E-05,2.34E-05,3.96E-05,6.92E-05,9.88E-05,0.000105918,7.39E-05,2.54E-05,0,0,1.57E-05,2.80E-05,4.32E-05,6.63E-05,9.68E-05,0.000133312,0.000172293,0.0002126,0.00025599,0.000300558,0.000346717,0.000396382,0.000448815,0.000507856,0.000580633,0.000675168,0.000801338,0.000964685,0.00117263,0.001430429,0.00171541,0.001971084,0.002121015,0.002099123,0.001903023,0.001603149,0.001290211,0.001023229,0.000814282,0.000653839,0.000536078,0.000454701,0.000401974,0.000370657,0.000350733,0.000335893,0.000323691,0.000311277,0.000299768,0.000289897,0.00028213,0.000282199,0.000293401,0.000315345,0.000349697,0.000398208,0.00046372,0.000541412,0.000608249,0.000636495,0.000614,0.000554434,0.000486567,0.00042268,0.000355685,0.000282562,0.000210203,0.000150635,0.000112886,9.37E-05,8.51E-05,8.04E-05,7.41E-05,6.63E-05,5.87E-05,5.12E-05,4.57E-05,4.13E-05,3.70E-05,3.38E-05,3.07E-05,2.82E-05,2.69E-05,2.48E-05,2.38E-05,2.36E-05,1.71E-05,0
2985,control,0,0.00011224,0.000234992,0.000368109,0.000508859,0.000661106,0.000832472,0.001024385,0.001232103,0.001448601,0.001668524,0.001888112,0.00210103,0.002293301,0.002440875,0.002521569,0.002538305,0.002519951,0.00250173,0.00250899,0.002542475,0.002566447,0.002522757,0.002383686,0.002191891,0.002015441,0.001877481,0.001764198,0.001666237,0.001582551,0.001508637,0.001437024,0.001370174,0.001321795,0.001298422,0.001297925,0.001321868,0.001371036,0.001440171,0.001522612,0.001616747,0.001730368,0.001867818,0.00201629,0.002154167,0.002261279,0.002333019,0.002396136,0.002489879,0.002637205,0.002839864,0.003082575,0.003346817,0.003619176,0.003881354,0.004113289,0.004299338,0.004427866,0.004502434,0.004537744,0.004540279,0.004508715,0.004435686,0.00431718,0.004168036,0.004007818,0.003850997,0.003710932,0.003589258,0.003484632,0.003401354,0.003334929,0.003279488,0.003234843,0.003197486,0.003168294,0.003148398,0.003130433,0.003110401,0.003085967,0.003056627,0.003030651,0.003008449,0.002987412,0.002978208,0.002988655,0.00302228,0.003081558,0.003153449,0.003227146,0.003309755,0.003409329,0.003531628,0.00367518,0.003823227,0.003961364,0.004086993,0.004198945,0.004289394,0.004351676,0.004411254,0.004506423,0.004609808,0.004656908,0.004647235,0.004626945,0.004625689,0.004648864,0.004679975,0.004706438,0.004752139,0.004865469,0.005066966,0.005297292,0.005476291,0.005611963,0.005763934,0.00596643,0.006159784,0.006192923,0.006072031,0.005983037,0.005965481,0.005928563,0.00592659,0.006126649,0.006575575,0.00716698,0.007763409,0.008264702,0.008667203,0.009113327,0.009706283,0.010371327,0.011015481,0.011530403,0.011784911,0.011858151,0.011938395,0.012001064,0.011803654,0.011210588,0.010446693,0.009780908,0.009199978,0.008603902,0.008104543,0.007878353,0.007929156,0.008140417,0.008406221,0.008745531,0.0092307,0.009829538,0.010434849,0.010969761,0.011412331,0.011790905,0.012152751,0.012473098,0.012603654,0.012473403,0.012269831,0.012194532,0.012232505,0.012270878,0.012300523,0.012413183,0.012585872,0.012533903,0.011961671,0.010987572,0.009941983,0.008976253,0.008069431,0.00718746,0.006356376,0.005552216,0.004672817,0.003759597,0.002995594,0.002471345,0.002138563,0.001923585,0.001778658,0.001650383,0.001522461,0.001459638,0.001538175,0.001767459,0.002008283,0.002018342,0.001755218,0.001376841,0.000960136,0.000537744,0.000208249,3.46E-05,0,2.77E-05,7.81E-05,6.01E-05,1.05E-05,1.27E-05,7.48E-05,0.000136023,0.000125544,5.49E-05,0,0,6.41E-06,1.30E-05,2.41E-05,4.25E-05,6.71E-05,9.70E-05,0.000129736,0.000163765,0.000198759,0.000231634,0.000262828,0.000295603,0.000331819,0.000375644,0.000433149,0.000511866,0.000619913,0.000761468,0.000943964,0.001174101,0.001435739,0.00168114,0.001840171,0.001849433,0.001699784,0.001447458,0.001173423,0.000934882,0.000747361,0.000605008,0.000501762,0.000430313,0.000382629,0.000351204,0.000327534,0.000306315,0.000285597,0.00026467,0.000245507,0.000229359,0.000218531,0.000218154,0.000229934,0.000252783,0.000286796,0.000332381,0.000391443,0.00045959,0.000518062,0.000543019,0.000522508,0.000468468,0.000407547,0.000352491,0.000298063,0.000239464,0.000180158,0.00012987,9.64E-05,7.73E-05,6.57E-05,5.58E-05,4.37E-05,3.01E-05,1.78E-05,9.57E-06,6.54E-06,5.83E-06,6.11E-06,7.37E-06,7.24E-06,5.40E-06,3.32E-06,1.17E-06,6.73E-07,1.53E-06,1.53E-06,0
3312,control,0,0.000128732,0.00027095,0.000424119,0.000584176,0.000752406,0.00093289,0.001125255,0.001325959,0.001530559,0.001736221,0.001940171,0.002134334,0.00230272,0.002424407,0.002485635,0.002495082,0.002479071,0.002466197,0.002476355,0.002504949,0.00251283,0.00244714,0.002290554,0.002088656,0.001905585,0.001764764,0.001657294,0.001576894,0.001521535,0.001482582,0.001447061,0.001411894,0.001387076,0.001378965,0.001387118,0.001414048,0.001461,0.001524621,0.001602378,0.001695988,0.001812659,0.00195372,0.002103524,0.002241253,0.002355043,0.002450043,0.002551277,0.002683486,0.00285539,0.003067048,0.003311111,0.003573618,0.003839391,0.004088471,0.004301925,0.004467303,0.004575514,0.0046295,0.004641434,0.004614919,0.004548183,0.004439126,0.004290447,0.00412054,0.003950221,0.003793207,0.003663035,0.003564023,0.003493289,0.003448726,0.003420208,0.003398041,0.003381139,0.003367584,0.003359318,0.00335825,0.003357407,0.00335385,0.003348036,0.003339637,0.003335112,0.00333756,0.00334773,0.003372379,0.003409183,0.003451591,0.00350427,0.003574687,0.003667633,0.00378144,0.003908745,0.004046727,0.004191795,0.004339108,0.004484401,0.004612952,0.004717635,0.004803131,0.004858141,0.00489018,0.004938793,0.004999692,0.005041005,0.0050731,0.005113432,0.005151948,0.005165282,0.005150788,0.005165555,0.005260733,0.00541295,0.005587153,0.005774916,0.00596707,0.006142079,0.006276331,0.006365588,0.006413904,0.006416045,0.006394385,0.006380924,0.006377309,0.006426107,0.006614137,0.006958619,0.00741546,0.007943181,0.008489719,0.008967529,0.009323914,0.009679656,0.010205828,0.010826306,0.011344929,0.01169521,0.011891402,0.011967606,0.011931773,0.011717309,0.011277483,0.010694768,0.010082142,0.009438506,0.008741483,0.008150881,0.007889653,0.007922077,0.008102102,0.008393695,0.008802033,0.009316768,0.009916164,0.010543668,0.011128546,0.011622539,0.01200799,0.012302172,0.012523478,0.012639172,0.012577055,0.012348536,0.012104002,0.011950244,0.011852679,0.01177685,0.011737475,0.011708238,0.0116158,0.011355394,0.01082307,0.010025996,0.009067277,0.008056997,0.00707538,0.006148887,0.00526199,0.004389196,0.003525817,0.002684343,0.001902421,0.001313708,0.001055412,0.001040745,0.001032533,0.000905349,0.000754482,0.000732413,0.000822587,0.000927742,0.000988415,0.000951786,0.000814559,0.000618707,0.000384122,0.0001615,2.95E-05,0,0,6.53E-07,9.97E-06,2.37E-05,4.40E-05,7.14E-05,9.34E-05,9.42E-05,6.36E-05,2.13E-05,0,0,1.13E-05,1.89E-05,2.85E-05,4.52E-05,6.89E-05,9.74E-05,0.000127002,0.000156282,0.000187333,0.000219435,0.000252559,0.000287557,0.000323039,0.00036106,0.000406929,0.000466901,0.000547957,0.00065231,0.000782896,0.000943394,0.001119911,0.001276073,0.001363072,0.001339197,0.001204272,0.001004891,0.000800161,0.000629215,0.000499921,0.00040422,0.000336717,0.000292321,0.000265424,0.000251677,0.000244616,0.000239774,0.000235562,0.000230214,0.000224831,0.000219952,0.000215559,0.000215875,0.000223398,0.000237567,0.000259816,0.000291842,0.000335629,0.000387644,0.000431831,0.000449632,0.000433505,0.000392782,0.000346793,0.000303506,0.000257783,0.000207893,0.000158259,0.000116468,8.95E-05,7.61E-05,7.09E-05,6.88E-05,6.59E-05,6.22E-05,5.88E-05,5.51E-05,5.17E-05,4.84E-05,4.48E-05,4.18E-05,3.83E-05,3.45E-05,3.15E-05,2.84E-05,2.66E-05,2.55E-05,1.85E-05,0
2510,control,0,0.000105313,0.00022516,0.000357625,0.000499256,0.000651981,0.000821187,0.001008859,0.001213473,0.001430857,0.001657297,0.001891298,0.002129204,0.002357251,0.002548336,0.002674225,0.002729405,0.002735951,0.002729433,0.002742852,0.002786392,0.002829125,0.002808126,0.002681603,0.002480696,0.002277609,0.002108847,0.001966845,0.001841767,0.00173396,0.00164005,0.001549297,0.001459266,0.001381035,0.00132184,0.001281014,0.001260922,0.001264471,0.001288712,0.001327549,0.001380549,0.001458147,0.001567498,0.001697463,0.001824421,0.001924564,0.001991363,0.002048179,0.002129614,0.002258473,0.002442413,0.002674682,0.002942183,0.00323201,0.003525207,0.003800253,0.004038159,0.004223419,0.004354581,0.004441452,0.004487695,0.004489759,0.004439627,0.004333427,0.004184375,0.004012361,0.003835371,0.003670922,0.003526552,0.003404164,0.003305583,0.003224594,0.00315475,0.003094031,0.003038152,0.002987736,0.002944985,0.002905277,0.002864594,0.002818741,0.002765459,0.002711191,0.002659412,0.002612212,0.00257812,0.002559793,0.002556224,0.002570386,0.002602429,0.002651435,0.002716171,0.002795198,0.002892078,0.0030078,0.003138622,0.003278126,0.003412021,0.003530851,0.003630354,0.003698493,0.003745565,0.003804573,0.00386973,0.00390918,0.003921626,0.003921917,0.003915975,0.003897394,0.00386091,0.003835554,0.00386138,0.003950564,0.004102868,0.004302303,0.004509246,0.004691034,0.004838975,0.00495918,0.005041621,0.005055888,0.005013103,0.004939714,0.00481872,0.004688532,0.004679942,0.004871838,0.005247039,0.005757298,0.006339362,0.006905319,0.007410626,0.007961484,0.008685529,0.009505128,0.010268762,0.010919859,0.011441982,0.011848673,0.012148349,0.012270867,0.012118027,0.011680938,0.011055203,0.010311927,0.009466844,0.00864273,0.008060523,0.007769562,0.00768556,0.007772442,0.008031287,0.008469859,0.009088332,0.009838449,0.010631654,0.011385991,0.012059656,0.012659322,0.013197591,0.013635186,0.013878976,0.013902718,0.013839651,0.013827524,0.013879166,0.013971773,0.014111001,0.014292316,0.014462305,0.014472396,0.014136207,0.01342741,0.012471698,0.011407171,0.010329669,0.009276858,0.008247526,0.007214296,0.006164999,0.005138922,0.004192728,0.003423954,0.002937163,0.002687227,0.002509907,0.002297611,0.002089545,0.001984868,0.001987467,0.00204011,0.002084109,0.002035477,0.001849528,0.001544418,0.001145057,0.000720841,0.000377191,0.000156807,4.30E-05,5.41E-06,1.81E-06,1.02E-06,6.64E-07,1.15E-05,3.41E-05,4.80E-05,3.63E-05,1.07E-05,0,0,2.93E-06,7.09E-06,1.59E-05,3.17E-05,5.41E-05,7.98E-05,0.000103955,0.000125416,0.00014528,0.000164183,0.00018449,0.000208579,0.000237996,0.000276576,0.000330101,0.000406253,0.000512384,0.000653168,0.000838248,0.001077696,0.001360845,0.001643921,0.001854186,0.001917167,0.001807736,0.001574207,0.001302495,0.001058427,0.000863665,0.000714648,0.000603936,0.000523383,0.000465425,0.000422852,0.00038806,0.000356327,0.000325679,0.000296416,0.00027149,0.000252544,0.000241134,0.000240347,0.000251086,0.000273029,0.000306537,0.000352854,0.000415112,0.000490222,0.000560025,0.00059733,0.000585241,0.000534882,0.000475303,0.000421678,0.000368262,0.000307561,0.00024307,0.000186366,0.000145669,0.00011948,0.000101643,8.59E-05,6.87E-05,5.06E-05,3.39E-05,2.12E-05,1.44E-05,1.30E-05,1.58E-05,2.13E-05,2.61E-05,2.90E-05,2.98E-05,2.79E-05,2.45E-05,1.99E-05,1.23E-05,0
2759,control,0,0.00011134,0.000229944,0.000357431,0.000492954,0.000642845,0.000816592,0.001015324,0.001231824,0.001456522,0.001682585,0.001904778,0.00211502,0.002298902,0.002433372,0.002498455,0.002500225,0.002469642,0.002442484,0.002443734,0.002471689,0.002488189,0.002435879,0.00228866,0.002088256,0.001900181,0.001747556,0.00162102,0.001516001,0.001432443,0.001362978,0.001294931,0.001227514,0.001175043,0.001145295,0.0011381,0.001157509,0.001203761,0.001269771,0.001348092,0.00143646,0.001543087,0.001672213,0.001810115,0.001938443,0.002043923,0.002127703,0.0022161,0.002338015,0.002506553,0.002725231,0.002984104,0.003264596,0.003549578,0.003816766,0.004045755,0.004223787,0.00434137,0.004403228,0.00442343,0.004407651,0.004356814,0.004264957,0.004128469,0.003964717,0.003793655,0.003628346,0.003482929,0.003360224,0.003260482,0.00318684,0.003129271,0.003080963,0.003044919,0.003017732,0.002999336,0.002988712,0.002976082,0.002959308,0.002937816,0.002911302,0.002889327,0.002871719,0.00285568,0.002852284,0.002866344,0.002900581,0.002960028,0.003032142,0.003106843,0.003192397,0.003297479,0.003428607,0.00358041,0.003731139,0.003867527,0.003989733,0.0040995,0.004189112,0.004245003,0.004296228,0.004396507,0.004514492,0.004568758,0.004558921,0.004538606,0.004537809,0.004560491,0.004592315,0.004628363,0.004693787,0.004826734,0.005040354,0.005273953,0.005451526,0.005587668,0.005743306,0.00595588,0.006157932,0.006171362,0.006014719,0.005931378,0.005975765,0.006012532,0.006064774,0.006313055,0.006818538,0.007468736,0.008111917,0.008625183,0.008997356,0.009419858,0.010053353,0.010812182,0.01155776,0.012139354,0.012396722,0.012438851,0.012506613,0.012568476,0.012327029,0.011635367,0.010782379,0.010072782,0.009460353,0.008826681,0.008319102,0.008132258,0.008244925,0.008512776,0.008822476,0.009208572,0.009756894,0.010427655,0.011099151,0.011685329,0.012161879,0.0125635,0.01294828,0.013285074,0.013387371,0.013170245,0.01287411,0.012743903,0.012748615,0.012750029,0.012746482,0.012851676,0.013041275,0.012992757,0.012370377,0.011306661,0.010177761,0.009153687,0.008203261,0.007283144,0.006423202,0.005593824,0.004667174,0.003677356,0.00283374,0.002255843,0.001906146,0.001697743,0.001554473,0.00139657,0.001208302,0.001083769,0.001123413,0.001342495,0.0015811,0.001572126,0.001311014,0.001003153,0.000697607,0.000378095,0.000129235,1.32E-05,8.66E-08,5.19E-05,0.000111569,8.30E-05,2.00E-05,2.23E-05,9.58E-05,0.000163968,0.00014408,5.79E-05,0,0,5.67E-06,9.95E-06,1.78E-05,3.22E-05,5.25E-05,7.80E-05,0.000104717,0.000132209,0.000161117,0.00018723,0.000210879,0.000235249,0.000261557,0.000293829,0.000337234,0.000398797,0.000486012,0.000600174,0.000747095,0.000934607,0.001150668,0.001357245,0.001495864,0.00151076,0.001392297,0.001185481,0.000958281,0.000762275,0.000611561,0.000499462,0.00041967,0.000365362,0.00033059,0.000308784,0.000290853,0.000272471,0.000252803,0.000231813,0.000212849,0.000197015,0.000186121,0.000185589,0.000196556,0.000217165,0.000246717,0.000284913,0.00033486,0.000393379,0.000443501,0.00046547,0.000448983,0.000403188,0.000351397,0.000304929,0.00025998,0.000212276,0.000162208,0.000117479,8.67E-05,6.82E-05,5.63E-05,4.59E-05,3.43E-05,2.28E-05,1.32E-05,6.47E-06,4.79E-06,6.25E-06,8.90E-06,1.14E-05,1.10E-05,8.34E-06,4.86E-06,6.83E-07,2.71E-08,1.03E-06,1.33E-06,0
2159,control,0,9.64E-05,0.000205881,0.000330703,0.000469618,0.000625483,0.000802791,0.000999856,0.001209592,0.00142257,0.001632872,0.00183899,0.002037235,0.002215234,0.00234979,0.002420844,0.002434482,0.002419566,0.002409471,0.002428285,0.002473247,0.002506127,0.002470685,0.0023413,0.002160841,0.001995974,0.00186689,0.001758132,0.001661629,0.001579114,0.00150793,0.00143996,0.001378149,0.001338896,0.001328446,0.001342189,0.001379048,0.001436046,0.001507343,0.001589797,0.001683818,0.001797633,0.001935705,0.002084857,0.00222265,0.002324861,0.00238269,0.002425833,0.002500675,0.002633372,0.002823004,0.003050423,0.003298566,0.003558386,0.003812848,0.004042389,0.004231002,0.004364667,0.004447394,0.004495497,0.004514123,0.004499017,0.004438953,0.004328922,0.004187554,0.004035264,0.003883319,0.003743531,0.003617273,0.00350448,0.003412515,0.003338871,0.003278054,0.003227831,0.003182773,0.003146881,0.003123892,0.003104695,0.003084207,0.003059126,0.003028057,0.003000997,0.002981354,0.002969887,0.002974936,0.002993216,0.003019668,0.003062013,0.003127256,0.003217966,0.003325654,0.003436347,0.003550612,0.003672897,0.003805501,0.003946731,0.004077959,0.004191406,0.004285981,0.004333288,0.004348014,0.004398163,0.004471983,0.004510538,0.004532174,0.004573795,0.004618838,0.004623088,0.004579101,0.004569537,0.004665675,0.004830596,0.005012825,0.00520498,0.005407948,0.005605605,0.005773272,0.005911374,0.006006581,0.00600307,0.005930132,0.005881553,0.005839628,0.005777392,0.005815537,0.00606728,0.006507642,0.007054286,0.007618848,0.008070508,0.008340533,0.008642881,0.009259779,0.010088496,0.010836067,0.011361976,0.011642388,0.011766358,0.01182696,0.011746476,0.011390606,0.010805833,0.010166842,0.009500468,0.008734519,0.008030028,0.00769273,0.007709802,0.007883275,0.008134806,0.008465852,0.008902158,0.009460487,0.010092566,0.010720144,0.011284903,0.011760982,0.012168466,0.01254208,0.012842195,0.012927331,0.012764888,0.012569066,0.012503122,0.012504139,0.012503065,0.012529585,0.012595506,0.012637692,0.012498255,0.011988333,0.011114868,0.010066229,0.009005297,0.008007209,0.007087219,0.006233991,0.005411321,0.00455865,0.003647487,0.002758117,0.002102109,0.001849405,0.001878309,0.001893986,0.001748318,0.001593568,0.00166039,0.001914324,0.002190152,0.002373315,0.002343361,0.002069802,0.001633047,0.001097282,0.000575252,0.000214746,4.11E-05,2.66E-08,0,1.01E-05,1.31E-05,2.48E-05,6.43E-05,0.000113604,0.000133159,9.23E-05,2.58E-05,0,0,1.20E-05,1.65E-05,2.18E-05,3.52E-05,5.80E-05,8.86E-05,0.000122778,0.000159663,0.000202249,0.000248809,0.000298268,0.000350987,0.00040594,0.000466212,0.000538809,0.000634507,0.000765139,0.000935609,0.001154175,0.001429187,0.001739741,0.002026125,0.002203689,0.002197682,0.002000509,0.001683881,0.00134642,0.001054822,0.000823527,0.000642243,0.000505402,0.000408727,0.000345323,0.000306402,0.000280757,0.000261619,0.000245942,0.000231009,0.000218078,0.000207488,0.000199784,0.000200749,0.000213574,0.000237314,0.00027284,0.000322814,0.000391664,0.000474259,0.000546501,0.000579686,0.000560759,0.000503247,0.000436441,0.000373798,0.000308693,0.000236186,0.00016143,9.72E-05,5.48E-05,3.28E-05,2.37E-05,2.04E-05,1.77E-05,1.49E-05,1.30E-05,1.15E-05,1.19E-05,1.36E-05,1.59E-05,1.89E-05,2.02E-05,2.01E-05,1.98E-05,1.86E-05,1.98E-05,2.33E-05,1.96E-05,0
2250,control,0,0.000107919,0.000223817,0.000347029,0.00047626,0.000616472,0.000773965,0.000948027,0.00113434,0.001328151,0.00152545,0.001723346,0.001916817,0.002092307,0.002225609,0.002295281,0.00230494,0.002282718,0.002261969,0.002266097,0.002295061,0.002314278,0.002268828,0.002135793,0.00196116,0.001810942,0.001701572,0.001612524,0.001531194,0.001456808,0.001387574,0.00132071,0.001263006,0.001229296,0.001224403,0.001243191,0.001284254,0.00134716,0.001427427,0.001520565,0.001626755,0.001753153,0.001902752,0.002062141,0.002207479,0.002313821,0.002371911,0.002409946,0.002477102,0.002604288,0.002790519,0.003014144,0.003255778,0.003506318,0.003751429,0.003970851,0.004146567,0.004266011,0.004333603,0.004365688,0.004369323,0.004341791,0.004275156,0.004166232,0.004030005,0.003885549,0.003745793,0.003621162,0.00351045,0.003410381,0.003326347,0.003257537,0.003199212,0.003149672,0.003105115,0.003067771,0.00304119,0.003019573,0.002998086,0.00297393,0.002947567,0.002928044,0.002916025,0.0029072,0.002909879,0.002932298,0.002978921,0.003051234,0.003135481,0.003221677,0.003317684,0.003429712,0.003560704,0.003709457,0.003860841,0.004000648,0.004125198,0.004230435,0.004307377,0.004352987,0.004395936,0.004475456,0.00456759,0.004612976,0.004613916,0.004616129,0.004644709,0.00469649,0.004747093,0.004784038,0.004839988,0.004968173,0.005183351,0.005420485,0.005602217,0.00574281,0.005904281,0.006117461,0.006322668,0.00637942,0.006292503,0.006223541,0.006198403,0.006143163,0.006136342,0.006347264,0.006810084,0.007410011,0.008009809,0.008518391,0.008937265,0.009391209,0.009964438,0.010589448,0.011185149,0.01164902,0.011857791,0.011884021,0.011898767,0.011874508,0.011587807,0.010933547,0.010147721,0.009489623,0.008942945,0.008407525,0.007982339,0.007829559,0.007949457,0.008230364,0.008571385,0.008985225,0.009531103,0.010168422,0.010788409,0.011317661,0.011738931,0.012081835,0.012388422,0.012627149,0.012658002,0.012428363,0.012128953,0.011957706,0.011905002,0.01186558,0.011832149,0.011886797,0.011994691,0.011880132,0.011275146,0.010305764,0.009283452,0.008343167,0.007461647,0.006609296,0.005813958,0.005054556,0.004239005,0.003412538,0.002746892,0.002316449,0.002062851,0.001912443,0.0018227,0.001747977,0.001681308,0.001695038,0.001860615,0.002169372,0.002476716,0.002541408,0.002286176,0.001833175,0.001281886,0.000721184,0.00028852,5.50E-05,0,1.33E-05,5.81E-05,4.48E-05,5.34E-06,1.27E-05,7.29E-05,0.000130403,0.000119923,5.30E-05,0,0,9.51E-06,2.00E-05,3.60E-05,5.95E-05,8.90E-05,0.000124664,0.000164567,0.000207028,0.000252054,0.000296763,0.000341113,0.000388528,0.00044144,0.000505383,0.000588012,0.000697592,0.000844219,0.001035973,0.001283994,0.001595457,0.001946005,0.002269411,0.002472085,0.002471807,0.002259999,0.001916116,0.001548439,0.001228997,0.000975303,0.000778841,0.000632592,0.000528903,0.000458014,0.000410728,0.000376666,0.000348944,0.00032497,0.000302796,0.000283262,0.000267438,0.000257111,0.00025748,0.000271169,0.000298019,0.000339164,0.000395686,0.000470035,0.000557336,0.000633555,0.000666929,0.000642201,0.000575167,0.000499045,0.000428884,0.000356678,0.0002769,0.000196823,0.000130397,8.71E-05,6.34E-05,5.07E-05,4.20E-05,3.24E-05,2.13E-05,1.15E-05,4.88E-06,2.67E-06,2.31E-06,2.14E-06,2.72E-06,2.46E-06,1.12E-06,4.00E-07,0,0,9.43E-07,1.32E-06,0
2544,control,0,8.60E-05,0.000171917,0.000261881,0.000358006,0.000470728,0.000613283,0.000788803,0.000990588,0.001208625,0.001434042,0.001660295,0.001881572,0.00208579,0.002245674,0.00233081,0.002339854,0.002306075,0.002271711,0.002266667,0.002297095,0.002332865,0.00231308,0.002200702,0.002034141,0.001880619,0.00175775,0.001645769,0.001533714,0.001422023,0.001310485,0.00119846,0.001096688,0.001024582,0.000988288,0.000983291,0.001010398,0.001069065,0.001150708,0.001243453,0.00134136,0.001452588,0.00158444,0.001727326,0.001861061,0.001958452,0.002003816,0.002024938,0.002076262,0.002196031,0.002388063,0.002627184,0.00288853,0.003161083,0.003428492,0.003669028,0.003864027,0.004000354,0.004083864,0.004132464,0.004156183,0.004156072,0.00411947,0.004034617,0.003912923,0.003771434,0.003623773,0.003482187,0.003343723,0.0032087,0.003088868,0.002984398,0.002894424,0.002821855,0.002761228,0.002711795,0.00267287,0.002635863,0.002597101,0.002552329,0.00250212,0.002458635,0.002417203,0.002367768,0.002324911,0.002310488,0.00234451,0.002426855,0.002510564,0.002561321,0.002604765,0.00267573,0.002791959,0.002949616,0.003106613,0.003232173,0.003346425,0.003459156,0.003543097,0.00359998,0.003688726,0.00385317,0.004028297,0.004090654,0.004022373,0.003919341,0.003875482,0.003940656,0.004071988,0.004141495,0.004129958,0.004201989,0.0044631,0.004764367,0.004913407,0.004978077,0.005158903,0.005552501,0.005990195,0.006074797,0.005796438,0.005618278,0.005649785,0.0055616,0.005330006,0.005361831,0.005856141,0.006597966,0.007305303,0.007855449,0.00832783,0.008908006,0.009595806,0.010322083,0.011157711,0.011907019,0.012185407,0.012159058,0.012333932,0.012751605,0.012831123,0.012096837,0.011010884,0.010306492,0.009961027,0.009421477,0.008614254,0.008067232,0.008020095,0.008210958,0.00834828,0.008501939,0.008893915,0.009517938,0.010196025,0.010802648,0.011313148,0.011780316,0.012301405,0.012857393,0.013164505,0.013027567,0.012728313,0.01264484,0.012788379,0.012905895,0.012953237,0.013222544,0.013763656,0.013982301,0.013274541,0.011963297,0.010759983,0.009872053,0.009097092,0.008297232,0.007572022,0.006899103,0.00601112,0.005003757,0.004306561,0.00393264,0.003520134,0.00301644,0.002682443,0.002570149,0.002468501,0.002310147,0.002351352,0.002787705,0.003337112,0.003439591,0.00300846,0.002404627,0.001778095,0.001107944,0.000519879,0.000161646,6.83E-05,0.000177552,0.000297635,0.000218083,4.50E-05,6.84E-06,0.000123881,0.000269158,0.000269135,0.000128449,0,0,2.70E-06,8.71E-06,2.35E-05,4.57E-05,7.21E-05,0.00010455,0.000141913,0.000182672,0.000223287,0.000256283,0.00028274,0.000309951,0.000344912,0.000396078,0.000470651,0.000576879,0.000724059,0.00091887,0.001175453,0.001505011,0.001887274,0.002258319,0.002517776,0.002570979,0.00239769,0.002069529,0.001698671,0.001368071,0.001103137,0.000899446,0.000749137,0.000641636,0.000566416,0.00051174,0.000465106,0.000420363,0.000376097,0.000333423,0.000295981,0.000265614,0.000247248,0.000247369,0.000266394,0.000302551,0.000353833,0.000417918,0.000497287,0.000587418,0.000665731,0.000701484,0.000676702,0.00060632,0.0005269,0.000457324,0.000392238,0.000323043,0.000251285,0.000189483,0.000147143,0.000119964,9.96E-05,7.96E-05,5.68E-05,3.31E-05,1.25E-05,1.29E-06,8.09E-08,2.21E-06,6.75E-06,1.14E-05,1.19E-05,8.78E-06,4.08E-06,1.43E-07,0,0,0,0
2584,control,0,9.25E-05,0.000184509,0.000280441,0.000382185,0.000500508,0.000650975,0.000838842,0.001057067,0.001293797,0.001538745,0.001783485,0.002019422,0.002233043,0.002397426,0.00248289,0.002489079,0.002450625,0.002411225,0.002402121,0.002429589,0.00246184,0.002435599,0.002311195,0.002124806,0.001944246,0.001792191,0.001655955,0.00152872,0.001410363,0.001296816,0.001181673,0.001071356,0.000984913,0.000930465,0.000906693,0.000917717,0.000963677,0.001034936,0.001117689,0.001204407,0.001303749,0.001423637,0.001554442,0.001679375,0.001778337,0.00184165,0.00189502,0.00198032,0.00212566,0.002337917,0.002599077,0.002884866,0.003179404,0.003461645,0.003709648,0.003907621,0.004044175,0.004124989,0.004166289,0.004177349,0.004161443,0.004107472,0.004003804,0.003862867,0.00370229,0.003536754,0.003381467,0.003236217,0.003103042,0.002991474,0.002895823,0.002813599,0.002750134,0.002700499,0.002662612,0.002632853,0.002600528,0.002563754,0.002519819,0.002469072,0.002423726,0.002378356,0.002323452,0.002275175,0.002254519,0.002281378,0.002356844,0.002432749,0.002473815,0.00250769,0.00257296,0.002689827,0.002851318,0.00300994,0.00313427,0.00324794,0.00336482,0.003458225,0.003526122,0.003627307,0.003809137,0.004001535,0.00406973,0.003992169,0.003869191,0.003802267,0.003850628,0.003976414,0.004046571,0.004033179,0.004101337,0.004363026,0.004666855,0.004813151,0.004871027,0.005047337,0.005445056,0.005887693,0.005951588,0.005633249,0.005445905,0.005518603,0.005484587,0.0052842,0.005333465,0.005852352,0.006626711,0.007363914,0.007927593,0.0083957,0.008980179,0.009702371,0.010486057,0.011391721,0.012203478,0.012509823,0.012494651,0.01270674,0.01319007,0.013316229,0.012569628,0.011440745,0.010706845,0.010336287,0.009745157,0.008869664,0.00827289,0.008201887,0.008374931,0.008485576,0.008614647,0.009001863,0.00964233,0.010348713,0.010986793,0.01152824,0.012028957,0.012595568,0.013211981,0.013572202,0.013461332,0.013181781,0.013136734,0.013330014,0.013487572,0.013563695,0.013873019,0.014473904,0.014736227,0.014012039,0.012637545,0.011368998,0.01043173,0.009613205,0.008765228,0.007991053,0.007263962,0.006296191,0.005186408,0.004391052,0.003933999,0.003447372,0.002879259,0.002495279,0.002335597,0.00216568,0.001912774,0.001860045,0.002233499,0.00274188,0.002803641,0.002373882,0.00186602,0.001401706,0.000891075,0.000421592,0.000138103,8.28E-05,0.000216057,0.000344121,0.000251171,5.70E-05,8.95E-06,0.000134621,0.000288928,0.0002864,0.000134876,0,0,5.92E-07,3.16E-06,1.43E-05,3.29E-05,5.60E-05,8.45E-05,0.000115954,0.000148944,0.000179747,0.000200147,0.000212024,0.000223008,0.000239772,0.000270244,0.000320275,0.00039693,0.000507276,0.000653755,0.000846766,0.001096541,0.001389655,0.00168007,0.001890561,0.00194532,0.001825818,0.001582958,0.001302527,0.001052712,0.00085604,0.000709528,0.000605328,0.000532556,0.000482782,0.00044601,0.000410776,0.000372613,0.000331295,0.000289471,0.0002525,0.000222311,0.000204041,0.000204291,0.000222444,0.000255742,0.00030091,0.000354248,0.000417878,0.000488063,0.000547255,0.000572952,0.000550834,0.000492198,0.000427361,0.000372475,0.000324818,0.000276945,0.000226326,0.000180978,0.000148745,0.000126144,0.000106855,8.56E-05,6.08E-05,3.57E-05,1.40E-05,2.30E-06,8.71E-07,4.63E-06,1.11E-05,1.71E-05,1.77E-05,1.38E-05,7.32E-06,6.77E-07,0,0,0,0
3500,control,0,0.000114131,0.00024115,0.000379682,0.000527178,0.00068598,0.000860871,0.001052592,0.001258226,0.001472716,0.00169228,0.001914543,0.002133319,0.002333554,0.002491331,0.002586098,0.002619623,0.002615247,0.002604735,0.002615752,0.002651794,0.002678048,0.002636898,0.00249659,0.002291303,0.0020877,0.001918713,0.001780673,0.001668696,0.001583055,0.001516379,0.001453019,0.001387124,0.001328657,0.001284785,0.001256246,0.001247186,0.001259767,0.001290415,0.001334932,0.001394113,0.001477691,0.001590527,0.001719105,0.001842762,0.001946794,0.002033176,0.002124961,0.002244518,0.002401451,0.002601899,0.002844117,0.003116352,0.003403137,0.003682759,0.003934666,0.004144285,0.004299447,0.004400075,0.004455212,0.004466767,0.004432751,0.004348913,0.004215044,0.004048381,0.003869612,0.003694354,0.003539614,0.003413534,0.003317371,0.003249583,0.00319808,0.003154065,0.00311725,0.003084098,0.003055639,0.003033361,0.003010672,0.002985336,0.002956178,0.002921407,0.002887772,0.002859082,0.002837889,0.002831215,0.002835262,0.002844176,0.002863842,0.002902792,0.002966869,0.003052649,0.003152619,0.00326698,0.003393069,0.00352787,0.003669578,0.003801171,0.003913217,0.004007655,0.004066366,0.004095127,0.004138807,0.004197011,0.004238041,0.004267273,0.004295571,0.004312571,0.004297312,0.004250124,0.004234017,0.004301843,0.004427914,0.004581168,0.004763172,0.00496761,0.005159391,0.005299677,0.005381073,0.005412402,0.005400072,0.005371535,0.005338687,0.005282221,0.005256302,0.005375964,0.005668349,0.006089627,0.006610058,0.007188381,0.007727709,0.008161034,0.008620568,0.009301595,0.010119973,0.010852077,0.011425733,0.011860143,0.012178586,0.012365002,0.012331887,0.012020904,0.011506088,0.010889249,0.010158515,0.009295624,0.008504122,0.008065058,0.007951291,0.007999313,0.00818228,0.008535975,0.009065985,0.009745023,0.01051054,0.011283012,0.011992963,0.012603567,0.01312382,0.013564245,0.013880423,0.013986004,0.013880519,0.013719133,0.013626776,0.013588673,0.013589971,0.013651612,0.013739486,0.013779621,0.013670613,0.013283342,0.012569886,0.011601992,0.0105081,0.009407641,0.008350666,0.007322029,0.006289997,0.005259467,0.004250688,0.003284633,0.002497862,0.002071179,0.001940679,0.001847094,0.001637533,0.001398651,0.001288489,0.001291684,0.00130918,0.001294265,0.001216769,0.001075628,0.000883955,0.000631547,0.00036363,0.000167734,6.27E-05,1.47E-05,5.91E-07,8.54E-07,2.14E-06,1.97E-05,4.59E-05,6.35E-05,5.96E-05,3.19E-05,3.43E-06,0,0,5.22E-06,8.50E-06,1.47E-05,2.77E-05,4.71E-05,6.98E-05,9.03E-05,0.000107807,0.000125059,0.000142444,0.000161702,0.000184074,0.000209003,0.000239368,0.0002801,0.000337863,0.000419381,0.000526595,0.000665715,0.000845741,0.001058522,0.001270731,0.001427126,0.001469629,0.001379647,0.0011956,0.000984395,0.000798518,0.00065394,0.000545046,0.000465137,0.000407922,0.000368437,0.000341526,0.000319787,0.000299397,0.000279318,0.000259384,0.00024266,0.000230092,0.000221762,0.000221013,0.000229079,0.000245348,0.0002704,0.000305605,0.00035491,0.000416291,0.000473569,0.000504898,0.000497133,0.000458261,0.00041131,0.000367984,0.000323663,0.000273271,0.00021897,0.00016994,0.000134611,0.000112448,9.86E-05,8.80E-05,7.73E-05,6.70E-05,5.77E-05,4.93E-05,4.40E-05,4.23E-05,4.32E-05,4.56E-05,4.66E-05,4.63E-05,4.46E-05,4.03E-05,3.59E-05,3.13E-05,2.09E-05,0
2532,control,0,0.000109967,0.000233855,0.000369545,0.000513478,0.000667247,0.00083499,0.00101682,0.00121044,0.001412115,0.001618754,0.001829176,0.00203964,0.002236514,0.002394854,0.002491472,0.002526201,0.002523019,0.002514601,0.002527748,0.002566181,0.002596356,0.002560528,0.002429051,0.002242335,0.002069645,0.001936763,0.001828506,0.001732648,0.001648699,0.001574461,0.001503874,0.001439152,0.001392548,0.001369554,0.001366619,0.001383254,0.001420411,0.001475223,0.001544021,0.001627811,0.00173499,0.001869893,0.002019776,0.002159781,0.002264379,0.002325372,0.002369253,0.002439849,0.002564766,0.002745581,0.002966982,0.003213661,0.003475986,0.003738476,0.003980941,0.004184892,0.004335829,0.004434803,0.004494957,0.004521133,0.00450891,0.0044504,0.0043431,0.00420165,0.004046019,0.003891481,0.00375137,0.003628738,0.003522049,0.003434548,0.003363897,0.003304068,0.003251606,0.003202488,0.003159245,0.003126129,0.003098422,0.003070994,0.003040193,0.003004822,0.002971891,0.002944634,0.00292337,0.00291559,0.002924019,0.002946879,0.002986733,0.003044218,0.003118912,0.003209114,0.003310074,0.003422379,0.003548299,0.003686016,0.003828996,0.00396201,0.004075055,0.004165662,0.00422418,0.004262196,0.004314287,0.004374251,0.004410905,0.004430354,0.004452526,0.004477231,0.004486754,0.004470454,0.004464337,0.004517388,0.004636149,0.00480677,0.00500852,0.005209474,0.005387781,0.005538232,0.005664333,0.00575561,0.005783625,0.005758585,0.005705146,0.005605882,0.005499778,0.005519885,0.005742062,0.006137437,0.006645012,0.007196728,0.007710057,0.008145383,0.00860621,0.009220132,0.009913834,0.010534395,0.011023556,0.011371876,0.011603559,0.011735301,0.011704191,0.011429968,0.010934043,0.010322386,0.009648528,0.008913872,0.008234868,0.007812568,0.007669097,0.007707259,0.007887127,0.008202093,0.008650783,0.009228801,0.009887909,0.01054996,0.011152263,0.01166727,0.012107132,0.012487132,0.012771574,0.012877938,0.012795405,0.012658682,0.012588971,0.012579637,0.01259938,0.012655651,0.0127405,0.01279377,0.012677679,0.012239883,0.011484962,0.010543315,0.009537579,0.008545281,0.00759426,0.006680524,0.005779367,0.004875845,0.003997209,0.003199889,0.002588102,0.002256286,0.002139296,0.002063849,0.001932985,0.001813545,0.001824223,0.001954553,0.002118537,0.002243983,0.002238351,0.002038418,0.001662034,0.001169066,0.000672506,0.000300147,9.04E-05,1.01E-05,0,5.02E-06,6.00E-06,1.11E-05,3.04E-05,5.66E-05,6.97E-05,5.28E-05,1.91E-05,0,0,9.24E-06,1.80E-05,3.07E-05,5.10E-05,7.83E-05,0.0001107,0.000144898,0.000179283,0.000214971,0.000251747,0.000290494,0.000333208,0.00038081,0.000437297,0.000509655,0.000606282,0.000736498,0.000907219,0.001128297,0.001407358,0.001725153,0.002024351,0.002221149,0.002238694,0.002063169,0.001762212,0.001434271,0.001146873,0.000917935,0.000740683,0.000608441,0.000514057,0.000448747,0.000404491,0.000372535,0.0003467,0.000324177,0.000303251,0.000285009,0.0002706,0.000261243,0.000261133,0.000272692,0.000295969,0.000332397,0.000384041,0.000453607,0.000536584,0.000610913,0.00064628,0.000627055,0.000567345,0.000498197,0.000434263,0.000368086,0.000293792,0.000218296,0.00015498,0.000112662,8.87E-05,7.55E-05,6.60E-05,5.53E-05,4.29E-05,3.13E-05,2.21E-05,1.66E-05,1.40E-05,1.34E-05,1.49E-05,1.65E-05,1.73E-05,1.80E-05,1.79E-05,1.75E-05,1.67E-05,1.20E-05,0
2934,control,0,0.000119116,0.00025377,0.000401246,0.000557157,0.000723129,0.000904387,0.001101996,0.00131329,0.001533446,0.001758512,0.001986373,0.002212232,0.002422121,0.002590875,0.002694165,0.002731004,0.00272636,0.002715166,0.00272644,0.002764509,0.002793876,0.002753375,0.002610462,0.002405395,0.0022108,0.002056894,0.001931306,0.001822736,0.001730325,0.001650084,0.001572892,0.001498791,0.001440296,0.001404262,0.001388566,0.001394148,0.001422468,0.001470075,0.001532277,0.00160955,0.001710955,0.001841454,0.001988294,0.002127462,0.002235356,0.002305495,0.002363351,0.002447992,0.002584116,0.002775904,0.003011038,0.003273535,0.003551048,0.003825837,0.004077331,0.004287715,0.004442678,0.00454319,0.004602271,0.004624774,0.00460691,0.004541053,0.004424418,0.004271808,0.004103589,0.003935921,0.003783816,0.00365181,0.0035393,0.003448931,0.003376298,0.00331474,0.003261716,0.003213372,0.00317149,0.003138942,0.003110012,0.003079911,0.003045089,0.003003869,0.002963326,0.002927089,0.002896613,0.002880379,0.002880534,0.00289492,0.002926892,0.002977873,0.003047433,0.003132908,0.003229248,0.003337474,0.00345919,0.003592485,0.003732111,0.003863502,0.003977754,0.004072821,0.004136314,0.004178238,0.004234481,0.004298104,0.004335498,0.004351449,0.004364776,0.004375224,0.004367402,0.00433523,0.004319165,0.004366752,0.004479538,0.004643944,0.004843705,0.005047632,0.005228513,0.005376093,0.005494813,0.005577094,0.005594229,0.005558172,0.00550011,0.005405401,0.005307551,0.005331949,0.005552618,0.005944985,0.006453902,0.007012638,0.00753056,0.007961001,0.008419707,0.009052805,0.009782994,0.010442928,0.010970594,0.01135738,0.011628445,0.011801012,0.0118092,0.011567578,0.011091906,0.010483511,0.009792142,0.009018829,0.008292227,0.00783017,0.007655597,0.007665241,0.007819489,0.008114924,0.008553133,0.009132062,0.009804203,0.010489278,0.011120038,0.011665297,0.012136486,0.012551084,0.012874748,0.013018564,0.012964497,0.012851512,0.012806581,0.012822027,0.012866244,0.012947976,0.013059895,0.013143898,0.013061765,0.012651312,0.011905623,0.010954805,0.009929638,0.008914751,0.007938719,0.006994947,0.006057796,0.005112052,0.004181637,0.003322138,0.002649525,0.002273835,0.002128707,0.002027065,0.001863171,0.001706614,0.00168119,0.001775794,0.001906583,0.002005815,0.00198602,0.001798809,0.001470552,0.001045668,0.000613149,0.000286004,9.95E-05,2.10E-05,2.16E-06,5.79E-06,7.00E-06,9.94E-06,2.77E-05,5.40E-05,6.74E-05,5.02E-05,1.67E-05,0,0,7.10E-06,1.38E-05,2.45E-05,4.28E-05,6.85E-05,9.85E-05,0.00012849,0.000157028,0.00018535,0.000213548,0.000243346,0.000276898,0.000314888,0.000360783,0.000420892,0.000503288,0.000616178,0.000764533,0.000956738,0.001200388,0.001480406,0.001748581,0.001931643,0.001960024,0.001817997,0.001561564,0.001277051,0.001026376,0.000827512,0.000675154,0.000562545,0.000482283,0.000426641,0.00038844,0.000359617,0.000334698,0.000311169,0.00028828,0.000268384,0.000252949,0.000243196,0.000242949,0.00025401,0.000276088,0.000309974,0.000357001,0.000419529,0.00049347,0.000559592,0.000591344,0.000574223,0.000520517,0.000458607,0.000402217,0.000345245,0.000281988,0.000217069,0.000161556,0.000123522,0.00010114,8.77E-05,7.69E-05,6.45E-05,5.06E-05,3.77E-05,2.77E-05,2.23E-05,2.04E-05,2.11E-05,2.39E-05,2.65E-05,2.78E-05,2.82E-05,2.67E-05,2.44E-05,2.15E-05,1.43E-05,0
3029,control,0,0.000128053,0.000272038,0.000429959,0.000597509,0.00077776,0.000977186,0.00119502,0.001424493,0.001657176,0.001887291,0.002111857,0.002325578,0.002515317,0.0026578,0.002731811,0.002741514,0.002716726,0.002694111,0.00270027,0.002732247,0.00274716,0.002684165,0.002519722,0.002304415,0.002112555,0.001967121,0.001849935,0.001749154,0.001664233,0.001590878,0.001519947,0.001453652,0.001408355,0.001391674,0.001399884,0.00143254,0.001488045,0.001560711,0.001646906,0.001747694,0.001871225,0.002020695,0.002181376,0.002329433,0.002441254,0.002509867,0.002564787,0.002651001,0.002795243,0.00299887,0.003243102,0.003507432,0.003779213,0.0040405,0.004271256,0.004455186,0.004578879,0.004646938,0.00467708,0.004675648,0.004638775,0.004557348,0.004427967,0.004268727,0.004101025,0.003937677,0.00379061,0.003660931,0.003546964,0.003454304,0.003379961,0.003317703,0.003265803,0.003220126,0.003183698,0.003159591,0.003139152,0.003116745,0.003089111,0.003054896,0.003023441,0.002998909,0.002982808,0.002984285,0.00300226,0.003031979,0.003079447,0.003150257,0.003245886,0.003358703,0.00347541,0.003594433,0.003718824,0.003850737,0.003989296,0.004118298,0.004229706,0.004323242,0.004376361,0.00440028,0.004450808,0.004518813,0.00455636,0.004578517,0.004613981,0.004648389,0.00464562,0.004600728,0.00458879,0.004677022,0.004836695,0.005023213,0.005225963,0.005436344,0.005632857,0.005792796,0.00591719,0.00600079,0.00600727,0.005958265,0.005914389,0.005859723,0.005801129,0.005862628,0.006129916,0.006569221,0.007109921,0.007673916,0.008142855,0.008451379,0.008777481,0.009361774,0.010112656,0.010777191,0.01125029,0.011526595,0.011667186,0.011723181,0.011618729,0.011253752,0.01068312,0.010049705,0.0093708,0.008601395,0.007907313,0.007564994,0.007556732,0.007709252,0.007963244,0.008320459,0.008789894,0.009372568,0.010016729,0.010644772,0.011199964,0.01165882,0.012040417,0.012374106,0.012623395,0.012671625,0.012499656,0.012295839,0.012204359,0.012177562,0.012162339,0.012182357,0.012233141,0.01224538,0.01207822,0.011572167,0.010732317,0.009714014,0.008663835,0.007664741,0.006736316,0.00586273,0.005014361,0.004157038,0.003276806,0.002433423,0.001808388,0.001559071,0.001574087,0.001582431,0.001451879,0.001321935,0.001394972,0.001634118,0.001891765,0.002074175,0.002080875,0.001870007,0.001493375,0.001011226,0.00053724,0.000209423,5.19E-05,4.77E-06,2.74E-06,1.26E-05,1.70E-05,2.74E-05,5.84E-05,9.54E-05,0.000108188,7.43E-05,2.10E-05,0,0,1.40E-05,2.31E-05,3.41E-05,5.34E-05,8.17E-05,0.000116229,0.000151863,0.000187824,0.000226662,0.000267207,0.00031016,0.000357129,0.000407303,0.000463709,0.000533365,0.000626107,0.000752385,0.000916881,0.001127341,0.001390443,0.00168574,0.001957461,0.002126545,0.002122603,0.001938097,0.001640382,0.001322521,0.001048022,0.000831978,0.000665722,0.000542799,0.000456845,0.000400384,0.000365453,0.000341769,0.00032269,0.000305065,0.000286887,0.000270761,0.000258073,0.000249543,0.000250389,0.000263367,0.000287682,0.00032415,0.000374314,0.000441063,0.000519178,0.000586242,0.000614919,0.000592506,0.000532923,0.000465721,0.000403969,0.000341067,0.000272563,0.000203279,0.000144516,0.000106045,8.59E-05,7.63E-05,7.03E-05,6.28E-05,5.45E-05,4.69E-05,4.07E-05,3.74E-05,3.61E-05,3.59E-05,3.69E-05,3.73E-05,3.72E-05,3.64E-05,3.34E-05,3.13E-05,2.97E-05,2.13E-05,0
2576,control,0,9.17E-05,0.000186058,0.000284013,0.000385825,0.000499391,0.00063596,0.000799936,0.000988909,0.001197564,0.001420146,0.001651461,0.001885227,0.00210719,0.002289169,0.002400624,0.002436124,0.002422018,0.002397042,0.002393699,0.002423999,0.002461593,0.002444979,0.002331286,0.002150112,0.001968338,0.001815426,0.001681904,0.001559005,0.001446417,0.00134107,0.001236257,0.001134459,0.001048764,0.000986069,0.000946066,0.000932776,0.000949763,0.000991589,0.001046897,0.001110902,0.001193049,0.001301075,0.0014253,0.001545671,0.001641234,0.001704957,0.001759529,0.001840704,0.001973279,0.002165423,0.002407058,0.002680629,0.002971495,0.003260242,0.003524522,0.00374594,0.003911823,0.004023345,0.004091366,0.004122471,0.004117795,0.00406963,0.003970872,0.003831905,0.003670389,0.003504057,0.003349642,0.003210992,0.003089776,0.002989939,0.002904828,0.002830349,0.002769002,0.002716901,0.002671753,0.002632242,0.00259291,0.002551715,0.002505605,0.002454538,0.002406996,0.00236,0.002307028,0.002260315,0.00223781,0.002254473,0.002308938,0.00236525,0.002398389,0.002431862,0.002497839,0.002611219,0.002765074,0.002922027,0.003054957,0.003177078,0.003293021,0.003382052,0.003450789,0.003542609,0.003682541,0.003825483,0.003885795,0.003840533,0.003752501,0.003702148,0.003742697,0.003843236,0.00389301,0.003872279,0.003923798,0.00414574,0.004421721,0.004585424,0.00467215,0.004831688,0.005136723,0.005464158,0.005532387,0.005333198,0.005184501,0.005170056,0.005092977,0.00496036,0.005055266,0.00551804,0.006200383,0.006895824,0.007513703,0.008111848,0.008802347,0.009546864,0.010285902,0.011093962,0.011850514,0.012275797,0.012460973,0.012736827,0.013117039,0.013172454,0.012541422,0.011560456,0.010801713,0.01028933,0.009636812,0.008810673,0.008230894,0.008095543,0.008222394,0.0084002,0.008671618,0.009185321,0.009918793,0.010712082,0.011441861,0.012073446,0.012642401,0.013212017,0.013756252,0.014068876,0.014012357,0.013796356,0.0137211,0.013829931,0.013952131,0.014045966,0.014312224,0.014772259,0.014958281,0.014390074,0.01328644,0.012167673,0.011206589,0.010290371,0.009340184,0.008432959,0.007547869,0.006511788,0.005440518,0.004649498,0.004118624,0.003583833,0.003030426,0.002658895,0.00248898,0.00231836,0.002063201,0.001938061,0.002129547,0.002445145,0.002479897,0.002172961,0.001772471,0.001359915,0.000893153,0.00045535,0.000168368,7.26E-05,0.000137689,0.00021641,0.000155729,2.86E-05,6.09E-08,7.70E-05,0.00018004,0.000186074,9.23E-05,0,0,5.44E-08,4.30E-06,1.84E-05,3.91E-05,6.30E-05,9.00E-05,0.000118212,0.000145759,0.000169726,0.000185532,0.000195608,0.000206493,0.000224499,0.000256968,0.000309681,0.000388381,0.000498969,0.000646249,0.000841897,0.001096494,0.00139833,0.001701839,0.001929283,0.002001531,0.001893473,0.001654856,0.001374478,0.001122189,0.000922302,0.000772761,0.000665024,0.000587787,0.000531729,0.000488108,0.000448086,0.00040753,0.000366046,0.000325861,0.000290818,0.000262945,0.000246448,0.000245743,0.000260301,0.000288833,0.000329818,0.000381328,0.000445542,0.000519709,0.000586515,0.00061977,0.000602239,0.000545505,0.00048082,0.000424917,0.000373061,0.000316869,0.000257431,0.000205351,0.000167869,0.000141445,0.000119507,9.66E-05,7.06E-05,4.36E-05,1.94E-05,3.82E-06,0,4.71E-07,3.90E-06,8.73E-06,1.05E-05,8.73E-06,4.96E-06,8.84E-07,0,0,0,0
3132,control,0,0.00010918,0.000231928,0.000366677,0.000510559,0.000665874,0.000837369,0.001025763,0.001228343,0.001440148,0.001657544,0.001878569,0.002097115,0.002297571,0.002455314,0.002549432,0.002581779,0.00257586,0.002563742,0.002573723,0.002609624,0.002635819,0.002593048,0.002449158,0.002240163,0.002034459,0.001864607,0.001725394,0.001610704,0.001520626,0.001448374,0.00137875,0.001306708,0.001243806,0.001198135,0.001169919,0.00116205,0.0011757,0.001207286,0.001253019,0.001313705,0.001398879,0.001513301,0.001643474,0.001768167,0.001870795,0.001951544,0.0020344,0.002145655,0.002297877,0.002496168,0.002736646,0.00300768,0.003294828,0.00357663,0.003832172,0.004045862,0.004204616,0.004308464,0.004367219,0.004383244,0.004353567,0.004272265,0.004138681,0.003970658,0.003789489,0.003611115,0.00345259,0.003321973,0.003220587,0.00314756,0.003091833,0.003044511,0.003004244,0.002967478,0.002936107,0.002911937,0.00288813,0.002861946,0.002831877,0.002796455,0.002762853,0.002735226,0.002716557,0.002713576,0.002721289,0.002732384,0.002752786,0.00279415,0.002864555,0.002957908,0.003063139,0.003179503,0.003305818,0.003442817,0.003590036,0.003727462,0.003845178,0.003945991,0.004007714,0.004034308,0.004075556,0.004133141,0.004174875,0.004209684,0.004249627,0.004277387,0.004262435,0.004205773,0.00418634,0.004266892,0.004409917,0.004571467,0.004758339,0.004975397,0.005184701,0.005336575,0.005419179,0.005445736,0.00543297,0.005411937,0.00538479,0.005324296,0.005293023,0.005421302,0.005734614,0.006176323,0.006713908,0.00730898,0.007856825,0.008280595,0.008728543,0.009426567,0.010282942,0.011038366,0.011612502,0.012041329,0.0123542,0.012524812,0.012456928,0.012104263,0.011568032,0.010947686,0.010197237,0.009288692,0.008467518,0.008049893,0.007981198,0.008062853,0.008268232,0.00864552,0.009201202,0.009901663,0.01068176,0.011464052,0.012181555,0.012798366,0.013323362,0.01376725,0.014084123,0.01418586,0.014078696,0.013927643,0.013853139,0.013827989,0.013837923,0.013908234,0.013994295,0.014012448,0.013869777,0.013447158,0.012689894,0.011664383,0.010508883,0.009357896,0.008267768,0.007216794,0.006169716,0.005134134,0.004117038,0.003127107,0.00232479,0.00192333,0.001845137,0.001788138,0.001584911,0.001354868,0.001288059,0.001348783,0.001403733,0.001402751,0.001325558,0.001170418,0.000946515,0.000651833,0.000351583,0.000145327,4.52E-05,8.61E-06,4.86E-07,0,5.75E-06,3.39E-05,6.75E-05,8.53E-05,7.55E-05,3.98E-05,5.13E-06,0,0,7.52E-06,1.20E-05,1.91E-05,3.43E-05,5.81E-05,8.67E-05,0.000114062,0.000139044,0.000164565,0.00019085,0.000219158,0.000250379,0.000283649,0.000321943,0.000371,0.000438572,0.000532335,0.000654531,0.000810779,0.001007965,0.001233177,0.001446461,0.001587254,0.001597556,0.00146647,0.001243455,0.001002281,0.000795922,0.000637693,0.000519742,0.000434654,0.000375762,0.000337391,0.000313666,0.000296369,0.000280982,0.000266003,0.000250747,0.000237978,0.000228541,0.000222648,0.000224324,0.000235286,0.00025473,0.000283267,0.00032252,0.000376112,0.000440686,0.000498065,0.000525438,0.000510989,0.00046523,0.00041271,0.000364571,0.00031518,0.000260036,0.00020262,0.000152647,0.000118361,9.86E-05,8.77E-05,8.02E-05,7.23E-05,6.45E-05,5.76E-05,5.16E-05,4.82E-05,4.75E-05,4.91E-05,5.20E-05,5.35E-05,5.34E-05,5.19E-05,4.76E-05,4.29E-05,3.75E-05,2.53E-05,0
2427,control,0,0.00012998,0.000275191,0.000431987,0.000594806,0.000764839,0.000947022,0.001141455,0.001344512,0.001551257,0.001758391,0.001963427,0.002159059,0.002329563,0.002453468,0.002515694,0.002523456,0.002502972,0.002484501,0.002489902,0.002514922,0.002518535,0.002445568,0.002279234,0.002069554,0.001884566,0.001746269,0.001640812,0.001558296,0.001496326,0.001448115,0.00140285,0.001359516,0.001330291,0.001322327,0.001333988,0.001366046,0.001418463,0.001487538,0.001571144,0.00167108,0.001794073,0.001941094,0.002096378,0.002237645,0.002348731,0.002430829,0.002511338,0.002623682,0.002783395,0.002989353,0.003229251,0.003487479,0.003750322,0.003999056,0.004214897,0.004384158,0.004496058,0.004553708,0.004571012,0.004552298,0.004494328,0.00439255,0.00424824,0.004080206,0.003910308,0.003752402,0.003619065,0.003513301,0.003431937,0.003374803,0.003334591,0.003302357,0.003275783,0.003252583,0.00323594,0.003228856,0.003224122,0.00321755,0.003208499,0.003196517,0.003188492,0.00318809,0.003196907,0.003222202,0.003260971,0.003304927,0.003358361,0.003431909,0.003532336,0.003653721,0.003783323,0.003917505,0.004056401,0.004201707,0.004351917,0.004488296,0.004602096,0.004699127,0.004762973,0.004796153,0.004840977,0.004897047,0.004936202,0.004973351,0.005024593,0.005071214,0.005079105,0.005046491,0.005050878,0.005156951,0.005327167,0.005510349,0.005704324,0.00591286,0.006109282,0.006255063,0.006339044,0.006373939,0.006376271,0.006370077,0.006356385,0.006319593,0.006328254,0.006501638,0.006849891,0.007306352,0.007828681,0.008374073,0.008850739,0.00919341,0.009531173,0.010063604,0.010708912,0.011235941,0.01158035,0.011786097,0.011886228,0.01186076,0.01163084,0.011175284,0.010610113,0.010026709,0.00937119,0.00861658,0.007983235,0.007735967,0.007800811,0.007991011,0.008278749,0.008690862,0.009215709,0.009817265,0.010436259,0.011011504,0.011502465,0.011892603,0.012197355,0.012431682,0.012561684,0.012523482,0.012338677,0.01215356,0.012056652,0.012000875,0.011960906,0.011957008,0.011942502,0.011831432,0.011541178,0.010992841,0.01017909,0.00917817,0.008107512,0.007074599,0.00611818,0.005211767,0.004326248,0.00346958,0.002640979,0.001851319,0.001254392,0.00103104,0.001080306,0.001121138,0.001014226,0.000894601,0.000947247,0.001123115,0.001278572,0.001356168,0.00132401,0.001165123,0.000899458,0.000564782,0.000255333,7.35E-05,1.13E-05,5.26E-07,3.80E-06,1.15E-05,3.16E-05,6.63E-05,0.000100447,0.000116485,0.000104583,6.50E-05,2.08E-05,0,0,1.65E-05,2.85E-05,4.25E-05,6.51E-05,9.69E-05,0.000135028,0.000174806,0.000214817,0.000257106,0.00030054,0.000345339,0.00039256,0.000440545,0.000491843,0.000553055,0.00063206,0.00073749,0.000872581,0.001040929,0.001244514,0.001462568,0.001647598,0.001738873,0.001688012,0.00150072,0.001239642,0.000978783,0.000763501,0.000600777,0.000480602,0.000396783,0.000342895,0.000311732,0.000297421,0.000291722,0.000289022,0.00028695,0.000282994,0.000278393,0.000273982,0.000270261,0.000272709,0.000284417,0.000304545,0.000334548,0.000376287,0.000431572,0.000494999,0.000546404,0.000563469,0.000538304,0.000484117,0.000425119,0.000370355,0.00031321,0.000252074,0.000193264,0.000146134,0.000117778,0.000105268,0.000101413,0.000100083,9.63E-05,9.07E-05,8.51E-05,7.95E-05,7.48E-05,7.03E-05,6.58E-05,6.24E-05,5.94E-05,5.64E-05,5.40E-05,5.03E-05,4.59E-05,4.03E-05,2.69E-05,0
3433,control,0,0.000111532,0.00023782,0.000378859,0.000531322,0.000697407,0.000882861,0.001087979,0.001307106,0.001531924,0.001756976,0.001979851,0.002195155,0.002389222,0.002538591,0.002622357,0.002644258,0.002631856,0.002619484,0.002633525,0.002673586,0.002701144,0.002657143,0.002513037,0.002310078,0.002117666,0.001962988,0.001835751,0.001728683,0.001642061,0.001570422,0.00150176,0.001434622,0.001382704,0.001353612,0.001345892,0.001361312,0.001399585,0.001455509,0.001524413,0.001606124,0.001709352,0.001838747,0.001980907,0.002114289,0.002219706,0.002294279,0.002365009,0.002466786,0.002617891,0.002820904,0.003064477,0.003332644,0.003611636,0.003881387,0.004122024,0.004318695,0.004458704,0.004544634,0.004590261,0.004600122,0.004571351,0.004495813,0.004370223,0.004212102,0.00404229,0.003874698,0.003723795,0.003593912,0.003485445,0.003401964,0.003336815,0.003282856,0.003239081,0.003201395,0.003171892,0.003152372,0.003134367,0.00311375,0.003088063,0.003055623,0.003024668,0.002998554,0.002979152,0.002975695,0.002986312,0.003005957,0.003040965,0.003097263,0.003176765,0.00327361,0.003378435,0.003492475,0.003617296,0.003751661,0.003892576,0.004024062,0.004139456,0.004238792,0.004299371,0.004331878,0.0043903,0.004464529,0.00450518,0.00452344,0.00454719,0.004567695,0.004556962,0.00451277,0.004501609,0.004580713,0.004724162,0.004896485,0.005089891,0.005292818,0.005481758,0.005634817,0.005754222,0.005831731,0.005824282,0.005756088,0.005702551,0.005657107,0.005617092,0.005687888,0.005951145,0.006383147,0.006921265,0.007490152,0.00797293,0.008306685,0.008669843,0.009296606,0.010092575,0.010810458,0.011342238,0.011671959,0.011862245,0.011974539,0.011935368,0.011630161,0.01109125,0.010459991,0.00977053,0.008982099,0.008249088,0.007847313,0.007777006,0.007876167,0.008082644,0.008396125,0.008831856,0.009398619,0.010048406,0.0107019,0.011296316,0.011802766,0.012237955,0.012630819,0.0129457,0.013062809,0.012954246,0.012804009,0.012760289,0.012780076,0.012808369,0.012865778,0.012955227,0.013016174,0.012899437,0.012425029,0.011591407,0.010563007,0.009493036,0.008464149,0.00749683,0.00657932,0.005678905,0.004754977,0.003800829,0.002885718,0.002186653,0.001857074,0.00179746,0.001749233,0.001574685,0.001387622,0.001371776,0.001506195,0.001670504,0.001776587,0.001726135,0.001505547,0.001187632,0.000808763,0.000435888,0.000176985,4.97E-05,8.47E-06,3.02E-06,1.46E-05,1.78E-05,2.48E-05,5.36E-05,9.19E-05,0.000107501,7.53E-05,2.19E-05,0,0,9.66E-06,1.44E-05,2.07E-05,3.45E-05,5.67E-05,8.47E-05,0.00011371,0.000142853,0.000174427,0.000207242,0.000241565,0.000278421,0.000316994,0.000359756,0.000412493,0.000484047,0.000583385,0.000713047,0.000878801,0.001087863,0.001326041,0.001549691,0.001694444,0.001700968,0.001559937,0.001323406,0.001067388,0.000846176,0.000673407,0.000541687,0.000445236,0.000378527,0.000335378,0.000309017,0.000290725,0.000275272,0.000260407,0.000244831,0.000230887,0.000219507,0.000211588,0.000212031,0.000222962,0.000243194,0.000273124,0.000314448,0.000370433,0.000436826,0.000494619,0.000520974,0.000504745,0.000456729,0.000401602,0.000350984,0.000299808,0.000243688,0.000185626,0.000135139,0.000101141,8.25E-05,7.30E-05,6.64E-05,5.89E-05,5.09E-05,4.38E-05,3.81E-05,3.54E-05,3.49E-05,3.59E-05,3.81E-05,3.89E-05,3.82E-05,3.67E-05,3.33E-05,3.07E-05,2.86E-05,2.03E-05,0
2787,control,0,0.000124246,0.000260091,0.000405605,0.000557669,0.000719693,0.000897849,0.001092029,0.001297823,0.001510089,0.001724929,0.001938864,0.002145076,0.00232907,0.002467609,0.002540765,0.002553204,0.00253362,0.002515538,0.00252226,0.002552393,0.002568394,0.00251337,0.002364293,0.002167252,0.001990416,0.0018561,0.001749772,0.001661443,0.001589364,0.001527928,0.001468947,0.001414321,0.001376894,0.001362906,0.00136998,0.001399126,0.001451413,0.001522584,0.001607724,0.001707081,0.00182829,0.001974237,0.002130775,0.002275379,0.002389153,0.00246956,0.002542626,0.00264522,0.002798524,0.003003819,0.003246577,0.003508432,0.003775737,0.004030751,0.004253329,0.004427683,0.004543049,0.004603545,0.00462428,0.004611711,0.00456409,0.00447615,0.004346812,0.004191513,0.004029802,0.003875745,0.003741932,0.00362994,0.003536872,0.003465024,0.003409479,0.003363345,0.003325813,0.003294231,0.003269634,0.003253691,0.003239888,0.003224083,0.003204583,0.003181348,0.003162245,0.003148921,0.003139317,0.003142176,0.003163382,0.00320445,0.003267904,0.003345606,0.003430672,0.003528499,0.00364281,0.003774953,0.003921809,0.004069706,0.004206943,0.004328612,0.004431216,0.004509791,0.004560472,0.004605935,0.004682044,0.004768552,0.004813412,0.004818825,0.004821249,0.004838574,0.004868,0.00489518,0.004922478,0.00498093,0.005104251,0.005300026,0.005520637,0.005702709,0.00584685,0.005992991,0.006165545,0.006323786,0.006360972,0.006283814,0.006226004,0.006216846,0.006209348,0.006267619,0.006513822,0.006968871,0.007544306,0.008126026,0.008622467,0.009020521,0.009442817,0.009992777,0.010601236,0.011164431,0.011594987,0.011804401,0.011850242,0.011859369,0.011798706,0.011493945,0.010879685,0.010148653,0.009495686,0.00891149,0.008359531,0.00796076,0.007830155,0.007942406,0.00820901,0.00855089,0.008971494,0.009513115,0.010135045,0.010737024,0.011249535,0.011654245,0.011977084,0.01225599,0.012463453,0.012477733,0.012257774,0.011978702,0.011815032,0.011754581,0.011710978,0.01167993,0.011717247,0.011783773,0.011650113,0.011085958,0.010181837,0.009195838,0.008256728,0.007364848,0.006501084,0.005681164,0.004885631,0.004046101,0.003198867,0.002483647,0.001991669,0.00171133,0.001564531,0.001464645,0.001350006,0.001234904,0.001201735,0.001301045,0.001516371,0.001733981,0.001764842,0.001563623,0.00124066,0.000861176,0.000474641,0.000180574,3.21E-05,0,1.57E-05,5.29E-05,4.47E-05,1.48E-05,2.13E-05,7.01E-05,0.000114944,0.000102844,4.44E-05,0,0,7.54E-06,1.51E-05,2.68E-05,4.54E-05,7.00E-05,9.93E-05,0.00013072,0.000162742,0.000195834,0.000228243,0.000260277,0.000294612,0.000332455,0.000377391,0.00043548,0.000513681,0.000619747,0.000758454,0.000936786,0.001160553,0.001413365,0.001647923,0.001796471,0.001798712,0.001647163,0.001398191,0.00113048,0.000898305,0.000716012,0.000577137,0.000475514,0.000404504,0.000356468,0.000324867,0.000302135,0.000282845,0.000264859,0.000247098,0.000231093,0.000218046,0.000209222,0.000208738,0.000218633,0.000238512,0.000269252,0.000311627,0.000367132,0.000431829,0.000487814,0.000511707,0.000492217,0.000441033,0.000383271,0.000330416,0.000276658,0.00021793,0.000158735,0.000108549,7.51E-05,5.67E-05,4.67E-05,3.96E-05,3.15E-05,2.23E-05,1.41E-05,8.51E-06,6.39E-06,5.76E-06,5.36E-06,5.58E-06,4.92E-06,3.07E-06,1.54E-06,3.85E-07,3.99E-07,2.21E-06,2.76E-06,0
2338,control,0,0.000113651,0.000241472,0.000380935,0.000528923,0.000687881,0.000862411,0.001052366,0.001254943,0.001466285,0.001683268,0.00190446,0.002125884,0.002333758,0.002502479,0.002607389,0.002646782,0.002644069,0.00263324,0.002643927,0.002681633,0.002712137,0.002675299,0.002537571,0.002336257,0.002142338,0.001987064,0.001859503,0.0017493,0.001656658,0.001577741,0.001502101,0.001428258,0.001367858,0.001327622,0.001305751,0.00130349,0.001322657,0.001360274,0.00141223,0.001479801,0.001572717,0.001696104,0.001836983,0.00197115,0.002075787,0.002145728,0.002205705,0.002291487,0.002425291,0.002612488,0.002843948,0.003105328,0.00338416,0.003662339,0.003918629,0.0041346,0.004295905,0.004402911,0.004467269,0.004492972,0.004476211,0.004410189,0.004293164,0.004140203,0.003971473,0.003802936,0.003649785,0.003517729,0.003406879,0.003318677,0.003247236,0.003185688,0.003131913,0.003082071,0.003037542,0.003001395,0.002968774,0.002935387,0.002897831,0.002854525,0.002812505,0.002776001,0.002746883,0.002732173,0.00273204,0.002743311,0.002769798,0.002815969,0.002884313,0.002971558,0.003070848,0.003181684,0.003304099,0.003437053,0.003577014,0.003707705,0.003818126,0.003906505,0.003960057,0.003988591,0.004030975,0.004085601,0.00412392,0.004150464,0.004177786,0.00419928,0.004195116,0.004159881,0.004142802,0.004196151,0.004313361,0.004474029,0.004669419,0.004878794,0.005069866,0.005218996,0.005324215,0.005387232,0.005403363,0.005388051,0.005344232,0.005247859,0.005157264,0.005209339,0.005456793,0.005860644,0.00637685,0.006952637,0.007498714,0.00796054,0.008449733,0.009121746,0.009899276,0.010598118,0.01115971,0.01159452,0.011915469,0.01210492,0.012084014,0.011793233,0.011286863,0.010662093,0.009934601,0.009104164,0.008340939,0.007886744,0.007736917,0.007764411,0.007942959,0.008291687,0.008810089,0.009478057,0.010238137,0.01100686,0.011712255,0.012319187,0.012836425,0.013273997,0.013588456,0.013695363,0.013591375,0.013421142,0.01331128,0.013262237,0.013259959,0.013318656,0.013411688,0.013469139,0.0133759,0.012993056,0.012286732,0.011345038,0.010292822,0.00923564,0.008217308,0.007228118,0.006242337,0.005262936,0.004315154,0.003429995,0.0027231,0.002333324,0.002197825,0.002101792,0.001924121,0.001745435,0.001702943,0.001778452,0.001876656,0.001943747,0.001923579,0.001769042,0.00147444,0.001065295,0.000636214,0.000306736,0.00011104,2.00E-05,4.55E-07,1.36E-07,1.75E-07,8.99E-06,2.85E-05,4.65E-05,4.95E-05,3.06E-05,5.72E-06,0,0,7.04E-06,1.37E-05,2.39E-05,4.11E-05,6.49E-05,9.23E-05,0.00011879,0.000143268,0.000167944,0.000193632,0.000221952,0.000254696,0.000292491,0.000338916,0.000400193,0.000484207,0.000599232,0.000750834,0.000948709,0.001202258,0.001497408,0.00178514,0.001988883,0.002033223,0.001897419,0.001637619,0.0013446,0.001084885,0.000878318,0.000719055,0.000599693,0.000512986,0.000451483,0.00040812,0.000374747,0.000345972,0.000319517,0.000294638,0.000273696,0.000258127,0.000248522,0.000247974,0.000258149,0.000279112,0.000311994,0.000358575,0.000422232,0.000499821,0.00057153,0.000608821,0.000595368,0.000543131,0.000481484,0.000424876,0.00036654,0.000299899,0.000229925,0.000168993,0.000126317,0.000100506,8.49E-05,7.30E-05,6.08E-05,4.82E-05,3.66E-05,2.72E-05,2.14E-05,1.93E-05,2.02E-05,2.33E-05,2.60E-05,2.74E-05,2.78E-05,2.62E-05,2.42E-05,2.19E-05,1.53E-05,0
2685,control,0,0.000142543,0.000301215,0.000472222,0.000650298,0.000836177,0.00103397,0.001243518,0.00146115,0.001681519,0.00190057,0.002115246,0.00231872,0.002496582,0.002627924,0.002696807,0.002709546,0.002692725,0.002677577,0.002686349,0.002714598,0.002721499,0.002652193,0.002488893,0.002280718,0.002096699,0.0019597,0.001855252,0.001773193,0.001711497,0.001663694,0.001619969,0.001580385,0.001556497,0.001553572,0.001568852,0.001603442,0.001657769,0.001728099,0.001812662,0.001914043,0.00203963,0.002190923,0.002352323,0.002500784,0.002617737,0.00270151,0.002779035,0.002885915,0.003040661,0.003243742,0.003481385,0.003736212,0.00399543,0.004241654,0.004456445,0.00462609,0.004739025,0.004798219,0.004818129,0.004802661,0.004748608,0.004651949,0.004513431,0.004351214,0.004186544,0.004032543,0.00390142,0.003795395,0.003710883,0.003648708,0.00360273,0.003564899,0.003532987,0.003503673,0.003480189,0.00346657,0.003455698,0.00344312,0.00342753,0.003407388,0.003389682,0.003378691,0.003376074,0.003389154,0.003415518,0.003448614,0.003493651,0.003559279,0.003650491,0.003761434,0.003879206,0.004000474,0.004126225,0.004258671,0.004397781,0.004525459,0.004631019,0.004719483,0.004776271,0.004803611,0.004840193,0.004885988,0.004917457,0.004948291,0.004989566,0.005023477,0.005019693,0.004975792,0.004964324,0.005047056,0.005190755,0.005351339,0.005529073,0.005724888,0.005908655,0.006040293,0.006108484,0.006130343,0.00613086,0.006130846,0.006112389,0.006048137,0.00601226,0.006131568,0.006418148,0.006810279,0.007273477,0.007771196,0.008219187,0.008553153,0.008884249,0.009394009,0.010008907,0.010519132,0.010874126,0.011118918,0.01127344,0.011304161,0.011134591,0.010753629,0.010268864,0.009749143,0.009136364,0.008411813,0.007789338,0.007518587,0.007529987,0.007654671,0.007878944,0.008237422,0.008718378,0.00928211,0.009871586,0.010431253,0.010920674,0.011319431,0.011639437,0.011890718,0.012040089,0.012033212,0.011887147,0.011726202,0.011631288,0.011569732,0.011531257,0.01153749,0.011538276,0.011456285,0.011230059,0.010791975,0.010113125,0.009237151,0.008265232,0.007306206,0.006402623,0.005529884,0.004662594,0.003818386,0.003004771,0.002224483,0.001614174,0.00135211,0.001359013,0.001371163,0.001256247,0.001134431,0.00117307,0.00132526,0.001456444,0.001520984,0.001498825,0.001357037,0.001087184,0.000723608,0.000371336,0.000139083,3.42E-05,2.83E-06,6.49E-07,2.80E-06,1.55E-05,4.66E-05,7.58E-05,8.60E-05,7.25E-05,4.03E-05,9.85E-06,0,0,1.29E-05,2.26E-05,3.47E-05,5.41E-05,8.04E-05,0.000110886,0.000141099,0.000170057,0.000200049,0.000231108,0.000264917,0.000302969,0.000343839,0.000390205,0.000448139,0.000524891,0.000628793,0.000763999,0.000936959,0.001154043,0.001399651,0.001629474,0.001779699,0.001790448,0.001651581,0.001416042,0.001159917,0.000936729,0.000760431,0.000624606,0.000524054,0.000453033,0.000405315,0.000375176,0.000354397,0.000337604,0.000322467,0.000307027,0.0002933,0.000282277,0.000273851,0.000272377,0.000280562,0.000298307,0.000327204,0.000368875,0.000425912,0.000494651,0.000556015,0.000585597,0.00057096,0.000522591,0.000465683,0.000411987,0.000355961,0.00029433,0.000232029,0.000179066,0.000143713,0.000124267,0.000114372,0.000107976,0.000100156,9.10E-05,8.19E-05,7.29E-05,6.58E-05,6.05E-05,5.61E-05,5.32E-05,5.08E-05,4.91E-05,4.79E-05,4.48E-05,4.12E-05,3.66E-05,2.45E-05,0
2653,control,0,0.000108418,0.000230125,0.000362689,0.000503034,0.000654089,0.000821003,0.001004346,0.00120186,0.001409437,0.001623531,0.001842436,0.002061355,0.002265392,0.002428616,0.002527211,0.002560566,0.002552326,0.002536359,0.002542546,0.002576342,0.002602786,0.002561023,0.002418206,0.002213587,0.00201858,0.001862862,0.001734341,0.001622159,0.001526143,0.001442603,0.001361359,0.001281943,0.001217933,0.001176832,0.001156418,0.001157094,0.001179304,0.001219606,0.001274325,0.001344466,0.001439256,0.001563433,0.001703924,0.001836985,0.00193905,0.002003455,0.002055979,0.002135644,0.002266489,0.002452533,0.00268245,0.002942042,0.003219972,0.003498008,0.003754843,0.003971958,0.004134281,0.00424227,0.004307998,0.004335368,0.004320073,0.004253841,0.004134343,0.00397812,0.003806284,0.003634866,0.003479254,0.003344916,0.003232077,0.003142589,0.003070362,0.003008281,0.002953578,0.002902154,0.00285668,0.002820513,0.00278785,0.002754493,0.002717324,0.002675161,0.002635807,0.002603243,0.002579193,0.002570514,0.002575757,0.002590463,0.002618765,0.002667183,0.002740304,0.00283334,0.002936847,0.003050398,0.003175156,0.003312324,0.003459579,0.003598205,0.003717432,0.003816669,0.003877247,0.003906677,0.00395092,0.004009313,0.004049289,0.00407901,0.004114859,0.004145647,0.004142874,0.004100528,0.004082627,0.004151796,0.004290689,0.004465365,0.004668511,0.004889139,0.005096083,0.005258125,0.005369502,0.005431947,0.005442954,0.005425756,0.005387147,0.005295541,0.005206425,0.005268624,0.005540268,0.005972903,0.006515872,0.007115272,0.007671933,0.008122344,0.008600376,0.009296911,0.010125843,0.010864648,0.011438433,0.011865257,0.012173311,0.012351834,0.012312488,0.011988989,0.011451548,0.010810164,0.010061642,0.009187911,0.008387914,0.007944125,0.007836195,0.007900153,0.008101154,0.00846843,0.0090078,0.009695701,0.010469997,0.011248657,0.011962767,0.012578288,0.013105546,0.013556651,0.013886264,0.014003301,0.01390768,0.013760071,0.013687785,0.013673077,0.013694544,0.013771407,0.013873377,0.013920892,0.013794444,0.013355884,0.012575042,0.011548167,0.010413039,0.009287506,0.008220062,0.007196284,0.006183582,0.00518079,0.004203941,0.003279236,0.002544729,0.002169626,0.00208148,0.002025183,0.00185885,0.001686147,0.001677223,0.001804208,0.001941555,0.002023344,0.001993803,0.001812098,0.001481824,0.001036017,0.000582674,0.000252272,7.32E-05,6.40E-06,0,9.58E-08,2.35E-06,2.17E-05,5.18E-05,7.49E-05,7.48E-05,4.59E-05,1.11E-05,0,0,9.41E-06,1.74E-05,2.95E-05,5.03E-05,8.01E-05,0.000115459,0.000150668,0.000184349,0.000218656,0.000253545,0.00029058,0.000331598,0.000376926,0.000430865,0.0005006,0.000594966,0.000723199,0.000890644,0.001106237,0.001377019,0.001683288,0.001969455,0.002153936,0.002161609,0.001980866,0.001679931,0.001356495,0.001077458,0.000859329,0.000693593,0.000571952,0.000486286,0.000428634,0.000391052,0.000363696,0.000340625,0.000319492,0.000299123,0.000281984,0.000269269,0.000261797,0.000264031,0.000278106,0.000303624,0.000341464,0.000393221,0.00046223,0.000543952,0.000615964,0.000648866,0.000627738,0.000567107,0.000498411,0.000435645,0.000371274,0.000299634,0.000226694,0.000165269,0.000124253,0.000100993,8.81E-05,7.87E-05,6.82E-05,5.69E-05,4.65E-05,3.82E-05,3.37E-05,3.26E-05,3.40E-05,3.72E-05,3.97E-05,4.09E-05,4.08E-05,3.81E-05,3.45E-05,3.03E-05,2.04E-05,0
2644,control,0,0.000131788,0.000277735,0.000433157,0.000594867,0.000765017,0.0009464,0.001137873,0.001338025,0.001544693,0.001754997,0.001967105,0.002176921,0.002370886,0.002525029,0.002617699,0.002648897,0.002641245,0.002626813,0.002633065,0.002662856,0.00268066,0.002629748,0.002483932,0.00228644,0.002108115,0.001974606,0.001868613,0.001776403,0.001697423,0.001629041,0.001564545,0.001506482,0.001467297,0.00145112,0.001452861,0.001471514,0.001507535,0.001558537,0.00162389,0.0017077,0.001818942,0.001960689,0.002118702,0.002266981,0.002378214,0.002441945,0.002483981,0.002549186,0.00266719,0.002841396,0.003055852,0.003294162,0.003548227,0.003804039,0.004041403,0.004241419,0.004388393,0.004483122,0.00453905,0.004559393,0.004538813,0.004471119,0.004355944,0.004209822,0.004053258,0.003900263,0.003763379,0.003645415,0.003543758,0.003460256,0.003391618,0.003331557,0.003276059,0.003220323,0.003168323,0.003126566,0.003090655,0.003055575,0.003017871,0.002975746,0.002936786,0.002906595,0.002886862,0.002882187,0.002890016,0.002905733,0.002933818,0.002983164,0.00306075,0.003159954,0.003265689,0.003373407,0.003485343,0.003608292,0.003744812,0.00387325,0.003976979,0.004057745,0.004101615,0.004110837,0.0041235,0.004148805,0.004176114,0.004216771,0.00427096,0.004315262,0.004313967,0.004259268,0.004226605,0.00428744,0.004414688,0.004564662,0.004742153,0.004952586,0.005156316,0.005299656,0.005363321,0.005373944,0.005392719,0.005440183,0.005430555,0.005298043,0.005163304,0.005211271,0.005454095,0.005811639,0.006257722,0.006773844,0.007285432,0.007722058,0.008165849,0.008777824,0.009490276,0.010099276,0.010573579,0.010984859,0.01132217,0.011486327,0.011380418,0.011028508,0.010572244,0.010057135,0.009387737,0.008558577,0.007833117,0.007486834,0.007433248,0.007492901,0.007678819,0.008063922,0.008637077,0.009331162,0.010075382,0.010808281,0.01147593,0.012046169,0.012522405,0.012897506,0.013122935,0.013156631,0.013032296,0.012862635,0.012724739,0.012617362,0.012567943,0.012603123,0.012644426,0.012600209,0.012439932,0.01212322,0.011570777,0.010751959,0.009756699,0.008732419,0.007752596,0.006792783,0.005827713,0.004908496,0.004058592,0.003239568,0.002560386,0.002227438,0.002190137,0.00217845,0.002050599,0.001926312,0.001974448,0.002137635,0.002262191,0.002320213,0.002329531,0.002213814,0.001879929,0.001360136,0.00082232,0.00042235,0.00018411,5.98E-05,7.00E-06,0,2.99E-06,4.13E-05,7.01E-05,6.61E-05,3.81E-05,9.61E-06,0,0,0,9.64E-06,1.96E-05,3.43E-05,5.66E-05,8.54E-05,0.000117205,0.000146979,0.00017359,0.000200046,0.00022834,0.000261755,0.000302453,0.000350527,0.00041081,0.000490799,0.000598536,0.00074369,0.000934747,0.001184975,0.00150517,0.001876092,0.002236911,0.002493859,0.002553477,0.002389905,0.002073062,0.00171416,0.001393241,0.001133752,0.000929363,0.000772518,0.000655716,0.000571327,0.000511402,0.000465519,0.000427178,0.000393676,0.000363363,0.000338804,0.000321276,0.000310115,0.000308442,0.000318782,0.000342329,0.000381181,0.000437193,0.00051453,0.000610304,0.000700621,0.000750048,0.000737655,0.00067703,0.000603398,0.000534049,0.000460881,0.000376991,0.00028973,0.00021463,0.000162255,0.000130465,0.000111768,9.89E-05,8.62E-05,7.31E-05,6.04E-05,4.85E-05,4.00E-05,3.56E-05,3.42E-05,3.49E-05,3.64E-05,3.85E-05,4.02E-05,3.89E-05,3.64E-05,3.28E-05,2.23E-05,0
3379,control,0,5.80E-05,0.000112663,0.000175203,0.000250341,0.000350239,0.000490804,0.000676661,0.000896176,0.001130918,0.001367978,0.00159928,0.001815234,0.002001855,0.002134588,0.002190399,0.002177254,0.002131841,0.002094747,0.002093584,0.002128729,0.002165736,0.002145786,0.002031806,0.001854253,0.00167162,0.001504798,0.001351356,0.001215635,0.001100816,0.000999478,0.000896453,0.000791652,0.000705196,0.000647495,0.000620417,0.00063106,0.000676577,0.000744144,0.000819787,0.000893958,0.000975239,0.001072122,0.001174571,0.001272221,0.00135632,0.001426933,0.00151159,0.001637033,0.001812376,0.002042291,0.00231712,0.002617478,0.002924369,0.003209927,0.003453214,0.003644759,0.003775792,0.003852756,0.003889539,0.003892596,0.003867054,0.003800573,0.003680486,0.003525395,0.003354479,0.003179286,0.003016559,0.002869201,0.002743692,0.002649451,0.002572558,0.00250851,0.002465735,0.002438574,0.002425647,0.002420755,0.002407802,0.002387509,0.002359903,0.002325064,0.002296908,0.002269374,0.002235039,0.002210905,0.002206375,0.002232714,0.002297699,0.002367876,0.002417591,0.002466172,0.002541784,0.002666315,0.002832659,0.002996794,0.003133275,0.003258158,0.00338872,0.003504615,0.003576974,0.003660431,0.003843151,0.004054697,0.00413222,0.004067138,0.003972498,0.003926395,0.003957955,0.004041232,0.004112785,0.004170161,0.004305948,0.004576579,0.004861564,0.005017864,0.005112237,0.005305002,0.005684715,0.006084221,0.006079455,0.005701623,0.005526486,0.005687532,0.005771703,0.005693683,0.005859211,0.006470495,0.007313601,0.008098853,0.008633135,0.008945764,0.009385157,0.010182536,0.011217084,0.01234348,0.013249481,0.013536575,0.0134608,0.013626348,0.014042513,0.014043147,0.013181019,0.012010372,0.011224031,0.010700456,0.009980999,0.009180846,0.008782446,0.008866476,0.009116444,0.009266518,0.009430952,0.009853541,0.01052072,0.011250201,0.01191338,0.012478952,0.013008203,0.013623048,0.01429782,0.014669466,0.014513885,0.014225393,0.014239979,0.014485759,0.01465698,0.014738325,0.015041746,0.015608511,0.015810299,0.014978538,0.013423422,0.011931431,0.010784587,0.009806321,0.008855501,0.008017231,0.007241873,0.006206096,0.004944529,0.003911443,0.003270352,0.002801823,0.002393019,0.002108637,0.001887959,0.001600902,0.001319658,0.001293958,0.001654576,0.00208393,0.002021587,0.001519081,0.001069872,0.000752637,0.000419121,0.000136951,1.06E-05,2.70E-05,0.000197257,0.00033803,0.000253279,7.93E-05,5.62E-05,0.000204201,0.000353542,0.000317045,0.000133039,0,0,2.45E-06,1.41E-06,3.78E-06,1.15E-05,2.67E-05,5.10E-05,7.98E-05,0.000113131,0.000149591,0.000178428,0.000198384,0.000214121,0.000228857,0.000248581,0.000277885,0.000325469,0.000399671,0.000496586,0.000620092,0.000779409,0.000964009,0.001140704,0.001255182,0.001256639,0.001141282,0.000949745,0.000742879,0.000570309,0.000443662,0.000354579,0.000296551,0.000262215,0.00024677,0.000241242,0.000232714,0.0002179,0.000197739,0.000173956,0.000151868,0.000131919,0.000118671,0.000121342,0.000139755,0.000168845,0.000204261,0.000243451,0.000291279,0.000343696,0.000383471,0.000396587,0.000376252,0.000330468,0.000281256,0.000239874,0.000205734,0.000174071,0.000138842,0.00010501,8.18E-05,6.70E-05,5.54E-05,4.27E-05,2.79E-05,1.47E-05,4.57E-06,7.17E-07,3.19E-06,1.12E-05,2.09E-05,2.83E-05,2.77E-05,2.12E-05,1.19E-05,1.55E-06,0,0,0,0
2829,control,0,0.000151414,0.000316853,0.000492464,0.000673545,0.000862073,0.001063032,0.001275284,0.001493627,0.00171274,0.001928949,0.002138239,0.002332403,0.002496878,0.002612226,0.002665106,0.002664704,0.002639498,0.002619996,0.002625316,0.00264762,0.002644503,0.002563707,0.002393064,0.00218405,0.002002869,0.001869876,0.001771678,0.001700017,0.001652395,0.001620136,0.001591779,0.001566103,0.001553335,0.001558729,0.001580744,0.001621918,0.001683616,0.001761802,0.001854102,0.001963095,0.00209573,0.002252247,0.002415845,0.00256482,0.002686494,0.002785223,0.002887033,0.003019538,0.003194162,0.003411402,0.003660425,0.003922818,0.004182547,0.004420854,0.00461939,0.004766369,0.004853536,0.00488563,0.004877405,0.004833485,0.004752741,0.004634438,0.004481529,0.004312145,0.004146768,0.003997527,0.003875648,0.003782699,0.003714016,0.003668599,0.003638014,0.003613515,0.003595073,0.003580743,0.003572026,0.003571266,0.003571258,0.003568417,0.00356298,0.0035543,0.003549235,0.003551112,0.003559999,0.003583381,0.00362111,0.003668675,0.003730724,0.00381037,0.003908771,0.004025833,0.004155256,0.004293314,0.00443599,0.004576501,0.004710923,0.004828574,0.004922229,0.004995336,0.005041219,0.005069934,0.005116735,0.005174576,0.005212033,0.005238434,0.005271043,0.005304151,0.005320279,0.005314584,0.00533178,0.005418001,0.005561092,0.005734661,0.005921829,0.006101752,0.006258292,0.00638118,0.006471596,0.006530313,0.00654161,0.006521011,0.006505989,0.006502376,0.0065448,0.006711812,0.007027589,0.007458452,0.007959779,0.008472421,0.00891587,0.009247319,0.009570878,0.010028937,0.010556943,0.010997122,0.011293748,0.011446195,0.011482112,0.011419685,0.011202912,0.010777948,0.010206822,0.009606651,0.009007451,0.008394,0.007879328,0.007642008,0.007667805,0.007846252,0.008141872,0.008543886,0.00903659,0.009602706,0.01018776,0.010721211,0.011157827,0.011483594,0.011718257,0.011881836,0.011944299,0.011836364,0.011564686,0.011270822,0.01106451,0.01092067,0.010803378,0.010724758,0.010668437,0.010568675,0.01031619,0.009808549,0.009067906,0.00820042,0.007299081,0.006422739,0.00558659,0.004779752,0.003983946,0.003193432,0.002429004,0.001738827,0.001233689,0.001012156,0.000990772,0.000979164,0.000875452,0.000755695,0.000747804,0.000847578,0.000979197,0.00108221,0.001087068,0.000970659,0.000768115,0.000508283,0.000250611,8.02E-05,1.12E-05,0,3.42E-06,1.50E-05,2.27E-05,3.08E-05,4.91E-05,7.00E-05,7.62E-05,5.36E-05,1.78E-05,0,0,1.21E-05,2.18E-05,3.36E-05,5.13E-05,7.36E-05,9.89E-05,0.000123952,0.000148045,0.000173277,0.000199041,0.000226344,0.000256971,0.000289761,0.000326864,0.000373356,0.000434872,0.000518292,0.0006268,0.000765417,0.000940229,0.001139283,0.001326743,0.001451011,0.001462895,0.001353331,0.001164452,0.000957526,0.000777267,0.000636149,0.00052837,0.000449216,0.000393596,0.000356029,0.000332288,0.000315788,0.000301903,0.000288905,0.000275171,0.00026259,0.000252255,0.000243854,0.00024102,0.000246088,0.000258966,0.000281286,0.000314205,0.000359775,0.000415459,0.000465509,0.000489752,0.000477949,0.00043819,0.000391129,0.000346482,0.000299553,0.000247927,0.000195276,0.00014947,0.000118404,0.000101186,9.22E-05,8.65E-05,8.00E-05,7.28E-05,6.58E-05,5.85E-05,5.22E-05,4.68E-05,4.14E-05,3.66E-05,3.22E-05,2.84E-05,2.57E-05,2.26E-05,2.08E-05,2.03E-05,1.47E-05,0
3089,control,0,0.000127324,0.000270891,0.000427574,0.000592764,0.000767302,0.000954854,0.001154794,0.001363796,0.001577414,0.00179245,0.002006952,0.002215309,0.002403192,0.002547576,0.002629072,0.002651705,0.002641892,0.002631764,0.002645235,0.002681081,0.00270085,0.00264706,0.002496236,0.002294585,0.002112427,0.001974607,0.001866581,0.001777209,0.001704917,0.001644695,0.001587879,0.00153543,0.00149984,0.001487218,0.001494463,0.00152138,0.001568439,0.00163247,0.001710873,0.001805594,0.001924567,0.002070611,0.00222943,0.0023769,0.002491258,0.002568004,0.00263351,0.002727066,0.002871689,0.003068157,0.003301714,0.003555875,0.00381904,0.004074504,0.004302611,0.004486874,0.004614574,0.00468839,0.004723,0.004723552,0.00468595,0.004603981,0.004477233,0.004322136,0.004159144,0.004002559,0.003865306,0.003750189,0.003654416,0.003579992,0.003523051,0.003476103,0.003435887,0.003399199,0.003368838,0.003348435,0.003331889,0.00331411,0.003292626,0.003266412,0.003242619,0.003225434,0.003216148,0.003221912,0.003242554,0.003273422,0.003318617,0.003384292,0.003473312,0.003580782,0.003696513,0.003817768,0.003945768,0.00408158,0.004222081,0.004350398,0.004456877,0.004543074,0.004596654,0.004625847,0.004669379,0.004723395,0.004758535,0.004786186,0.004823493,0.004858202,0.004862387,0.004830978,0.004823633,0.004897402,0.005033965,0.005200612,0.005390064,0.005590634,0.005775217,0.005918761,0.006017842,0.006077155,0.006093446,0.006081805,0.006052367,0.005987263,0.005936749,0.006024153,0.006294086,0.006702164,0.007198918,0.007729132,0.008203485,0.008567041,0.008938072,0.009485746,0.01013351,0.010686169,0.011083292,0.01134518,0.011498351,0.011537295,0.011393833,0.011027552,0.010513618,0.00994214,0.009301407,0.008578541,0.007946805,0.00763475,0.007607746,0.007724294,0.007955846,0.008313065,0.008787315,0.009359746,0.009979629,0.010578176,0.01110374,0.01153443,0.01188349,0.012167071,0.012352575,0.012366503,0.01221241,0.012029363,0.011921645,0.011864115,0.011831908,0.011840158,0.011860267,0.01182284,0.011629495,0.011170279,0.010434327,0.009516371,0.008531765,0.007569334,0.006659851,0.005787103,0.004927491,0.004078714,0.003247132,0.002464737,0.001868504,0.001599831,0.001572488,0.00155239,0.001425037,0.001302223,0.00134112,0.001504666,0.001672178,0.001782629,0.001777819,0.001613308,0.001301467,0.000890713,0.000486932,0.000205317,6.51E-05,1.34E-05,1.90E-06,6.22E-06,1.56E-05,3.43E-05,5.97E-05,8.02E-05,8.16E-05,5.53E-05,1.83E-05,0,0,1.07E-05,1.86E-05,2.91E-05,4.73E-05,7.32E-05,0.000104224,0.000136549,0.000168564,0.000202188,0.000237733,0.000275798,0.000317567,0.000362501,0.00041323,0.000476194,0.000559424,0.000671601,0.000817907,0.001005095,0.00123865,0.001500969,0.001742291,0.00189251,0.00188962,0.001726302,0.001462554,0.001181031,0.000937215,0.000744798,0.000596568,0.000486623,0.000409214,0.000357086,0.000323787,0.000301622,0.000284699,0.000270145,0.000256053,0.00024363,0.000233868,0.000227101,0.000227217,0.000236932,0.00025627,0.000286812,0.000330529,0.000389337,0.00045881,0.000519658,0.000546747,0.000528224,0.000476449,0.000417236,0.000362117,0.000304622,0.000240876,0.000176809,0.000122925,8.73E-05,6.85E-05,6.00E-05,5.56E-05,5.06E-05,4.42E-05,3.83E-05,3.34E-05,3.02E-05,2.82E-05,2.67E-05,2.66E-05,2.65E-05,2.60E-05,2.57E-05,2.49E-05,2.44E-05,2.39E-05,1.76E-05,0
2981,control,0,9.78E-05,0.000199965,0.000308459,0.000423878,0.000553918,0.000708346,0.000888882,0.001090058,0.001303723,0.001523035,0.001743111,0.001957543,0.00215245,0.002302358,0.002382739,0.002395075,0.002368273,0.002339404,0.002337075,0.002365152,0.002390248,0.002353703,0.002223013,0.002036061,0.001859134,0.001715184,0.001591277,0.001479736,0.00138125,0.001292078,0.00120394,0.001119786,0.001055392,0.001017553,0.001004085,0.001017364,0.00105732,0.001117191,0.001189208,0.001270809,0.001370703,0.001494483,0.001630039,0.001757368,0.001855881,0.001918713,0.001972478,0.002056751,0.002195311,0.002392492,0.002633867,0.002900616,0.003179655,0.003451548,0.003694976,0.003893709,0.004035174,0.004122753,0.004170274,0.004183526,0.004162348,0.004098061,0.00398451,0.003837384,0.003676138,0.00351463,0.003366958,0.003235104,0.003119921,0.003026769,0.002948872,0.002881448,0.002826379,0.002778914,0.002739667,0.002709223,0.002679252,0.002647158,0.002610697,0.002569551,0.002533969,0.00250315,0.002472756,0.002453442,0.002453181,0.002478728,0.002533547,0.002598472,0.002659936,0.002729307,0.002819502,0.002939591,0.003085977,0.003235496,0.003372483,0.003498358,0.003613412,0.003704961,0.003761547,0.00381625,0.003920213,0.004040453,0.004094062,0.004076441,0.004044585,0.004039088,0.00407035,0.004115236,0.004146898,0.004187748,0.004303396,0.004523984,0.004772947,0.004954125,0.005088362,0.005256568,0.005502577,0.005743072,0.005776325,0.005616928,0.005515422,0.005515183,0.005469206,0.005425689,0.005609256,0.006095582,0.006755378,0.00742175,0.007977908,0.008427209,0.008944853,0.009649708,0.010460858,0.0112817,0.011962512,0.012314242,0.012443909,0.012612357,0.012790502,0.012640228,0.011964565,0.011072463,0.010332213,0.009707935,0.009024969,0.008407543,0.008107649,0.008145352,0.008365253,0.008641092,0.009016516,0.009588859,0.010317658,0.011070339,0.01174877,0.012322656,0.012825643,0.013313996,0.013751558,0.01394196,0.013787515,0.013526694,0.013423265,0.013466356,0.01351328,0.013556498,0.013729294,0.014013497,0.014047442,0.013456789,0.012388469,0.011248162,0.010210248,0.009234146,0.008276224,0.007379339,0.006512477,0.005537149,0.004509945,0.003661266,0.003074589,0.002667552,0.00237761,0.002189332,0.002039648,0.001871415,0.001747568,0.001793836,0.002048827,0.002335825,0.002350344,0.002052007,0.001636961,0.001176324,0.000687269,0.000286806,5.89E-05,0,4.30E-05,0.000103412,7.03E-05,1.99E-06,2.81E-06,8.08E-05,0.000158176,0.000144957,6.03E-05,0,0,3.47E-06,8.83E-06,2.05E-05,3.95E-05,6.44E-05,9.46E-05,0.00012632,0.000158705,0.000191663,0.000220809,0.000247501,0.000276211,0.000310011,0.000355223,0.000418391,0.000507332,0.000630846,0.000793404,0.001005773,0.001278168,0.001593568,0.00189886,0.002110941,0.002149275,0.001996402,0.001714227,0.00139906,0.001122296,0.000904201,0.000738087,0.000616102,0.000529353,0.000469957,0.000428879,0.000394686,0.000362072,0.000329975,0.000298537,0.000271348,0.000249698,0.000236033,0.000236068,0.000250843,0.00027894,0.00031959,0.000372229,0.000440752,0.000521654,0.000593337,0.000627695,0.00060871,0.000548929,0.000480308,0.000418678,0.000358481,0.000292968,0.000224382,0.000164579,0.000123323,9.75E-05,7.98E-05,6.41E-05,4.69E-05,2.98E-05,1.47E-05,4.28E-06,9.53E-07,2.02E-06,5.23E-06,8.97E-06,9.70E-06,8.04E-06,5.07E-06,8.64E-07,0,0,4.12E-10,0
3280,control,0,0.000132348,0.000282021,0.000446563,0.000620149,0.000804332,0.001005537,0.001224277,0.001454516,0.001687759,0.001918617,0.002143674,0.002355047,0.002537537,0.002669498,0.002734208,0.002739324,0.002714507,0.002693803,0.002701136,0.002731176,0.002739286,0.002665814,0.002490621,0.002264611,0.002059857,0.001901301,0.001776883,0.001678274,0.001603522,0.001544535,0.001487571,0.001430533,0.001388022,0.001369142,0.001373024,0.0014012,0.001452667,0.001521932,0.001605366,0.001703526,0.001823847,0.001968518,0.002122112,0.002263562,0.002377344,0.002464496,0.002552854,0.002674818,0.002845338,0.003065084,0.003321765,0.003597665,0.003876751,0.004137824,0.004361732,0.004535561,0.004648434,0.00470468,0.004720035,0.004699805,0.00464119,0.004537551,0.004387929,0.004211887,0.004031597,0.003860675,0.003712821,0.003591545,0.003495274,0.003425948,0.003375724,0.003335743,0.003304793,0.003280176,0.003264648,0.003259428,0.003254743,0.003246224,0.003232756,0.0032133,0.003196016,0.003184904,0.003182734,0.003198773,0.003228926,0.003264523,0.003312094,0.003383164,0.003483366,0.003603663,0.003729115,0.003857328,0.003989393,0.004127808,0.004272678,0.004406003,0.004521873,0.004625337,0.004691317,0.004724352,0.004779333,0.004849686,0.004890691,0.004919412,0.004961017,0.004995091,0.004983182,0.004928331,0.004921539,0.005030464,0.005205174,0.005388317,0.005581874,0.005793366,0.00599521,0.006147029,0.006243016,0.006290281,0.006275941,0.006228527,0.006200331,0.006184881,0.006203987,0.006360168,0.006695529,0.007161311,0.00770433,0.008263883,0.008719793,0.008995049,0.009275461,0.009828207,0.010556129,0.011174609,0.011581327,0.011799199,0.011891158,0.011887536,0.011708561,0.011287496,0.010716423,0.010115376,0.009447274,0.008661578,0.007976891,0.00769626,0.007757672,0.00795176,0.008227739,0.008601974,0.009077667,0.009643243,0.010246279,0.010819577,0.011316536,0.011717728,0.012041947,0.012318185,0.012515481,0.012532418,0.012363657,0.012191746,0.012136528,0.012131131,0.012125806,0.012146308,0.012168878,0.012116593,0.011877954,0.01132581,0.010455743,0.009398778,0.008302209,0.00726529,0.006313142,0.005418283,0.004547842,0.003679461,0.002787752,0.001910818,0.001253188,0.001014352,0.001069033,0.001099725,0.000952827,0.000790012,0.000832297,0.001027246,0.001214602,0.001316493,0.00127067,0.001079927,0.000811966,0.000501975,0.000219635,6.16E-05,1.01E-05,1.84E-06,9.96E-06,2.55E-05,4.11E-05,6.57E-05,0.000101971,0.00013213,0.000131709,8.65E-05,2.64E-05,0,0,1.48E-05,2.28E-05,3.17E-05,4.95E-05,7.78E-05,0.000113061,0.000149293,0.000185476,0.000224088,0.000263658,0.000304305,0.000346737,0.000388711,0.000431785,0.000481963,0.000548044,0.000638621,0.000754519,0.00089741,0.001069338,0.001252799,0.00140717,0.001480097,0.00143052,0.001264746,0.00103641,0.000808958,0.000622565,0.000483436,0.000382116,0.000312808,0.000269857,0.000247349,0.000239628,0.000238445,0.000238459,0.000237189,0.000232799,0.000227738,0.000223008,0.000219243,0.000222093,0.000234272,0.000254184,0.000282302,0.000319955,0.000368815,0.000423272,0.000465353,0.000477058,0.000452715,0.000404015,0.000352117,0.000304865,0.000257284,0.000208006,0.000160397,0.000121197,9.75E-05,8.77E-05,8.55E-05,8.51E-05,8.25E-05,7.85E-05,7.51E-05,7.20E-05,7.03E-05,6.89E-05,6.74E-05,6.65E-05,6.48E-05,6.22E-05,5.92E-05,5.41E-05,4.91E-05,4.35E-05,2.95E-05,0
2455,control,0,0.000114439,0.000243892,0.000385257,0.000535099,0.000696014,0.000872158,0.001062004,0.001262002,0.001468344,0.001677955,0.001890134,0.002102618,0.002302834,0.002465039,0.002563852,0.00259744,0.002590049,0.002576464,0.002585905,0.002622345,0.002650055,0.002608977,0.002469154,0.002273972,0.002096644,0.001962827,0.001853221,0.00175292,0.001662221,0.001580415,0.001502017,0.001430341,0.001379481,0.001355339,0.001352968,0.001370386,0.001407625,0.001461641,0.001529713,0.001614165,0.001724037,0.001863604,0.002019519,0.002164839,0.002269895,0.00232306,0.002352176,0.002407056,0.002520992,0.002696527,0.002915488,0.003160643,0.003423244,0.003688841,0.003936395,0.004145279,0.004299463,0.004400612,0.004463741,0.00449432,0.00448664,0.004431388,0.004325688,0.004184647,0.004028554,0.003872,0.003727172,0.003596318,0.003477918,0.003376703,0.003292401,0.003219805,0.003155013,0.00309354,0.003038354,0.002994774,0.002958374,0.002922967,0.002883683,0.002839153,0.002797339,0.002763109,0.002737873,0.002728234,0.002734941,0.002754819,0.002791223,0.002849296,0.002931696,0.003032204,0.003139113,0.003249923,0.00336829,0.003498675,0.003639176,0.003770926,0.003880564,0.003965692,0.004012559,0.004031328,0.004063787,0.004110099,0.004144011,0.004175528,0.004218856,0.004259876,0.004266785,0.004230035,0.00421056,0.00427313,0.00440602,0.004577094,0.004777453,0.004993803,0.005195629,0.005355364,0.005467586,0.005536824,0.005567678,0.005572818,0.005533554,0.005410188,0.005274257,0.00529275,0.005527197,0.005924442,0.00642983,0.006989564,0.007514185,0.007946146,0.008398398,0.009036829,0.00978447,0.010443347,0.010955449,0.011346006,0.011628691,0.011773625,0.011698547,0.011362573,0.010846523,0.010242052,0.009535976,0.008722018,0.007993353,0.007600564,0.007513402,0.007585051,0.00779308,0.008163853,0.008693162,0.009353732,0.010087347,0.010817084,0.011479514,0.01204429,0.012520717,0.012917408,0.013189537,0.013257115,0.013125506,0.012939215,0.012814735,0.012745322,0.012721072,0.012760309,0.012826656,0.012842465,0.012706796,0.012302628,0.011596982,0.010666492,0.00963254,0.008605176,0.007630498,0.006694324,0.00577221,0.004871657,0.004005589,0.003192923,0.002559653,0.002256048,0.002206449,0.002175686,0.002046917,0.001935324,0.002002926,0.002206213,0.002409448,0.002551588,0.002576539,0.002402425,0.001998161,0.001423295,0.000836542,0.000397912,0.000143709,2.90E-05,8.46E-07,2.35E-08,3.98E-07,1.74E-05,4.16E-05,5.79E-05,5.59E-05,3.31E-05,6.69E-06,0,0,1.20E-05,2.29E-05,3.72E-05,5.93E-05,8.88E-05,0.000123319,0.000158637,0.000193577,0.000230547,0.000270292,0.000314012,0.000363552,0.000419603,0.000486397,0.000571735,0.000685247,0.000837716,0.001037892,0.001298305,0.001628249,0.002005368,0.002362748,0.002601895,0.002631167,0.002432034,0.002082805,0.001699419,0.001361676,0.001090984,0.000879445,0.000719344,0.000603177,0.00052155,0.000465372,0.000424506,0.00039172,0.000363516,0.000337791,0.000316128,0.000300072,0.000290243,0.000290422,0.000303294,0.000329371,0.000370478,0.000429086,0.000508679,0.000604652,0.000691833,0.000734707,0.000714589,0.000647662,0.000569768,0.000497643,0.000422288,0.000336582,0.000248632,0.000174289,0.0001242,9.58E-05,8.03E-05,6.98E-05,5.89E-05,4.68E-05,3.55E-05,2.62E-05,2.02E-05,1.74E-05,1.70E-05,1.91E-05,2.17E-05,2.38E-05,2.54E-05,2.53E-05,2.46E-05,2.35E-05,1.70E-05,0
2169,control,0,0.000103627,0.00022206,0.000356863,0.000505463,0.000670282,0.000857587,0.001068467,0.001296716,0.001532124,0.001767924,0.002001595,0.002228217,0.002434688,0.002596912,0.002691994,0.002722004,0.002714066,0.002703944,0.002720862,0.002766642,0.00280378,0.002771509,0.002635214,0.002430505,0.002226982,0.00205608,0.001911603,0.001788758,0.001689162,0.001607127,0.001528112,0.001448573,0.001382402,0.001337786,0.001314277,0.001315072,0.001339835,0.001382549,0.001437548,0.001503744,0.001590961,0.00170564,0.001835381,0.001959933,0.002060621,0.002134384,0.002207542,0.002311641,0.002462622,0.002665631,0.002912646,0.00318877,0.003479403,0.003762628,0.004018321,0.004232126,0.004390423,0.00449474,0.004557475,0.004582061,0.004565954,0.004499799,0.00437847,0.004219808,0.00404476,0.003867511,0.003704379,0.003561664,0.003442219,0.003350266,0.003277227,0.003216162,0.003166988,0.00312463,0.003090869,0.003066786,0.003042833,0.003015507,0.002981954,0.002939506,0.002896822,0.002857461,0.002824519,0.002808037,0.002804057,0.002806841,0.00282455,0.002865102,0.002931415,0.003015444,0.003106427,0.003207744,0.003321801,0.003448569,0.003587089,0.003719775,0.003839981,0.003947521,0.004012291,0.004043344,0.004102584,0.004180007,0.004220677,0.004235471,0.004252146,0.004259659,0.004228187,0.004159339,0.004131346,0.00420415,0.004340484,0.004500418,0.004685126,0.004890934,0.00508805,0.005242614,0.005354879,0.005419017,0.005391803,0.005304091,0.005238741,0.005182263,0.005122346,0.005168319,0.00540973,0.005825611,0.006358036,0.006934586,0.007424635,0.007752149,0.008123435,0.008815873,0.009725012,0.01056306,0.011204128,0.011631699,0.011917086,0.012127976,0.012179851,0.011941265,0.011439731,0.010818377,0.010099874,0.009231827,0.008398006,0.00792216,0.007802514,0.007850349,0.008000716,0.008268963,0.00868383,0.009257313,0.009940987,0.010654472,0.011327577,0.011922514,0.012453243,0.012949381,0.013371543,0.013583701,0.013545211,0.013452627,0.01346693,0.01354105,0.013621037,0.013734244,0.01388455,0.014013761,0.013972536,0.01356087,0.012750368,0.01170212,0.010586708,0.009505014,0.008485207,0.007513365,0.006550955,0.00555207,0.00450251,0.003469085,0.002652935,0.002245357,0.002148146,0.002068405,0.001844038,0.001597966,0.001534703,0.001630022,0.00175187,0.001812506,0.001721594,0.00148244,0.00117435,0.000815244,0.000455649,0.000200132,6.33E-05,7.69E-06,3.01E-06,9.46E-06,9.27E-06,1.60E-05,4.81E-05,8.87E-05,0.000103459,6.79E-05,1.44E-05,0,0,6.76E-06,7.77E-06,1.01E-05,1.97E-05,3.79E-05,6.15E-05,8.46E-05,0.00010681,0.000130992,0.000156025,0.000182766,0.000212063,0.000242901,0.000277648,0.0003215,0.00038364,0.00047288,0.000590213,0.000741575,0.000936637,0.001165675,0.00139104,0.001551834,0.001586877,0.001479537,0.001272553,0.001037884,0.000831528,0.000669477,0.000545541,0.00045402,0.000389603,0.000347275,0.000320233,0.000299312,0.000279932,0.000260277,0.000239837,0.000222084,0.000207943,0.000198329,0.000198119,0.000208833,0.000228843,0.000257823,0.000297278,0.000351623,0.000417349,0.000476333,0.000506632,0.00049587,0.000452919,0.000401951,0.000355466,0.000309615,0.000258984,0.000204275,0.000154538,0.00011932,9.83E-05,8.59E-05,7.63E-05,6.61E-05,5.62E-05,4.75E-05,4.05E-05,3.76E-05,3.84E-05,4.20E-05,4.68E-05,4.95E-05,5.01E-05,4.87E-05,4.39E-05,3.96E-05,3.54E-05,2.43E-05,0
2904,control,0,0.000123155,0.000260463,0.000407002,0.000558748,0.00071868,0.000890871,0.001073735,0.001264917,0.001461912,0.001661659,0.001863053,0.002063817,0.002251313,0.002400288,0.002486606,0.002509194,0.002492497,0.002470916,0.002472311,0.002499047,0.002514383,0.002459792,0.002311699,0.002121454,0.001963512,0.00185603,0.001770425,0.001686431,0.001603061,0.001522154,0.0014443,0.001378875,0.001342408,0.001339297,0.001361117,0.001402672,0.001462195,0.001536756,0.001625623,0.001732387,0.001864625,0.002024712,0.002198618,0.002357309,0.002464816,0.002502532,0.002500889,0.002524312,0.002617729,0.002780191,0.002983242,0.003206491,0.003445766,0.003691021,0.003921954,0.004116449,0.004256933,0.004346104,0.004401934,0.004430803,0.004425442,0.004375157,0.004276723,0.004145763,0.004003045,0.003862,0.003731767,0.003610468,0.003493775,0.003388495,0.003299124,0.003221761,0.003150428,0.003080046,0.003015991,0.002966383,0.002927213,0.002890982,0.002852235,0.002810143,0.00277351,0.002747137,0.002730839,0.002730359,0.002747772,0.002780884,0.00283173,0.002903413,0.002998183,0.003109719,0.00322379,0.003336359,0.003454018,0.003584797,0.003727758,0.003862655,0.003973917,0.004059276,0.00410628,0.004123278,0.004149448,0.004187124,0.0042159,0.004250063,0.004304735,0.004363243,0.004386583,0.004357849,0.004340029,0.004408377,0.004555662,0.004742649,0.004952384,0.005172175,0.005377869,0.005545141,0.00566528,0.005742574,0.005792076,0.005825126,0.005796123,0.005646367,0.005464302,0.005448577,0.005667768,0.006054444,0.006543054,0.007080166,0.007586733,0.008009614,0.008441762,0.009028696,0.009701071,0.01027669,0.010709507,0.01103693,0.011270155,0.011366824,0.011244405,0.010878182,0.010364421,0.00978835,0.009122489,0.008358699,0.007690372,0.007357608,0.007318737,0.007424031,0.007655159,0.008043556,0.008579914,0.00922461,0.00991546,0.010584985,0.011182629,0.011685305,0.012103573,0.012442027,0.012656375,0.01268451,0.012545759,0.012369728,0.012251804,0.012180207,0.012149311,0.012178036,0.012220509,0.012190161,0.011996974,0.011556075,0.010850105,0.009939105,0.008929635,0.007932891,0.006998367,0.006109799,0.005242886,0.004414942,0.00364322,0.002933086,0.002393613,0.002169459,0.002189445,0.002226305,0.002171802,0.00214917,0.002324811,0.002644649,0.002947959,0.003165069,0.003238669,0.00304899,0.002535956,0.00179706,0.001057266,0.000515017,0.000208675,6.18E-05,1.12E-05,6.98E-06,1.48E-05,4.02E-05,6.79E-05,7.97E-05,6.98E-05,4.17E-05,1.30E-05,0,0,1.67E-05,3.36E-05,5.57E-05,8.71E-05,0.000127236,0.000173613,0.000222033,0.000270888,0.000322004,0.000375577,0.00043359,0.000498913,0.00057265,0.000660852,0.000773383,0.000920859,0.001116129,0.001371263,0.001701737,0.002115444,0.002579356,0.00300736,0.003278254,0.003283998,0.003010917,0.002562996,0.002082929,0.0016636,0.0013272,0.00106372,0.000864665,0.000720953,0.000621075,0.000553848,0.000506321,0.000469505,0.000439102,0.000411817,0.000388882,0.000371869,0.000361522,0.000362929,0.00037984,0.000413268,0.000465624,0.000539214,0.000637259,0.000753519,0.000856839,0.000904327,0.000874717,0.000789088,0.000691101,0.000599964,0.000504428,0.00039752,0.000290935,0.000203953,0.000147676,0.000117168,0.000101434,9.12E-05,7.93E-05,6.51E-05,5.13E-05,3.95E-05,3.18E-05,2.75E-05,2.50E-05,2.46E-05,2.58E-05,2.78E-05,3.01E-05,3.03E-05,2.91E-05,2.69E-05,1.86E-05,0
2732,control,0,0.000119242,0.000250772,0.000391409,0.000538287,0.00069397,0.000862346,0.001042748,0.001233284,0.001431707,0.001635714,0.00184325,0.00204872,0.002237202,0.002384319,0.002469202,0.002494186,0.002484275,0.002471071,0.002479374,0.002511186,0.002531711,0.002484109,0.002342542,0.002150258,0.001975779,0.001843522,0.001738551,0.001649083,0.001573675,0.001508249,0.001445618,0.001387924,0.001347499,0.001329905,0.001331684,0.001352359,0.001392995,0.001451025,0.001523578,0.001612574,0.001726165,0.001867419,0.002022546,0.002167175,0.002278399,0.002350203,0.002407791,0.002491444,0.002626289,0.002813916,0.003039863,0.003288449,0.003549275,0.003806554,0.004039628,0.004230289,0.00436542,0.004447058,0.004488727,0.004495536,0.004463731,0.00438752,0.004266736,0.004116754,0.003957351,0.003803481,0.003668303,0.003554698,0.00345987,0.003385058,0.003326199,0.003276236,0.003232047,0.003190462,0.003153871,0.003126071,0.003102408,0.003078417,0.00305172,0.003022075,0.002996806,0.002979128,0.002968319,0.002970452,0.002988178,0.003020453,0.003069699,0.003135383,0.003217281,0.00331646,0.003429644,0.003555255,0.003691974,0.003834678,0.003976299,0.004104136,0.004208932,0.004288392,0.004336596,0.004368118,0.004417157,0.004477134,0.004516351,0.004540153,0.004569058,0.00460392,0.004627997,0.00462855,0.004635219,0.004695328,0.004820965,0.005000099,0.0052064,0.005404425,0.00557736,0.005726666,0.005857755,0.00595787,0.005994689,0.005979718,0.005947103,0.005886561,0.005829436,0.00589376,0.006151935,0.006579437,0.007113965,0.007683121,0.008206718,0.008650599,0.009111186,0.009701964,0.010354851,0.010932278,0.011375802,0.011668526,0.011834607,0.011896353,0.01179445,0.011447336,0.010883041,0.010229144,0.009555959,0.008861709,0.008238415,0.007865556,0.007771264,0.007869217,0.008115981,0.008495875,0.009002917,0.009630908,0.0103258,0.011001302,0.011592768,0.012076529,0.012468283,0.012785061,0.012990056,0.013000149,0.012812101,0.012571899,0.012409216,0.012320345,0.012269217,0.0122617,0.012293578,0.012300719,0.012137588,0.01165774,0.010882147,0.009946243,0.0089615,0.007990945,0.007056865,0.006158958,0.005275474,0.004391823,0.003541995,0.002788396,0.002223374,0.00192148,0.001817104,0.001751592,0.001632722,0.001516959,0.00151822,0.001641209,0.00181385,0.001960506,0.001982198,0.001818726,0.001490483,0.001050635,0.000600921,0.000263635,8.00E-05,1.15E-05,1.09E-06,7.32E-06,1.06E-05,1.57E-05,3.33E-05,6.07E-05,7.58E-05,5.90E-05,2.28E-05,0,0,7.99E-06,1.64E-05,2.94E-05,5.02E-05,7.77E-05,0.000109952,0.000143516,0.000176516,0.000210288,0.000244917,0.00028135,0.000321727,0.000367021,0.000421395,0.000491795,0.000585635,0.000711403,0.000875974,0.001088511,0.001355361,0.001656941,0.001937603,0.002117373,0.00212414,0.001947409,0.001654307,0.001338966,0.001064716,0.000847782,0.000680666,0.000556109,0.000467005,0.000405202,0.000363548,0.000333736,0.000309724,0.000289017,0.000270088,0.000254094,0.000242058,0.000234487,0.000234937,0.00024584,0.000267628,0.000301946,0.000350339,0.000414929,0.000491745,0.000560207,0.000591838,0.000572342,0.000515399,0.000450162,0.000389716,0.000326521,0.000255629,0.000183997,0.0001239,8.37E-05,6.13E-05,4.95E-05,4.24E-05,3.50E-05,2.66E-05,1.90E-05,1.33E-05,1.02E-05,8.90E-06,8.03E-06,8.23E-06,8.14E-06,7.28E-06,6.75E-06,6.17E-06,6.80E-06,8.88E-06,7.89E-06,0
3154,control,0,0.000142082,0.000297339,0.000461529,0.000629156,0.000801433,0.000983497,0.001175988,0.001376243,0.001580816,0.001787044,0.001991073,0.002183597,0.00234815,0.002464389,0.002519287,0.002521937,0.002499842,0.002481985,0.002486634,0.002507931,0.002506024,0.002428477,0.002262242,0.002058344,0.001881923,0.001752997,0.001658689,0.001589911,0.001542606,0.001508168,0.001476828,0.001448272,0.001432464,0.001435179,0.001455358,0.00149499,0.001555886,0.001634859,0.001728848,0.001839255,0.001972077,0.002127362,0.002289069,0.002435844,0.00255535,0.002652137,0.002751588,0.002882129,0.003055876,0.003271343,0.003517168,0.003776745,0.004034832,0.004273034,0.004473017,0.004622462,0.004713255,0.004749389,0.004744605,0.004703998,0.004626329,0.004510562,0.004359832,0.004191242,0.004025355,0.003876231,0.00375609,0.003666829,0.003603204,0.003563167,0.003538619,0.003520203,0.003506657,0.003496858,0.003492531,0.003495567,0.003499527,0.003501001,0.003500672,0.003498878,0.003501659,0.003510846,0.003525118,0.003552239,0.003595336,0.003651506,0.003722764,0.003807614,0.003904604,0.004017899,0.004147661,0.004292157,0.004446984,0.004601164,0.004745237,0.004870886,0.004973631,0.005056008,0.005116823,0.005167754,0.005234665,0.005305857,0.005348017,0.005367081,0.005386926,0.005414974,0.005444321,0.005466211,0.005500093,0.005581108,0.005720936,0.005910135,0.006115484,0.006295013,0.006441547,0.006569836,0.006689633,0.006785019,0.006810309,0.006775822,0.006749697,0.006755518,0.006808759,0.006972966,0.00729152,0.007746682,0.008279691,0.008814626,0.009279805,0.009652612,0.010020218,0.010474662,0.010954433,0.011352041,0.011617425,0.011723385,0.011703981,0.011611329,0.011406719,0.011006153,0.010421648,0.009783368,0.009184481,0.008624245,0.008147145,0.007881481,0.007861973,0.008027019,0.008323669,0.008706605,0.009158162,0.009679908,0.010224995,0.010718011,0.011113412,0.01140206,0.011606776,0.011752977,0.011818624,0.011735904,0.011503981,0.011255493,0.011101277,0.011017714,0.010947954,0.010890012,0.010850667,0.010773058,0.010504533,0.009910973,0.009061402,0.008122172,0.007191934,0.006301637,0.005451069,0.004638366,0.003844885,0.003047008,0.002280513,0.001626373,0.001169396,0.000947875,0.000886505,0.000854132,0.000774674,0.000685279,0.000674194,0.000761654,0.000909254,0.001040552,0.001044727,0.000899186,0.000677912,0.000429281,0.000196619,5.00E-05,4.64E-06,0,1.75E-05,4.76E-05,5.61E-05,5.23E-05,6.50E-05,9.27E-05,0.000109799,8.91E-05,4.00E-05,0,0,1.16E-05,2.25E-05,3.69E-05,5.87E-05,8.67E-05,0.000119431,0.000154221,0.000189142,0.000224554,0.000258807,0.000292284,0.000327175,0.00036314,0.000402852,0.00045195,0.000515849,0.000600894,0.000710073,0.000846117,0.001010494,0.001186828,0.001336889,0.001411966,0.001373459,0.001225879,0.001018891,0.000810847,0.000638184,0.000507879,0.000412798,0.000347726,0.00030637,0.000281843,0.000269728,0.00026404,0.000260122,0.000256269,0.000250764,0.000244441,0.000238157,0.000232708,0.000232678,0.000240625,0.000256065,0.000280443,0.000314608,0.000358895,0.00040907,0.000449495,0.000462163,0.00044049,0.00039492,0.00034518,0.000298969,0.000251085,0.000200612,0.000152746,0.000114392,9.10E-05,8.01E-05,7.57E-05,7.32E-05,6.82E-05,6.09E-05,5.40E-05,4.79E-05,4.33E-05,3.89E-05,3.37E-05,2.91E-05,2.48E-05,2.06E-05,1.80E-05,1.60E-05,1.47E-05,1.40E-05,9.85E-06,0
3459,control,0,0.000146654,0.000307351,0.000477061,0.00065162,0.00083195,0.001019659,0.001212042,0.001406853,0.001602263,0.001795635,0.001984737,0.002165581,0.002326081,0.002445293,0.002506152,0.002514348,0.002497073,0.002484478,0.00249484,0.002522396,0.002529519,0.002466056,0.002321335,0.002152307,0.002027171,0.001955504,0.00190641,0.001860593,0.001815302,0.001770755,0.001731268,0.001709559,0.001719418,0.001761037,0.001824173,0.001903511,0.001997903,0.002105028,0.002225767,0.002365024,0.002528561,0.002716214,0.002912748,0.003089534,0.003213472,0.003267899,0.003282726,0.003322005,0.003429027,0.003598591,0.003797708,0.004003498,0.004213143,0.00441989,0.004606,0.004752633,0.004845589,0.004889947,0.004905735,0.004899868,0.004866371,0.004798848,0.004696908,0.004575609,0.00445396,0.004342557,0.004247157,0.00416172,0.004077387,0.004000499,0.003937611,0.003884782,0.00383589,0.003786398,0.003741944,0.003711682,0.003691736,0.003674526,0.003656188,0.003636169,0.00362246,0.003618816,0.003622132,0.003637888,0.003672074,0.003726001,0.003801165,0.003892715,0.003996785,0.004113355,0.004234453,0.004355386,0.004480773,0.004611375,0.004741711,0.004858443,0.004947983,0.00500854,0.005042092,0.005062425,0.005093429,0.005128971,0.005150562,0.005171646,0.00521131,0.005265941,0.005310954,0.005323326,0.005329013,0.005383106,0.005505013,0.005679044,0.005871116,0.006045283,0.006194621,0.006328705,0.006450066,0.006550549,0.006615313,0.006643113,0.006620012,0.00651136,0.006371643,0.006351138,0.006526139,0.006859456,0.007278941,0.007715501,0.008116519,0.008461824,0.008798077,0.009184356,0.009575948,0.009890867,0.010105847,0.010220533,0.010245163,0.010181875,0.009988984,0.009633107,0.009159407,0.008654104,0.008158647,0.007678584,0.007280813,0.007076481,0.007069359,0.007199817,0.007445373,0.007788111,0.00820498,0.008676905,0.00915766,0.009590277,0.009941859,0.010204449,0.010394444,0.010522467,0.010561391,0.010469874,0.010259874,0.010024155,0.009842214,0.009709652,0.009605708,0.009536064,0.009483961,0.009390484,0.009158608,0.00871195,0.008087843,0.007373971,0.006633487,0.005907807,0.005211847,0.004543282,0.003891223,0.003257384,0.002676004,0.002191946,0.001864766,0.00173626,0.001746865,0.001780337,0.001786186,0.001831952,0.002015406,0.002316915,0.002637214,0.002900917,0.003011109,0.002834682,0.002335886,0.001634093,0.000937289,0.000421254,0.000132055,1.95E-05,3.92E-07,4.62E-06,1.06E-05,2.08E-05,3.69E-05,5.39E-05,6.14E-05,4.85E-05,2.17E-05,0,0,1.43E-05,2.98E-05,5.02E-05,7.79E-05,0.000110413,0.000147353,0.000187783,0.000229749,0.000274036,0.000321,0.000372303,0.000430967,0.00049805,0.000578802,0.000681929,0.000815617,0.000991363,0.001221904,0.001522168,0.001900673,0.002329281,0.002730337,0.002994278,0.003021811,0.002796061,0.002406658,0.001979637,0.001598613,0.001285983,0.00103525,0.000841371,0.000698182,0.000595524,0.000524107,0.000473303,0.000434668,0.000404022,0.000377613,0.000355153,0.000337636,0.000325027,0.000321393,0.000330908,0.000355608,0.000398825,0.000462755,0.000549492,0.000654418,0.000750709,0.000799217,0.000779445,0.000707931,0.00062216,0.00054005,0.000452331,0.000353466,0.000254636,0.000173016,0.000119048,8.93E-05,7.45E-05,6.68E-05,5.88E-05,4.81E-05,3.71E-05,2.73E-05,2.00E-05,1.46E-05,9.48E-06,5.88E-06,3.72E-06,3.22E-06,4.09E-06,5.13E-06,6.74E-06,9.37E-06,8.21E-06,0
2593,control,0,0.000156092,0.000325188,0.000502069,0.000680349,0.000862799,0.001056316,0.001260574,0.001469958,0.001678312,0.001881329,0.00207406,0.002246266,0.002381972,0.002463984,0.0024845,0.002457314,0.002411973,0.002377382,0.002369462,0.002375239,0.002347649,0.002236972,0.002042711,0.001827059,0.001655142,0.00153855,0.00145803,0.001403064,0.001369304,0.001347778,0.001328427,0.001312295,0.001312598,0.001335971,0.001380171,0.001445998,0.001532002,0.001633004,0.001748135,0.00188004,0.00203308,0.002204287,0.002375211,0.002525524,0.002644385,0.002736981,0.002832431,0.002962999,0.003140758,0.003361275,0.003608055,0.003860955,0.00410463,0.004320784,0.004492709,0.004610846,0.004668116,0.004671256,0.004637299,0.00457147,0.0044723,0.004338342,0.004173159,0.003997991,0.003835062,0.003694875,0.003586053,0.003507308,0.003452108,0.003419696,0.003401884,0.003389363,0.003381626,0.003377479,0.003380668,0.003393987,0.003408306,0.003419835,0.003430196,0.003439977,0.003456885,0.003483643,0.003519923,0.003573279,0.003640835,0.003714183,0.003797765,0.003899339,0.004024137,0.004168885,0.004320972,0.004474616,0.004627544,0.00477761,0.004923892,0.0050526,0.005157791,0.005247505,0.005307113,0.005340018,0.005389954,0.005452503,0.005493674,0.005532066,0.005590471,0.005651844,0.005681569,0.005675051,0.005706961,0.005842656,0.006044281,0.006253467,0.006454831,0.006649506,0.006827726,0.006966051,0.00705689,0.007106122,0.007112543,0.007102733,0.007111119,0.007138204,0.007227434,0.007467332,0.007864795,0.008357095,0.008890978,0.009411604,0.009829331,0.010088068,0.010319517,0.01072031,0.011217309,0.01159433,0.011779246,0.011798888,0.011704524,0.01151545,0.011164327,0.010611295,0.009969633,0.009369397,0.008786521,0.008174492,0.007700347,0.0075933,0.007786846,0.00810196,0.008493056,0.008963848,0.009497797,0.010062274,0.010594857,0.011038483,0.011369499,0.01158665,0.011715468,0.011779699,0.011750802,0.011565226,0.011249933,0.010964001,0.010796447,0.010679081,0.010563138,0.010468993,0.010364369,0.010160947,0.009759814,0.009096566,0.008217576,0.007231363,0.006238559,0.005312945,0.004472468,0.003691786,0.002944567,0.002226528,0.001536027,0.000901064,0.000468258,0.000361558,0.000493502,0.000599672,0.000552103,0.000480782,0.000571688,0.000792546,0.001007954,0.001141749,0.00113572,0.000979218,0.000722622,0.00041625,0.000148224,1.60E-05,1.16E-07,2.31E-06,1.29E-05,3.67E-05,6.10E-05,9.09E-05,0.000124423,0.000144993,0.00013591,8.96E-05,3.21E-05,0,0,2.25E-05,3.99E-05,5.94E-05,8.75E-05,0.000124275,0.000167579,0.000212722,0.000258718,0.00030749,0.000356008,0.00040473,0.000455619,0.000506227,0.000559377,0.000621842,0.000700553,0.000804073,0.000934829,0.001094702,0.001282925,0.001475018,0.001624117,0.001675978,0.001591747,0.001387368,0.001127993,0.000880632,0.000683044,0.000537665,0.000432922,0.000363175,0.000321793,0.000301997,0.000298615,0.000302429,0.000307698,0.000312389,0.00031329,0.000312108,0.00030975,0.000306398,0.000308783,0.000320533,0.000340488,0.000370164,0.000410383,0.000462323,0.000520264,0.000563678,0.000572709,0.000542463,0.000486172,0.000426669,0.000371045,0.000313018,0.000253602,0.000199029,0.000157039,0.000134233,0.000126511,0.000126172,0.000127222,0.000124608,0.000119688,0.000114512,0.000108028,0.000101768,9.47E-05,8.57E-05,7.70E-05,6.90E-05,6.26E-05,5.79E-05,5.19E-05,4.65E-05,4.07E-05,2.68E-05,0
2447,control,0,0.000131697,0.000275485,0.000427146,0.000582761,0.000745937,0.000922099,0.001109788,0.001304964,0.001504177,0.001704761,0.001903963,0.002094969,0.002262344,0.002383531,0.002441736,0.002443299,0.002415192,0.002388832,0.002386675,0.002405153,0.002403635,0.002326758,0.002158616,0.00195159,0.001774564,0.001646621,0.001549323,0.001470338,0.001407541,0.001355544,0.001305978,0.001260577,0.001232632,0.001228629,0.001245361,0.001282361,0.00133954,0.001413307,0.00150173,0.001607427,0.001737331,0.001891957,0.002054998,0.002202464,0.002315173,0.002391529,0.002459479,0.002557956,0.002708088,0.002909112,0.003145429,0.003399243,0.003657928,0.003904449,0.004118731,0.004284717,0.00439131,0.004442663,0.004454164,0.004431333,0.004370999,0.004268797,0.004126327,0.003961768,0.003796405,0.003643548,0.003514223,0.003409578,0.003325381,0.003262117,0.00321425,0.003173863,0.00313897,0.003107309,0.003081676,0.003065711,0.00305341,0.003040303,0.00302536,0.00300901,0.002999105,0.002998987,0.003008095,0.003032675,0.003072835,0.0031241,0.00318949,0.003272859,0.003377225,0.003501516,0.003637532,0.003780837,0.003929233,0.004079327,0.004226842,0.004357791,0.004463169,0.004544268,0.004591494,0.004616356,0.004660116,0.004719004,0.004760593,0.004796055,0.00484632,0.004902055,0.004935419,0.00493588,0.004955869,0.005054989,0.005223336,0.005425552,0.005639461,0.005846752,0.006032888,0.006186576,0.006306275,0.006388196,0.006417872,0.006413525,0.006401539,0.006373447,0.006376449,0.006527532,0.006869374,0.007353809,0.00792012,0.008503044,0.009015601,0.009411877,0.00980609,0.010353178,0.010980576,0.011507187,0.011866418,0.012064572,0.012133923,0.012084669,0.011846825,0.011360742,0.010707361,0.010025866,0.00934195,0.008634331,0.008041679,0.007777265,0.007821624,0.008037985,0.008382544,0.008852354,0.009435142,0.010107423,0.010805098,0.011447253,0.011981625,0.012392798,0.012701065,0.012924689,0.013024044,0.012919763,0.012628221,0.01231415,0.012098768,0.011954521,0.011843018,0.011778057,0.0117378,0.01163878,0.011352159,0.010766988,0.009911867,0.008907996,0.007865844,0.006860687,0.005918076,0.005026609,0.004162496,0.003320049,0.00251835,0.001800285,0.001283718,0.001080814,0.001103149,0.001132277,0.001055844,0.000971195,0.001033695,0.001228943,0.001448923,0.001616748,0.001652519,0.00150893,0.001207048,0.000799545,0.000397139,0.000125903,1.38E-05,1.27E-07,4.09E-07,9.62E-06,1.88E-05,3.52E-05,6.24E-05,8.78E-05,9.27E-05,6.45E-05,2.23E-05,0,0,1.59E-05,3.00E-05,4.75E-05,7.31E-05,0.000106458,0.000145559,0.000186408,0.000227612,0.000271226,0.000316069,0.000362503,0.000412567,0.000465969,0.000526628,0.000601965,0.000699765,0.000829352,0.000996849,0.00120963,0.001471526,0.001758289,0.002011455,0.002153252,0.002118325,0.001907031,0.001593986,0.001272457,0.001001284,0.00079189,0.000633636,0.00051901,0.000440574,0.000389883,0.000359949,0.000341437,0.000327861,0.000316691,0.000305356,0.00029508,0.000287,0.000281427,0.000283249,0.000295566,0.000318271,0.000353243,0.000402118,0.000467048,0.000543104,0.000607523,0.000632319,0.000605925,0.000543573,0.00047463,0.000410586,0.000343117,0.000269157,0.000196576,0.000137465,0.000100425,8.21E-05,7.43E-05,7.02E-05,6.48E-05,5.80E-05,5.18E-05,4.59E-05,4.12E-05,3.73E-05,3.33E-05,3.03E-05,2.75E-05,2.49E-05,2.34E-05,2.13E-05,2.03E-05,2.04E-05,1.52E-05,0
2599,control,0,0.000128339,0.000270605,0.000422532,0.000579312,0.000742456,0.000915849,0.001098526,0.001287995,0.001481917,0.00167861,0.00187584,0.002066019,0.002232683,0.002353474,0.002413009,0.002419164,0.002399071,0.002382175,0.002388382,0.002413661,0.002418379,0.002347541,0.002185504,0.001984465,0.001812306,0.001688412,0.001595991,0.001523061,0.00146627,0.001419509,0.001375055,0.001334976,0.001312002,0.001312706,0.001334002,0.001374699,0.001434915,0.001512014,0.001604228,0.001713831,0.001847139,0.002004557,0.002170418,0.002320959,0.002437565,0.002519057,0.002592184,0.002695367,0.002849475,0.003051788,0.003286198,0.003536473,0.003790857,0.00403293,0.004243072,0.004405256,0.004508835,0.004557861,0.004567647,0.004544253,0.00448398,0.004382341,0.004241621,0.004079166,0.003915772,0.003765655,0.003640512,0.003541856,0.003464648,0.003408784,0.003369746,0.003338791,0.003312287,0.00328867,0.003271088,0.003262846,0.003258241,0.003252531,0.003244945,0.003236376,0.003233861,0.003240498,0.003255585,0.003285194,0.003330486,0.00338693,0.003456667,0.003543715,0.003650696,0.003776809,0.003915126,0.004061075,0.004212832,0.004367035,0.004516998,0.004648584,0.004754444,0.004836892,0.004889533,0.00492383,0.004975122,0.005037265,0.005078945,0.005111961,0.005159696,0.005214752,0.005250733,0.005257863,0.005282773,0.005379742,0.005542332,0.005739852,0.005950003,0.006151618,0.006330765,0.006481204,0.006603856,0.006692716,0.006726959,0.006720699,0.006709454,0.006694836,0.006715537,0.006874071,0.007213996,0.00769346,0.008249619,0.008813681,0.009302727,0.009677155,0.010044854,0.010544558,0.011104352,0.0115584,0.011845744,0.011971784,0.01197189,0.011864824,0.01159388,0.011107685,0.010478235,0.009830067,0.009189954,0.008543473,0.008014298,0.00778873,0.007848088,0.008071662,0.008414578,0.008859304,0.009388194,0.009987262,0.010602715,0.011158699,0.011608833,0.011942933,0.012181714,0.012347052,0.012409207,0.012296727,0.012024386,0.011743585,0.011562128,0.011446995,0.011352777,0.011286764,0.011232288,0.011113925,0.010803298,0.010189959,0.009316669,0.008322017,0.007315268,0.006356137,0.005460137,0.004616008,0.00380206,0.003005935,0.002241071,0.001560255,0.001084417,0.000907839,0.000934234,0.000959852,0.000887152,0.000814522,0.000887181,0.001086285,0.001309077,0.001477628,0.001504437,0.001347878,0.001048935,0.000671142,0.000313709,8.50E-05,7.18E-06,0,3.25E-06,2.06E-05,3.68E-05,5.30E-05,7.92E-05,0.000106616,0.00011477,8.63E-05,3.59E-05,0,0,1.43E-05,2.63E-05,4.15E-05,6.56E-05,9.86E-05,0.000138535,0.000182049,0.00022681,0.000274025,0.0003228,0.000372461,0.000424324,0.000477944,0.000536332,0.000606719,0.000696688,0.000814838,0.000966601,0.001156268,0.001384013,0.001625209,0.001824724,0.001914316,0.001843613,0.001623262,0.00132612,0.001033722,0.000792516,0.000608726,0.000471531,0.000374221,0.000310375,0.000271606,0.000251719,0.000243191,0.00023968,0.000238345,0.000236428,0.000233858,0.000231328,0.000229355,0.000232702,0.00024481,0.000265572,0.000296977,0.00034087,0.000397673,0.000461515,0.000512224,0.000526419,0.000496839,0.00043864,0.000376486,0.000318821,0.000257802,0.000192047,0.000129923,8.13E-05,5.26E-05,4.10E-05,3.86E-05,3.98E-05,3.97E-05,3.75E-05,3.57E-05,3.44E-05,3.31E-05,3.09E-05,2.73E-05,2.42E-05,2.13E-05,1.80E-05,1.63E-05,1.56E-05,1.59E-05,1.74E-05,1.39E-05,0
2365,control,0,0.000108842,0.000229778,0.000360707,0.000499213,0.00064925,0.00081682,0.001002559,0.001204066,0.001417095,0.001637066,0.001861667,0.002088099,0.002304,0.002481887,0.00259205,0.002629964,0.002621872,0.002605895,0.002613349,0.002651857,0.002689182,0.002662523,0.002535666,0.002350198,0.002180904,0.00205266,0.00194353,0.001836606,0.0017315,0.001629336,0.001529283,0.001439777,0.001377365,0.001347328,0.00134319,0.001362171,0.001404194,0.001465354,0.001540414,0.001629474,0.001741551,0.001882591,0.002041483,0.002191455,0.002297568,0.002340593,0.002347855,0.002378888,0.002477553,0.002647171,0.002863071,0.003104903,0.003366168,0.003634442,0.003888217,0.004104941,0.004267102,0.004376786,0.004450664,0.004496153,0.004508115,0.004474463,0.00438842,0.004262316,0.004115098,0.003962253,0.003816353,0.003677499,0.003544137,0.003424509,0.003322018,0.003233661,0.003155492,0.003082064,0.003016086,0.00296236,0.002916218,0.002871195,0.002821168,0.002765027,0.002711922,0.002664275,0.002619911,0.002587611,0.002576723,0.002593127,0.002638008,0.002698405,0.002764135,0.002838446,0.002924069,0.003024965,0.003145035,0.003277247,0.00341059,0.003537184,0.003649099,0.003734933,0.003788273,0.003833102,0.00390443,0.003983349,0.004020653,0.004016778,0.004008189,0.004015864,0.004034875,0.004042925,0.00403596,0.004052472,0.004145668,0.004333856,0.004563734,0.004760489,0.004919845,0.0050863,0.005286254,0.005471945,0.005531602,0.005464927,0.005376095,0.005257074,0.005068799,0.004942314,0.00505663,0.005436805,0.005978433,0.006560179,0.007091352,0.007560525,0.008079589,0.008732461,0.009450273,0.010145159,0.010735653,0.01112807,0.01136944,0.011575458,0.011705608,0.011567769,0.011061141,0.010360725,0.009677455,0.009016629,0.008340416,0.007782966,0.007491856,0.007459916,0.007602911,0.007852502,0.008224482,0.008766217,0.009440149,0.010142764,0.010791404,0.011355439,0.011853508,0.012316747,0.012711711,0.012909677,0.012853456,0.012702986,0.012639957,0.012675745,0.01273759,0.012820621,0.012984611,0.013195874,0.013213199,0.012777263,0.011954123,0.010997045,0.010046893,0.009121873,0.008216136,0.007351265,0.006505627,0.005611532,0.004714583,0.003951834,0.003396589,0.003032643,0.002805245,0.002656518,0.002535533,0.002449037,0.00247089,0.002642855,0.002930238,0.003209731,0.003274005,0.00301213,0.002487063,0.001803593,0.00109639,0.000529413,0.000179108,2.55E-05,5.44E-06,2.85E-05,2.08E-05,1.31E-07,3.73E-06,5.07E-05,9.66E-05,9.00E-05,3.93E-05,0,0,5.20E-06,1.38E-05,2.93E-05,5.32E-05,8.42E-05,0.000120407,0.000158516,0.000196605,0.000234548,0.00027159,0.000309929,0.000353589,0.00040601,0.000473395,0.000564069,0.00068762,0.000854626,0.001075032,0.001363806,0.001730986,0.002152881,0.002557211,0.002834645,0.002882942,0.002679468,0.002306884,0.001891143,0.001520287,0.001220031,0.000984869,0.000806729,0.000676417,0.000583301,0.000516572,0.000465086,0.000421334,0.000381854,0.000345755,0.000315273,0.000292185,0.000278624,0.000278786,0.00029473,0.000326867,0.000375956,0.000442772,0.000529806,0.00063201,0.000724169,0.000769215,0.000746307,0.000672783,0.000587849,0.00051068,0.000432895,0.000346008,0.000257166,0.000182313,0.000131307,0.000100831,8.21E-05,6.72E-05,5.09E-05,3.29E-05,1.65E-05,5.36E-06,1.05E-06,5.42E-07,1.47E-06,4.08E-06,6.21E-06,6.88E-06,6.52E-06,5.02E-06,3.89E-06,3.22E-06,2.04E-06,0
2287,control,0,0.000118704,0.000247121,0.000382098,0.000522426,0.000670539,0.000828342,0.000994543,0.001168729,0.001350834,0.001540404,0.001735557,0.001928399,0.002101541,0.00223252,0.002307045,0.002331267,0.002326025,0.002316403,0.002324379,0.002351163,0.002363413,0.002310121,0.002168274,0.001973264,0.001785139,0.00163309,0.001514843,0.001426703,0.001367863,0.001328931,0.001293455,0.001254488,0.001219158,0.001193153,0.001177244,0.001175184,0.001189891,0.001220074,0.001264773,0.001327517,0.001417197,0.001535854,0.001668105,0.001793444,0.001902114,0.002001453,0.002112139,0.002248747,0.002413806,0.002611309,0.002843325,0.003101696,0.003371894,0.003633177,0.003864968,0.004053223,0.004188018,0.004269078,0.004303272,0.004291011,0.004230488,0.004122387,0.003972485,0.003799364,0.003623403,0.003459661,0.003324337,0.003226183,0.003163959,0.003130636,0.003110852,0.00309353,0.003077574,0.003061006,0.00304539,0.003033232,0.003020057,0.003004979,0.002989397,0.002973161,0.002961999,0.002960119,0.002968955,0.00299101,0.00301967,0.003047028,0.003078104,0.003126146,0.003203139,0.003308263,0.003432649,0.003570969,0.003715246,0.003861637,0.004009213,0.004139051,0.004238802,0.004314536,0.004356117,0.004367018,0.004385803,0.004422659,0.004464604,0.004518247,0.004581694,0.004634566,0.00464973,0.004625372,0.004629842,0.004720851,0.004864965,0.00501975,0.005193523,0.005396507,0.005591924,0.00572443,0.005773342,0.005766111,0.005765298,0.005802958,0.005826026,0.005805918,0.005855313,0.006093282,0.006480614,0.006939909,0.007464663,0.008044807,0.008607196,0.009084064,0.009560549,0.010196603,0.010921624,0.011527464,0.011973496,0.012325253,0.012576383,0.012634797,0.012404126,0.011908792,0.011312351,0.010695333,0.009974588,0.009137389,0.008439007,0.008149065,0.008176143,0.008334759,0.008630398,0.009129099,0.009815152,0.010616888,0.011453255,0.012248924,0.012943285,0.013506337,0.013945496,0.014255584,0.014384965,0.014289877,0.014020204,0.013714466,0.013462281,0.013258366,0.013120178,0.013071065,0.013032611,0.012905262,0.012648239,0.012223116,0.011565078,0.010654106,0.009577105,0.008472237,0.007410727,0.006371076,0.005325737,0.004325365,0.003403671,0.002529898,0.001810516,0.001448167,0.001389468,0.001354832,0.001181804,0.000962812,0.000857153,0.000842019,0.000810902,0.00074754,0.00068871,0.000637387,0.000546019,0.000381873,0.000198965,7.82E-05,2.38E-05,3.79E-06,0,0,8.26E-06,4.89E-05,7.95E-05,7.73E-05,4.91E-05,1.63E-05,2.04E-07,0,0,5.95E-06,1.09E-05,1.93E-05,3.43E-05,5.48E-05,7.81E-05,9.92E-05,0.000116779,0.000134373,0.000153579,0.000175573,0.000200929,0.000228598,0.000261687,0.00030529,0.000364151,0.000444029,0.000548039,0.000681681,0.000851784,0.001047941,0.001236112,0.001364474,0.001380937,0.001273426,0.001084812,0.000879544,0.000704164,0.000570611,0.000470809,0.000397349,0.000344535,0.000307947,0.000284025,0.000266416,0.000251474,0.000238716,0.000227233,0.000218635,0.00021317,0.000209305,0.000209313,0.000215024,0.000226926,0.000246972,0.000277053,0.000320894,0.000377463,0.000431135,0.000460341,0.000453272,0.000417829,0.000374782,0.000333428,0.000287742,0.000234292,0.000177908,0.000128137,9.29E-05,7.19E-05,6.08E-05,5.55E-05,5.21E-05,4.99E-05,4.82E-05,4.50E-05,4.15E-05,3.93E-05,3.81E-05,3.73E-05,3.55E-05,3.30E-05,3.09E-05,2.80E-05,2.63E-05,2.57E-05,1.92E-05,0
3054,control,0,0.00012886,0.000271251,0.000422576,0.000579444,0.000744305,0.000919726,0.001102647,0.001290313,0.001481089,0.001673112,0.001865029,0.002052707,0.002222411,0.00235071,0.002418339,0.002429665,0.00241108,0.002393805,0.002399964,0.002427202,0.002437402,0.002375674,0.002225113,0.002039326,0.001888704,0.001788706,0.001713272,0.001645032,0.001582168,0.001523665,0.001468386,0.00142458,0.001407233,0.001420253,0.001455882,0.001509437,0.001579588,0.001663934,0.001762544,0.001879675,0.002022226,0.002191056,0.00237096,0.002534094,0.002650243,0.002706568,0.002732162,0.002783773,0.002898911,0.003074672,0.003284912,0.003510052,0.003744461,0.00397733,0.004188666,0.004358289,0.004471732,0.004533234,0.004560964,0.004561617,0.004529071,0.00445578,0.004341756,0.004203328,0.004060558,0.003925891,0.003807943,0.003704669,0.003610062,0.003528524,0.003462559,0.003406619,0.00335517,0.003304506,0.003259453,0.003227127,0.003203355,0.003181386,0.0031577,0.003132501,0.003114214,0.003107281,0.003110406,0.003128238,0.003162762,0.003211748,0.003277474,0.003362646,0.003469263,0.003593959,0.003724883,0.003855882,0.003989457,0.004128717,0.004270319,0.004397143,0.004495947,0.004565802,0.004600237,0.004612229,0.004639389,0.004680482,0.004712013,0.004748648,0.004808972,0.00487819,0.004919606,0.004916025,0.004920986,0.005002008,0.005155012,0.005344423,0.005549391,0.005754012,0.005941812,0.006099054,0.006221249,0.00630861,0.006362242,0.006392275,0.006382696,0.006297835,0.006203896,0.006259146,0.006524106,0.006943262,0.007449502,0.007980836,0.008461163,0.008847388,0.009229883,0.009739711,0.010312267,0.010784235,0.011105885,0.011299389,0.011383286,0.01133955,0.011100926,0.010641156,0.010057183,0.009455904,0.008832721,0.008175001,0.007633436,0.007404432,0.007451233,0.007644155,0.007956984,0.008397178,0.008947487,0.009577372,0.01022744,0.010826251,0.011327235,0.011715972,0.012008441,0.012215894,0.012299376,0.012195694,0.011927449,0.01163375,0.011415412,0.011256057,0.011135906,0.011069697,0.01102375,0.010916596,0.010650043,0.010141574,0.009402633,0.008517625,0.007580078,0.00666745,0.005811203,0.004999827,0.00421457,0.003461797,0.002756868,0.002125961,0.001676465,0.001518143,0.00156723,0.0016171,0.00157402,0.001553345,0.001711944,0.002010923,0.002312129,0.002541284,0.002625925,0.002463611,0.002022866,0.001394776,0.000769651,0.000320501,8.42E-05,7.75E-06,0,3.51E-07,9.53E-06,3.15E-05,5.87E-05,7.78E-05,7.78E-05,5.31E-05,1.90E-05,0,0,1.52E-05,2.95E-05,4.80E-05,7.50E-05,0.000109703,0.000150517,0.000194545,0.000239819,0.000288317,0.000340432,0.00039664,0.000458913,0.000527761,0.000607961,0.000708418,0.000838324,0.001009216,0.001232052,0.001519197,0.001876516,0.002273889,0.002633991,0.002851452,0.002835894,0.00258067,0.002180148,0.001757764,0.00139146,0.001098542,0.00086864,0.000694414,0.000568976,0.00048223,0.000425029,0.000386733,0.00035898,0.000337771,0.000319569,0.000304376,0.000293188,0.00028593,0.000286807,0.000299812,0.000326239,0.00036899,0.000430572,0.000513201,0.000611385,0.000698107,0.00073657,0.000709888,0.000636492,0.000552655,0.000473699,0.000389287,0.000294461,0.000200449,0.000123635,7.42E-05,4.89E-05,3.81E-05,3.43E-05,3.07E-05,2.53E-05,2.02E-05,1.58E-05,1.26E-05,1.02E-05,7.66E-06,6.15E-06,5.69E-06,5.85E-06,6.82E-06,7.85E-06,1.01E-05,1.38E-05,1.24E-05,0
3165,control,0,0.000133644,0.000280255,0.000435452,0.000594831,0.000759135,0.000931469,0.001111901,0.001299682,0.001493614,0.001692276,0.001893104,0.002088346,0.002261742,0.002391663,0.002463083,0.002482046,0.002472543,0.002462147,0.002471048,0.002497574,0.002506002,0.002444186,0.002293752,0.002099373,0.001925323,0.001795174,0.001697876,0.001624201,0.001571133,0.0015314,0.001495471,0.001462371,0.001440698,0.00143524,0.0014445,0.001470095,0.001514565,0.001576162,0.001652844,0.001747066,0.001865884,0.002010428,0.002165554,0.002308691,0.002424613,0.002515371,0.002604734,0.002721432,0.002879378,0.003078772,0.003310546,0.003561006,0.003817198,0.004061937,0.004276204,0.004445622,0.004560153,0.004621523,0.004641128,0.004622573,0.004563484,0.004462723,0.004323782,0.004162903,0.004000207,0.003850617,0.003727434,0.003634423,0.003567263,0.00352298,0.003493527,0.003469705,0.003449024,0.00342968,0.003413714,0.003404403,0.003397181,0.003388764,0.003379104,0.003368055,0.003361048,0.003360979,0.003367443,0.003386156,0.003418407,0.003460595,0.003514804,0.003583485,0.003668948,0.003773549,0.003894629,0.004029386,0.004174029,0.004321883,0.004465971,0.004593406,0.004695259,0.004774511,0.004830079,0.004869721,0.004916706,0.004968559,0.005006516,0.005035798,0.005067548,0.005100816,0.005123942,0.005128803,0.005145303,0.005214707,0.005340739,0.005508828,0.005699872,0.005885904,0.006046625,0.006173395,0.006264622,0.006321745,0.006346826,0.006352013,0.006337506,0.006299506,0.00630514,0.006453476,0.006758221,0.007177684,0.007674062,0.008200169,0.008695111,0.009125271,0.009552523,0.010061824,0.010594718,0.011035034,0.011355354,0.011569247,0.011681867,0.011673444,0.011488282,0.011099029,0.010567708,0.00997971,0.00935877,0.008715861,0.008169481,0.00787864,0.007834245,0.007949111,0.008203286,0.008593952,0.009099363,0.009690719,0.010312567,0.010895031,0.011389193,0.011777736,0.01207455,0.01228865,0.012389429,0.012333141,0.012139752,0.011918518,0.011756585,0.01164855,0.011576333,0.01154353,0.011519943,0.011436833,0.011195414,0.010708149,0.009988055,0.009114366,0.008171882,0.00723289,0.00632709,0.005446248,0.004571171,0.003714988,0.002920064,0.00221857,0.001683835,0.001401842,0.001316768,0.00126839,0.001163422,0.001049596,0.001020812,0.001076468,0.001157497,0.001217807,0.001207044,0.001090935,0.000876111,0.000593483,0.000313257,0.000118643,2.76E-05,2.09E-06,2.59E-06,1.09E-05,2.04E-05,3.50E-05,5.25E-05,6.53E-05,6.54E-05,4.74E-05,2.02E-05,0,0,9.05E-06,1.84E-05,3.18E-05,5.22E-05,7.81E-05,0.000107748,0.000138188,0.000167492,0.000196718,0.000225987,0.000256321,0.000289536,0.000325529,0.000367407,0.000420941,0.000491432,0.000585314,0.00070724,0.000862637,0.001055648,0.001271142,0.001467943,0.00158883,0.001582758,0.001444425,0.001224892,0.00099275,0.000793736,0.000639151,0.000522572,0.000438164,0.000379628,0.000340147,0.000315052,0.000298275,0.00028513,0.000273917,0.000263055,0.000253233,0.000245184,0.000239041,0.000238254,0.000245238,0.000260329,0.00028549,0.000322204,0.000371834,0.000431162,0.000483633,0.000507138,0.000491099,0.000445876,0.000393858,0.000344862,0.000292865,0.000235219,0.000178091,0.000130719,9.95E-05,8.25E-05,7.40E-05,6.90E-05,6.29E-05,5.53E-05,4.78E-05,4.10E-05,3.56E-05,3.11E-05,2.68E-05,2.37E-05,2.09E-05,1.84E-05,1.71E-05,1.62E-05,1.57E-05,1.55E-05,1.13E-05,0
2364,control,0,0.000114577,0.00023779,0.000368456,0.000504558,0.000650131,0.000811737,0.000990279,0.001182629,0.001384684,0.001593018,0.001804012,0.002010293,0.002196513,0.002338905,0.002417407,0.002435667,0.002420339,0.002403516,0.002408989,0.002438214,0.002457395,0.002411035,0.002272875,0.002082712,0.001905036,0.001764632,0.00165186,0.001559333,0.001485587,0.001424164,0.00136515,0.001308097,0.001263809,0.001238478,0.001231512,0.001245808,0.001283835,0.001341744,0.00141359,0.001498749,0.001605201,0.001736511,0.001879191,0.002012361,0.002120782,0.002205287,0.002289806,0.00240336,0.00256102,0.002765593,0.003008391,0.003273913,0.003547248,0.003809088,0.004038969,0.004221798,0.004347602,0.004419003,0.004447884,0.004439431,0.004393198,0.004305542,0.004175968,0.004019291,0.003854683,0.00369732,0.003561541,0.003451042,0.003364114,0.003300743,0.003252569,0.003212086,0.003179638,0.003152869,0.003131726,0.003116828,0.003102334,0.003085625,0.003065934,0.003043424,0.003025238,0.003011849,0.003000395,0.002999464,0.003016016,0.00305309,0.003112389,0.003182089,0.003253796,0.003337796,0.003444595,0.003578011,0.003731978,0.003886395,0.004026164,0.004149519,0.00425442,0.00433452,0.004389659,0.004444702,0.004530726,0.004625475,0.004675227,0.004675781,0.004664104,0.004669928,0.004703925,0.004750044,0.004787628,0.004834877,0.004944197,0.005140704,0.00536695,0.005543217,0.00567483,0.005817587,0.006001617,0.006175221,0.00621255,0.006120258,0.006054541,0.006057573,0.006068981,0.006134426,0.006382186,0.006849244,0.007447359,0.008056144,0.008591238,0.009052894,0.009549084,0.010145265,0.010776293,0.011377686,0.011864369,0.012121175,0.012203601,0.012258655,0.012259368,0.011999646,0.011372959,0.010591714,0.009909087,0.009326346,0.008753224,0.008281213,0.008072558,0.008141427,0.008389663,0.008721787,0.009145208,0.009711923,0.010380285,0.011039524,0.011610023,0.012069629,0.012444671,0.012773085,0.013025741,0.013076126,0.012875408,0.012598227,0.012434189,0.012385738,0.012359101,0.012342395,0.012408471,0.012525285,0.012431448,0.011866006,0.010935753,0.009925574,0.008964952,0.008040819,0.007130058,0.006259052,0.005407417,0.004498393,0.00359138,0.002847471,0.00232611,0.001975025,0.001736824,0.00157689,0.001441857,0.001294181,0.001176173,0.001174687,0.001323049,0.001505127,0.001512805,0.001314435,0.001039872,0.000737662,0.000417977,0.000159645,2.36E-05,0,2.36E-05,6.63E-05,5.04E-05,6.96E-06,7.08E-06,5.87E-05,0.000111359,0.000105131,4.75E-05,0,0,4.57E-06,1.07E-05,2.20E-05,3.97E-05,6.22E-05,8.87E-05,0.000116794,0.000144833,0.000172784,0.000198469,0.000222426,0.000247767,0.000276442,0.000312546,0.000361511,0.000429029,0.000521487,0.000642695,0.000799271,0.000997618,0.001224746,0.001440068,0.001582905,0.001596823,0.001471822,0.001256064,0.00102045,0.000815956,0.000657048,0.00053809,0.000452542,0.000393133,0.000352615,0.000325081,0.000303646,0.000283919,0.000264745,0.000245838,0.000228899,0.00021502,0.000205769,0.000205058,0.000214241,0.000232726,0.000261039,0.000299553,0.000350077,0.000409609,0.000462003,0.000485639,0.000469204,0.000422827,0.000370063,0.000322131,0.000273833,0.000220818,0.000166604,0.000120054,8.83E-05,6.94E-05,5.75E-05,4.79E-05,3.71E-05,2.54E-05,1.52E-05,7.97E-06,4.99E-06,4.41E-06,4.70E-06,5.68E-06,5.21E-06,3.11E-06,1.18E-06,2.78E-08,0,2.87E-07,4.51E-07,0
2608,control,0,0.00013524,0.000284405,0.000443877,0.000608669,0.000779517,0.000960128,0.001150033,0.001346192,0.001544753,0.001743056,0.001938364,0.002122743,0.002280422,0.002391487,0.002443903,0.00244732,0.002427899,0.002413197,0.002421258,0.00244553,0.002446031,0.002371944,0.002211208,0.002014152,0.001844692,0.001721616,0.00163117,0.001564384,0.001518402,0.001485806,0.001456923,0.001431506,0.001420075,0.001427948,0.001453009,0.001496181,0.001557903,0.001635055,0.001726391,0.001834417,0.001965242,0.002118822,0.002278984,0.002423879,0.00253919,0.002627546,0.002715482,0.002834417,0.00299781,0.00320314,0.003437917,0.003686764,0.003936724,0.004170324,0.004369636,0.004522166,0.004618525,0.00466224,0.004666943,0.004636596,0.004568583,0.004460596,0.004315586,0.004152169,0.003991377,0.003846054,0.003727686,0.003638239,0.003573001,0.003530717,0.003503935,0.003483504,0.003467147,0.003452851,0.003443833,0.003443586,0.003445443,0.003445639,0.00344446,0.003441744,0.003443899,0.003454093,0.003472605,0.003505847,0.003551854,0.003603628,0.003665093,0.003744134,0.003846052,0.003968196,0.004100798,0.004239796,0.004383618,0.004530487,0.004677089,0.004807147,0.00491213,0.004998094,0.005054941,0.005087166,0.005130708,0.005183723,0.00522113,0.005256607,0.005305673,0.005354482,0.005374907,0.005362103,0.005378049,0.00547957,0.005640322,0.005818384,0.006005228,0.006196728,0.006372636,0.006505831,0.006587734,0.006627547,0.006636822,0.006636239,0.006630594,0.00661115,0.006641308,0.006824053,0.007165418,0.007606783,0.008106819,0.008621215,0.009071899,0.009406694,0.009729818,0.010200627,0.010748434,0.011184265,0.01145577,0.011595867,0.011632479,0.011552795,0.011290589,0.010827063,0.010266357,0.009700919,0.009099867,0.008442756,0.007905974,0.00770603,0.007783833,0.007985944,0.008286402,0.008698675,0.009205299,0.009772137,0.010342152,0.010856613,0.011280014,0.011600496,0.011834919,0.011997392,0.012057595,0.0119633,0.011739012,0.011516115,0.011376034,0.011279067,0.011199247,0.011152045,0.011097116,0.010955518,0.010646023,0.010099954,0.00932652,0.008402537,0.007424778,0.006478762,0.005595041,0.004753134,0.003928639,0.003129523,0.00236705,0.001660862,0.001137383,0.000935901,0.000973393,0.001009425,0.0009235,0.000823175,0.000863909,0.001013632,0.001156011,0.001235498,0.001213611,0.001069756,0.000823885,0.000515114,0.000229724,6.12E-05,1.52E-05,3.35E-06,4.25E-06,1.71E-05,3.64E-05,6.59E-05,9.48E-05,0.000109282,0.000100103,6.53E-05,2.37E-05,0,0,1.49E-05,2.63E-05,3.99E-05,6.12E-05,8.98E-05,0.000123973,0.000160074,0.000196614,0.000235361,0.000275351,0.000316719,0.000360585,0.000405401,0.000453698,0.000511644,0.000585874,0.000684338,0.000810735,0.000968817,0.001161093,0.001368671,0.001547074,0.001639299,0.001598984,0.001429791,0.001189412,0.000946711,0.000744423,0.000589786,0.000473832,0.000391347,0.000336863,0.000303747,0.000286926,0.000278988,0.000274663,0.00027187,0.000267964,0.000263524,0.000259067,0.000254633,0.000255159,0.000263832,0.000280327,0.000306548,0.000344371,0.000395481,0.000455423,0.000505498,0.00052423,0.000503522,0.000454813,0.00040028,0.000348605,0.000293668,0.000234246,0.000176742,0.000130162,0.000101469,8.82E-05,8.39E-05,8.30E-05,8.06E-05,7.63E-05,7.20E-05,6.70E-05,6.22E-05,5.72E-05,5.15E-05,4.66E-05,4.22E-05,3.84E-05,3.61E-05,3.38E-05,3.19E-05,2.98E-05,2.09E-05,0
2396,control,0,0.000100099,0.000211141,0.000332946,0.000463122,0.000604416,0.000763638,0.00094437,0.001145184,0.001361063,0.001587596,0.00182194,0.002058397,0.002282216,0.00246707,0.002586648,0.002637334,0.002641824,0.002634594,0.002646898,0.002688645,0.00273085,0.002712935,0.002592974,0.002397955,0.00219512,0.002021234,0.001874385,0.001749133,0.001645595,0.001558034,0.001473368,0.001386989,0.001308303,0.00124456,0.001197383,0.001171954,0.001172293,0.001194756,0.001231317,0.001279671,0.001349985,0.001449698,0.001568064,0.001684844,0.001783041,0.001861716,0.001942455,0.00204957,0.002196673,0.002392038,0.002634213,0.002911444,0.003208015,0.003502302,0.00377317,0.004004554,0.004183442,0.004308304,0.004386737,0.004421716,0.004412352,0.00435282,0.004239481,0.004085457,0.003910141,0.003731775,0.003569308,0.003431387,0.003320693,0.003237224,0.003170438,0.003113106,0.00306559,0.003024123,0.002987879,0.002956804,0.002925324,0.00289138,0.002852573,0.002807001,0.0027608,0.00271512,0.002670156,0.002635794,0.002617277,0.002616589,0.002636338,0.002668413,0.002706499,0.002757053,0.002829545,0.002931939,0.0030612,0.003201757,0.003341052,0.003472581,0.003592279,0.003693659,0.003768912,0.003834852,0.003921418,0.004011743,0.00405871,0.004053786,0.004023338,0.003995299,0.00398433,0.003982321,0.00398011,0.00399543,0.004070182,0.004231833,0.004441909,0.004629316,0.004778153,0.004918572,0.005073607,0.005204818,0.005215884,0.005117051,0.005023307,0.00495456,0.004881447,0.004879055,0.005064019,0.00546442,0.006015662,0.006622201,0.007195839,0.007717845,0.008298897,0.009027117,0.009827881,0.010606036,0.01128631,0.011780747,0.012126719,0.012424151,0.012626704,0.012545409,0.012072457,0.011364202,0.010624096,0.009868335,0.009084993,0.008430785,0.008053733,0.007942791,0.008022554,0.008238751,0.008610417,0.00917834,0.009902472,0.010678249,0.011413975,0.01206875,0.012656573,0.013204095,0.013678198,0.013958196,0.013986089,0.013911626,0.013911941,0.014003474,0.014122043,0.014260253,0.014469008,0.014718813,0.014779404,0.014384884,0.013571142,0.0125674,0.011521571,0.010474698,0.009433284,0.008416314,0.007395775,0.006315249,0.005236937,0.004288096,0.003537323,0.002998407,0.002638829,0.002387355,0.002160599,0.00192072,0.001710928,0.001600372,0.00161322,0.001662315,0.001588844,0.001376012,0.001123363,0.000847287,0.000542331,0.000275735,0.000102483,2.74E-05,2.45E-05,4.49E-05,2.94E-05,5.04E-07,8.54E-07,4.00E-05,7.89E-05,7.28E-05,3.03E-05,0,0,5.64E-07,2.18E-06,8.76E-06,2.17E-05,3.98E-05,6.05E-05,8.00E-05,9.68E-05,0.000111086,0.000121666,0.000130837,0.000141663,0.000156344,0.000178865,0.000213772,0.000267015,0.000343997,0.000446738,0.000582531,0.0007612,0.000977542,0.001201069,0.001376313,0.00144296,0.001376984,0.001210656,0.00100933,0.000827282,0.000684014,0.000577409,0.000500677,0.000445692,0.000406062,0.000375825,0.000348469,0.00032081,0.000292187,0.000263924,0.000239312,0.000219747,0.000207408,0.000205714,0.00021476,0.000233493,0.000261417,0.000298765,0.000348479,0.00040843,0.000464352,0.000495094,0.000486335,0.000445901,0.000397669,0.000354987,0.000314212,0.000268661,0.000219091,0.00017413,0.000140686,0.000117454,9.97E-05,8.25E-05,6.32E-05,4.34E-05,2.53E-05,1.18E-05,5.60E-06,4.80E-06,8.05E-06,1.34E-05,1.69E-05,1.77E-05,1.65E-05,1.33E-05,1.01E-05,6.76E-06,3.08E-06,0
3349,control,0,0.000111995,0.000238608,0.00037696,0.000523737,0.000681023,0.000853195,0.001041111,0.001243469,0.001456667,0.001676886,0.001902735,0.002131384,0.002349822,0.002531445,0.00264874,0.002696938,0.002698468,0.002688686,0.002699595,0.002739573,0.002776492,0.002748781,0.002619226,0.002424557,0.002238098,0.002090682,0.001967321,0.00185431,0.00175183,0.001658878,0.001569239,0.001485306,0.001420359,0.001380021,0.001360211,0.001360375,0.001381546,0.001420824,0.001474385,0.001543509,0.001637988,0.001763804,0.001909252,0.002048573,0.002151695,0.0022053,0.002234918,0.002287816,0.002397052,0.002567919,0.002785066,0.003032775,0.003302546,0.003579344,0.003842139,0.004070379,0.004246756,0.004370783,0.004455076,0.004503788,0.004511598,0.004468888,0.004371354,0.004232993,0.004073857,0.003910208,0.003756846,0.003618035,0.003493756,0.003388234,0.003299635,0.003222836,0.003153949,0.003087675,0.00302684,0.002976429,0.002932007,0.002888237,0.002840011,0.002785093,0.002730998,0.002682078,0.002639914,0.002611734,0.00259926,0.002601209,0.002620848,0.00266014,0.002719938,0.002795984,0.002880635,0.002974924,0.003082961,0.003207312,0.003345128,0.003478459,0.003594301,0.003689144,0.003748828,0.003781312,0.003822892,0.003872538,0.003904866,0.003924796,0.003944562,0.003959101,0.003947763,0.003901251,0.003866629,0.00389996,0.004002195,0.004156445,0.004351435,0.004562504,0.004756002,0.00490944,0.00502043,0.005088859,0.005112012,0.005102883,0.005045603,0.004895656,0.004717085,0.004678227,0.004854295,0.005206063,0.005683668,0.006234282,0.006773142,0.007246917,0.007756263,0.008443081,0.009232569,0.009952647,0.010552507,0.011044623,0.011437867,0.011708546,0.011776731,0.011580418,0.011157012,0.010584608,0.009877721,0.009041987,0.008247362,0.007737987,0.007519706,0.00747359,0.007578005,0.007859467,0.008322527,0.008946887,0.009678307,0.010439795,0.011160532,0.011802027,0.0123695,0.012869016,0.013258028,0.013458304,0.013460449,0.013389464,0.013361931,0.013384102,0.013449291,0.013571489,0.013723252,0.013838819,0.013806992,0.013487626,0.012837742,0.011934396,0.010902025,0.009854539,0.008841984,0.007855603,0.00686792,0.005884701,0.004936582,0.004049017,0.003325889,0.002906527,0.002743255,0.002636438,0.00247014,0.00231938,0.002314488,0.002431129,0.002563048,0.002653246,0.00264233,0.002453402,0.002058267,0.001505488,0.000932503,0.000486082,0.000207208,6.23E-05,9.27E-06,2.53E-08,2.74E-08,9.37E-06,2.85E-05,4.42E-05,4.51E-05,2.71E-05,5.60E-06,0,0,6.13E-06,1.34E-05,2.60E-05,4.65E-05,7.42E-05,0.000105822,0.000136494,0.000164826,0.000192398,0.000220248,0.000251309,0.000288205,0.000332371,0.000388746,0.000464649,0.000568955,0.000711171,0.000899031,0.001145536,0.001461492,0.00182906,0.002188489,0.002445795,0.002508084,0.002348929,0.002036019,0.001679838,0.00136071,0.001103023,0.000901761,0.000749153,0.000636787,0.000556025,0.000497933,0.000452459,0.000413315,0.000377676,0.000344768,0.000317327,0.000296924,0.000284574,0.000283845,0.000296573,0.000323158,0.000364653,0.000422605,0.000500659,0.000595002,0.000682475,0.000728738,0.000713342,0.000650573,0.000576017,0.000507574,0.000437724,0.000358419,0.000275791,0.000204813,0.00015521,0.000124538,0.000105195,8.97E-05,7.31E-05,5.54E-05,3.87E-05,2.54E-05,1.80E-05,1.59E-05,1.77E-05,2.22E-05,2.67E-05,3.03E-05,3.24E-05,3.14E-05,2.86E-05,2.45E-05,1.59E-05,0
2874,control,0,0.000146843,0.000309369,0.000484284,0.000665905,0.000854206,0.001052769,0.001260377,0.001471988,0.001681852,0.001886461,0.002082884,0.002263666,0.002414541,0.002517479,0.002562131,0.002559831,0.002538191,0.002525002,0.002536381,0.002561847,0.00255878,0.002478327,0.002312906,0.002115588,0.001949931,0.001832627,0.001748743,0.001689883,0.001653547,0.001631994,0.001615575,0.001603872,0.001606492,0.00162769,0.001665102,0.001720311,0.001793781,0.001881779,0.001983306,0.002101296,0.002241625,0.002403669,0.002570396,0.002719846,0.002838817,0.002931542,0.003025911,0.003152724,0.003323564,0.003535241,0.003774431,0.004023851,0.004269518,0.004494046,0.004680638,0.004818707,0.004899939,0.0049289,0.004920427,0.004878477,0.004800919,0.004686511,0.004538337,0.004375451,0.004218863,0.004079756,0.003968025,0.003884221,0.003822891,0.003783651,0.003759617,0.003741996,0.003729377,0.003719551,0.003715506,0.003721051,0.0037288,0.003734573,0.003738686,0.003740204,0.003745362,0.003757697,0.003778019,0.003813715,0.003862274,0.003915762,0.003979238,0.004061753,0.004168207,0.004294187,0.004427635,0.004564014,0.004702707,0.004843117,0.004983568,0.005107724,0.00520656,0.005287592,0.005340563,0.005368497,0.005407243,0.005454706,0.005487364,0.00552119,0.005569487,0.005614823,0.005627901,0.005606507,0.00561918,0.005722796,0.005881378,0.006048442,0.006221369,0.006402156,0.006569055,0.006688959,0.006751317,0.006772242,0.006772113,0.006769748,0.006761939,0.00674039,0.006773969,0.006959767,0.007289629,0.00770111,0.008159722,0.008627521,0.009028123,0.009305794,0.009564736,0.009974018,0.010465513,0.010844547,0.011063661,0.011164131,0.011171289,0.011065805,0.010783865,0.010323086,0.009798724,0.009286443,0.008732858,0.008115883,0.007623703,0.007469712,0.007575473,0.007781279,0.008069643,0.008458649,0.008927016,0.009437149,0.009935666,0.010374532,0.010727441,0.010985001,0.011163783,0.011277393,0.011298527,0.011182458,0.010953945,0.010733403,0.010590188,0.010479997,0.010382717,0.010317319,0.01023722,0.010067318,0.009750082,0.009236152,0.008525164,0.007672905,0.006766482,0.005891019,0.005075219,0.004294331,0.003526937,0.002785652,0.00207387,0.001403319,0.000908219,0.000742766,0.000813652,0.000870861,0.000795517,0.000707282,0.000765134,0.000925561,0.001064942,0.001136697,0.001115622,0.000982083,0.000749675,0.00045621,0.00018897,3.78E-05,8.02E-07,0,9.14E-07,8.25E-06,2.99E-05,6.21E-05,8.99E-05,9.99E-05,8.71E-05,5.32E-05,1.67E-05,0,0,1.70E-05,2.90E-05,4.15E-05,6.02E-05,8.46E-05,0.000113361,0.000143747,0.000174925,0.000209113,0.000245406,0.000283905,0.000325463,0.000367758,0.00041237,0.000464725,0.000531215,0.000619885,0.000734087,0.00087774,0.001055499,0.001252309,0.001428704,0.001532455,0.001517741,0.001382157,0.001173973,0.000955643,0.00076916,0.000623643,0.000511873,0.000430351,0.000375007,0.000339983,0.00032081,0.000310575,0.000304231,0.0002996,0.000293722,0.000287204,0.000280665,0.00027383,0.000271441,0.000276753,0.000289501,0.000311844,0.000346016,0.000394229,0.000452852,0.000504096,0.000527085,0.000512908,0.000470587,0.000420687,0.000372372,0.000320545,0.000263872,0.000207688,0.000160655,0.000130651,0.000116026,0.000110439,0.000108441,0.00010496,9.97E-05,9.40E-05,8.70E-05,7.95E-05,7.18E-05,6.34E-05,5.61E-05,5.00E-05,4.52E-05,4.25E-05,3.97E-05,3.73E-05,3.43E-05,2.38E-05,0
2273,control,0,9.83E-05,0.000210415,0.00033637,0.000473625,0.00062414,0.000793051,0.000982507,0.001190138,0.001409523,0.001635724,0.001866913,0.002098131,0.002314697,0.002490847,0.002602308,0.002647795,0.002649961,0.002642598,0.002657148,0.002700971,0.002741172,0.002716575,0.002587623,0.002384585,0.002176602,0.001999493,0.001849708,0.001721633,0.001616389,0.001528644,0.001443786,0.001357048,0.001280469,0.001222003,0.001181812,0.001163193,0.00116726,0.001189908,0.001226081,0.001275273,0.001347801,0.001450553,0.001571847,0.001690774,0.001787743,0.001859133,0.001928805,0.002025937,0.002166338,0.002356723,0.002592952,0.002863877,0.003156201,0.003448492,0.003719855,0.003954101,0.004136192,0.004264759,0.004348737,0.004389947,0.004385125,0.00432589,0.004208491,0.004049781,0.003870843,0.003688318,0.003520642,0.003376713,0.003259822,0.003171183,0.003100627,0.003040414,0.002989093,0.002941755,0.002900395,0.002866893,0.002833979,0.002798839,0.002758708,0.002711058,0.002663271,0.002619183,0.002582243,0.002560518,0.002549685,0.002543733,0.002549124,0.002575524,0.00262903,0.002702824,0.002787166,0.002885006,0.002997915,0.003127263,0.003272261,0.003412385,0.00353789,0.003649546,0.003720936,0.003755637,0.003805243,0.003868705,0.003908593,0.003931966,0.00395365,0.00396145,0.003928802,0.003856872,0.0038208,0.003880637,0.004003768,0.004153781,0.004337197,0.004553021,0.004761271,0.004915177,0.005006211,0.005040908,0.005019372,0.004972925,0.004919083,0.004824949,0.004734601,0.00478646,0.005034906,0.005436719,0.00595446,0.006543015,0.007091378,0.007521924,0.007995783,0.008747668,0.009680486,0.010530726,0.011207948,0.011731666,0.012139217,0.01242675,0.012497897,0.012273242,0.011813066,0.011215543,0.010458713,0.009514697,0.008615826,0.008092296,0.007918975,0.007905974,0.008018563,0.008303377,0.00878054,0.009431362,0.010197621,0.011001922,0.011770644,0.012460087,0.013076348,0.013632033,0.014082123,0.01432476,0.014344232,0.014302987,0.014332083,0.014406823,0.014507859,0.014660252,0.014833933,0.014957494,0.014919947,0.014564917,0.013828988,0.012799591,0.011631404,0.010461609,0.009346421,0.008268057,0.007186917,0.006096358,0.005004694,0.003935029,0.003052174,0.002569582,0.002419716,0.002311786,0.002075626,0.001816997,0.001719269,0.001752818,0.001790111,0.001773498,0.001665798,0.001463721,0.00118939,0.00084378,0.000489274,0.00022926,8.20E-05,1.37E-05,0,0,4.08E-07,2.09E-05,5.33E-05,7.65E-05,7.34E-05,4.00E-05,4.46E-06,0,0,4.95E-06,7.19E-06,1.23E-05,2.53E-05,4.70E-05,7.35E-05,9.83E-05,0.000120444,0.000142401,0.000164245,0.000187951,0.000214711,0.000244181,0.000279758,0.000327065,0.000394494,0.000490004,0.00061557,0.000778157,0.000986981,0.001231379,0.001472006,0.00164451,0.001683469,0.001570373,0.001351385,0.001104002,0.000887211,0.000717931,0.000590076,0.000496472,0.000430146,0.000385484,0.000355712,0.000331869,0.000309632,0.000287562,0.000265589,0.000247157,0.000233162,0.000224443,0.000225331,0.000237086,0.000258592,0.000289792,0.000332127,0.000389949,0.000459995,0.0005237,0.000556915,0.000545457,0.000499307,0.000444847,0.000395336,0.000345928,0.000290629,0.000231628,0.000179246,0.000142104,0.00011901,0.000104616,9.30E-05,8.04E-05,6.80E-05,5.66E-05,4.73E-05,4.29E-05,4.31E-05,4.69E-05,5.26E-05,5.64E-05,5.82E-05,5.76E-05,5.30E-05,4.71E-05,3.98E-05,2.58E-05,0
2623,control,0,0.000115859,0.000243456,0.000380317,0.000524174,0.000676676,0.000840095,0.001013027,0.001193713,0.001380671,0.001573189,0.001769489,0.001961208,0.002130794,0.002255989,0.002323047,0.002340437,0.002332232,0.002324438,0.002337004,0.002368349,0.002382565,0.002327018,0.00218073,0.001983714,0.001797676,0.001649565,0.001535275,0.00145052,0.00139366,0.001355068,0.001319227,0.001280649,0.001248241,0.001228971,0.001223385,0.001234028,0.001262866,0.001308049,0.0013678,0.001444551,0.001546314,0.001674853,0.001814897,0.001945945,0.002058048,0.002158472,0.002269281,0.002408631,0.002581088,0.002787975,0.003027496,0.003289952,0.003560421,0.003818088,0.004042576,0.004219958,0.004341159,0.004407772,0.004429304,0.004408438,0.004343147,0.004232381,0.004081022,0.003907377,0.00373174,0.003569048,0.003434797,0.003336311,0.00327161,0.003235546,0.003215274,0.003199686,0.003187073,0.00317619,0.00316863,0.003165832,0.003162259,0.003156021,0.003148311,0.003139657,0.003136122,0.003141327,0.003156226,0.003184813,0.003222603,0.00326216,0.003308052,0.003371509,0.003461441,0.003576777,0.003709872,0.003855785,0.004007643,0.00416041,0.004309986,0.004439725,0.004541251,0.004619664,0.004664974,0.004685526,0.004722288,0.004776545,0.004821999,0.004867611,0.004925081,0.004978746,0.005001093,0.004990075,0.005008045,0.005108712,0.005263886,0.005434491,0.005619857,0.005820504,0.006008854,0.006148673,0.006229866,0.00626443,0.006270383,0.006274797,0.006285739,0.006299682,0.006380295,0.006618645,0.00701032,0.007499907,0.008057485,0.008644007,0.009173459,0.009587204,0.009999716,0.010583756,0.011261718,0.011823861,0.012206525,0.012443087,0.012555819,0.012516951,0.012248952,0.011734293,0.011097045,0.010448738,0.009755905,0.008996926,0.008371444,0.008121982,0.008186553,0.008398584,0.008734105,0.009217482,0.009834991,0.010548556,0.0112916,0.011984652,0.012570322,0.01302711,0.013369509,0.013609181,0.01370544,0.013590712,0.013294562,0.012976653,0.012744862,0.01257429,0.01244573,0.01237616,0.012320763,0.012193318,0.011907493,0.011379591,0.010593068,0.009616051,0.008554448,0.0075062,0.00651272,0.00555706,0.00461316,0.003693449,0.002813075,0.001988228,0.001351968,0.00106576,0.001045066,0.001027344,0.000871409,0.000680412,0.000618665,0.000666662,0.000721422,0.000737258,0.000692945,0.000595897,0.000463484,0.000290868,0.000119263,2.20E-05,4.21E-07,0,0,1.30E-06,1.58E-05,4.51E-05,7.62E-05,9.30E-05,8.57E-05,5.34E-05,1.62E-05,0,0,7.74E-06,1.23E-05,1.91E-05,3.33E-05,5.48E-05,8.12E-05,0.000108415,0.000134521,0.000162347,0.000192478,0.000224207,0.000257498,0.000291044,0.000326802,0.00036996,0.000426173,0.000501593,0.000598529,0.000719256,0.000866553,0.001027067,0.001165785,0.001236516,0.001201324,0.001062413,0.000866686,0.000670989,0.000511068,0.00039286,0.000306785,0.000246187,0.000206342,0.000182263,0.000170408,0.000165361,0.00016298,0.000162021,0.000160974,0.00016032,0.000160166,0.000159674,0.000161826,0.000168999,0.000181121,0.000199979,0.000227657,0.00026611,0.000312449,0.000352067,0.000367602,0.00035259,0.00031626,0.000275848,0.000237601,0.000195632,0.000148325,0.00010083,6.05E-05,3.41E-05,2.13E-05,1.73E-05,1.82E-05,2.06E-05,2.33E-05,2.66E-05,2.88E-05,2.95E-05,2.93E-05,2.83E-05,2.71E-05,2.47E-05,2.09E-05,1.80E-05,1.61E-05,1.65E-05,1.90E-05,1.61E-05,0
3023,control,0,0.000140362,0.000293684,0.000456925,0.000625213,0.00080023,0.000986963,0.001184134,0.001386291,0.001588244,0.001787023,0.001979417,0.002157276,0.002305503,0.002405327,0.002446024,0.002438952,0.002412043,0.002393293,0.002399047,0.002419689,0.002413178,0.002330313,0.002163126,0.001964003,0.001795377,0.001674022,0.001586385,0.001524986,0.001487267,0.001464697,0.001446275,0.001430371,0.001426446,0.001439932,0.001469819,0.001518481,0.001587005,0.001671519,0.001769804,0.001883974,0.002019886,0.002176806,0.002337524,0.00248096,0.002597067,0.002693495,0.002797487,0.002935107,0.003114088,0.003331836,0.003578031,0.00383596,0.004089489,0.004319576,0.004508503,0.00464562,0.004724014,0.004748645,0.004733612,0.004683461,0.004597272,0.004474746,0.004319651,0.004150726,0.00398879,0.003845638,0.003731634,0.003648003,0.003589698,0.003555008,0.003535034,0.00352051,0.003511393,0.00350648,0.003507409,0.003516373,0.003526291,0.003533779,0.003539928,0.00354483,0.003554785,0.003572206,0.003596621,0.003635569,0.003688683,0.003749875,0.003822979,0.003912248,0.004019803,0.004146172,0.004285794,0.00443507,0.004589769,0.004742,0.004885821,0.005010047,0.005108683,0.005186561,0.005237688,0.005271956,0.005324686,0.00538823,0.005429696,0.005460098,0.00550035,0.005545167,0.005575662,0.005586435,0.005622153,0.00572874,0.005891782,0.006080467,0.006274851,0.006455788,0.006612839,0.006739677,0.00683699,0.006901958,0.006913536,0.006888112,0.006875189,0.0068922,0.006973044,0.007186097,0.007546641,0.008015563,0.008543176,0.009067581,0.009510103,0.009832219,0.010141362,0.010579795,0.011080421,0.011482501,0.011725888,0.011808746,0.011767487,0.011631967,0.011349504,0.010864249,0.010243697,0.009616589,0.009016805,0.008424919,0.00794832,0.007760207,0.007841372,0.008075493,0.008418307,0.008849872,0.009351463,0.009907811,0.01046516,0.01095528,0.011339922,0.011611198,0.011791829,0.011904329,0.011920189,0.011771799,0.011471912,0.011167279,0.01096297,0.010821533,0.010696197,0.010596838,0.010509342,0.010364262,0.010042696,0.009443687,0.008612585,0.007678276,0.006737543,0.005841631,0.005000429,0.004202354,0.003427354,0.002662758,0.001925595,0.001271183,0.000815066,0.000648004,0.000676685,0.000704653,0.000631445,0.000537656,0.000554024,0.000676047,0.000826831,0.000938937,0.000934942,0.000803052,0.000600657,0.000364073,0.000146201,2.47E-05,7.97E-07,0,8.80E-06,3.11E-05,4.54E-05,5.65E-05,7.67E-05,9.88E-05,0.000103849,7.52E-05,2.88E-05,0,0,1.65E-05,2.90E-05,4.27E-05,6.24E-05,8.75E-05,0.000117161,0.000149041,0.000182196,0.000218429,0.000255851,0.000293831,0.00033363,0.000373674,0.000415821,0.000465366,0.000528151,0.00061154,0.000718362,0.000851596,0.001014569,0.001191705,0.001344774,0.001425078,0.001392406,0.001249259,0.00104435,0.000836419,0.000663451,0.000532433,0.000435013,0.000366732,0.000322724,0.000296687,0.000284402,0.000279443,0.000277048,0.000275487,0.000272129,0.000267486,0.000262302,0.000256747,0.0002556,0.000261777,0.000274676,0.000296197,0.000328197,0.000372466,0.00042532,0.000469715,0.000486519,0.000468711,0.000425826,0.000377379,0.00033124,0.000281967,0.000228585,0.000176323,0.000133131,0.00010637,9.40E-05,8.96E-05,8.80E-05,8.48E-05,8.00E-05,7.52E-05,6.95E-05,6.34E-05,5.67E-05,4.91E-05,4.21E-05,3.56E-05,2.98E-05,2.62E-05,2.33E-05,2.19E-05,2.15E-05,1.58E-05,0
2400,control,0,0.00012354,0.00025744,0.000399357,0.000546802,0.000704022,0.00087663,0.001063629,0.001261108,0.001464116,0.001667455,0.001868066,0.002062997,0.00224105,0.002378194,0.002450677,0.002459977,0.002435217,0.002412295,0.002415435,0.002443728,0.002461375,0.002412786,0.002277736,0.002110014,0.001980868,0.001900439,0.001835612,0.001766062,0.001690484,0.001611896,0.001536441,0.00147955,0.001459358,0.001477902,0.001524579,0.001593756,0.001682944,0.001787463,0.001904662,0.002036236,0.002188627,0.002364287,0.002550077,0.002718003,0.002830213,0.002863838,0.002850695,0.002863761,0.002954589,0.003119789,0.00332229,0.003536691,0.003760544,0.003986284,0.004194715,0.004364837,0.004480275,0.004546499,0.004584888,0.004604096,0.004598645,0.004556894,0.004472623,0.004359825,0.004237461,0.004116777,0.004004331,0.003893251,0.003777505,0.003668255,0.003574059,0.00349348,0.003421849,0.003353281,0.003292791,0.003248124,0.003213918,0.003182422,0.003147997,0.003110191,0.003079247,0.003056784,0.003037745,0.003030694,0.003046539,0.003092223,0.003168655,0.003258884,0.003350079,0.003446848,0.003550254,0.003662478,0.003789529,0.003924371,0.004055685,0.004177234,0.004280627,0.004355249,0.00439826,0.004435992,0.004503565,0.004578495,0.00460965,0.00460455,0.004607567,0.004639502,0.004688976,0.00472456,0.004738377,0.004774869,0.004891849,0.005100505,0.00533305,0.005512295,0.005652624,0.005815213,0.006028096,0.006235404,0.006311077,0.006251973,0.006174591,0.006070242,0.005884887,0.005749436,0.005856931,0.006231239,0.0067474,0.007270314,0.007719528,0.008097614,0.008506103,0.009010063,0.009551885,0.010069303,0.01047979,0.010676534,0.010721776,0.010764505,0.010779014,0.010566329,0.010024682,0.009351621,0.008777552,0.008292094,0.007804137,0.007401292,0.007233004,0.007304756,0.00752071,0.007792064,0.008128634,0.00858091,0.009113344,0.009635546,0.010088244,0.010457119,0.010768556,0.01105839,0.011298694,0.011370018,0.011221288,0.011007491,0.01089737,0.010884416,0.010879711,0.010878768,0.010952528,0.011068659,0.010981951,0.010457074,0.009610013,0.008714279,0.007887145,0.007111448,0.006362774,0.005665602,0.005002193,0.004293101,0.003581624,0.003019973,0.002669135,0.002472631,0.002366605,0.002321513,0.002310021,0.002342381,0.002492685,0.002804907,0.00323222,0.003627718,0.003752511,0.003463538,0.002828988,0.002001441,0.001169061,0.000527817,0.000157058,1.86E-05,1.08E-05,4.28E-05,3.46E-05,7.69E-06,1.48E-05,6.71E-05,0.000117092,0.000107695,4.86E-05,0,0,1.25E-05,2.75E-05,4.93E-05,7.95E-05,0.000115969,0.000158612,0.000205953,0.000256201,0.000308873,0.000361637,0.000416209,0.000477226,0.000547804,0.000635128,0.000748885,0.000899163,0.001098985,0.001361337,0.001703559,0.002135415,0.002624479,0.003082465,0.003382817,0.003411412,0.003150409,0.002702396,0.002212384,0.001777435,0.001423135,0.001142072,0.000927537,0.000770958,0.000660373,0.000583548,0.000526905,0.000481294,0.000442527,0.000407638,0.000377612,0.000353908,0.000338425,0.000336958,0.000353084,0.000387682,0.00044253,0.000518741,0.000619012,0.00073734,0.000843107,0.000893355,0.000865617,0.000779819,0.000680008,0.00058714,0.000491448,0.000385431,0.000279296,0.000191917,0.000134648,0.000102446,8.44E-05,7.16E-05,5.70E-05,3.97E-05,2.31E-05,1.07E-05,4.92E-06,2.99E-06,2.12E-06,1.89E-06,1.42E-06,9.94E-07,8.05E-07,1.69E-07,4.99E-08,1.21E-06,1.31E-06,0
2583,control,0,7.38E-05,0.000140731,0.000206085,0.000273838,0.00035659,0.000469867,0.000619382,0.000800444,0.001004609,0.00122369,0.001449251,0.001671252,0.001874014,0.002029787,0.002110254,0.002115789,0.002079068,0.002040035,0.002027475,0.002050355,0.00208277,0.002065223,0.001957758,0.001791034,0.00162555,0.001482701,0.001353849,0.001234551,0.001124071,0.001017426,0.000908266,0.000802159,0.000715877,0.000657357,0.000626921,0.000629679,0.000667394,0.000731666,0.000807619,0.000886641,0.000976829,0.001085796,0.001204512,0.001318093,0.001411618,0.001480157,0.001546485,0.001644276,0.001795195,0.002005481,0.00226222,0.002544944,0.002837217,0.003117345,0.003362666,0.003557378,0.003692319,0.003772422,0.00381058,0.00381581,0.003793177,0.00373423,0.003629474,0.003489923,0.003331989,0.003171706,0.003025359,0.002894028,0.002779594,0.002688027,0.002610468,0.002543446,0.002493171,0.002456203,0.002428985,0.002406327,0.002379378,0.002348188,0.002311915,0.002272844,0.002242342,0.002212322,0.002169801,0.002129794,0.002117955,0.002158681,0.002249886,0.002332969,0.002367491,0.002392745,0.002461993,0.002598024,0.00278748,0.002968537,0.0031,0.003214237,0.003329576,0.003415181,0.003481987,0.003599682,0.003805102,0.004019524,0.004099929,0.00401433,0.003873304,0.003804667,0.003891637,0.004086887,0.004200283,0.004177935,0.004235217,0.004521996,0.004853136,0.00498612,0.005012243,0.00519111,0.005644406,0.006161015,0.006251534,0.005906093,0.005713505,0.005843058,0.005876183,0.00570406,0.005778442,0.00636194,0.007218474,0.008020265,0.008646207,0.009216118,0.009911946,0.010658012,0.01139002,0.01227202,0.01308605,0.01334581,0.013243848,0.013404627,0.013900608,0.014023902,0.013165016,0.011886295,0.011122918,0.010860967,0.010351541,0.009423685,0.00875395,0.008694442,0.008926092,0.009075083,0.009223072,0.009644914,0.010338136,0.01108772,0.011743719,0.012281706,0.012765599,0.013311224,0.013904187,0.014221124,0.014032091,0.013653686,0.013529707,0.013686411,0.013811969,0.013838814,0.014135639,0.014776937,0.015037635,0.014196716,0.012672996,0.011331124,0.010394476,0.009584653,0.00872303,0.007940508,0.007213891,0.006219159,0.005095891,0.004373191,0.004008479,0.003499066,0.002813951,0.002355905,0.0022105,0.002043184,0.001697994,0.001537452,0.001890502,0.002436901,0.002511693,0.0020773,0.001610666,0.001234812,0.000802193,0.000372449,0.000113743,8.43E-05,0.000259219,0.000415895,0.00030912,7.76E-05,1.19E-05,0.000149144,0.00032726,0.000332707,0.00016388,0,0,2.12E-07,2.99E-06,1.62E-05,3.69E-05,6.09E-05,9.05E-05,0.000124886,0.000161758,0.000195786,0.000217444,0.000227523,0.000234393,0.000246539,0.000273002,0.000319442,0.000390993,0.000492979,0.000627789,0.000804572,0.001031067,0.001293061,0.00154658,0.001720324,0.00174793,0.001618749,0.001384421,0.00112408,0.000898031,0.000724967,0.000600756,0.000516507,0.000460339,0.000423103,0.000395432,0.000367192,0.000334713,0.000298857,0.000262777,0.000230628,0.000203934,0.000188491,0.000190763,0.000209717,0.000242539,0.000285874,0.000335493,0.000392614,0.000453786,0.000503267,0.0005212,0.000495855,0.000438807,0.000377922,0.000327247,0.000283607,0.000240352,0.000195783,0.00015711,0.00013044,0.000111461,9.42E-05,7.46E-05,5.17E-05,2.84E-05,9.17E-06,4.45E-07,9.11E-07,5.95E-06,1.31E-05,1.91E-05,1.88E-05,1.30E-05,5.35E-06,3.09E-08,0,0,0,0
3435,control,0,0.00011035,0.000235915,0.000376746,0.000529991,0.00069934,0.000890769,0.001102446,0.001326467,0.001552932,0.00177517,0.001991241,0.002198176,0.002384351,0.002525591,0.002598802,0.002607731,0.002582816,0.002561598,0.002571416,0.002609564,0.002633953,0.002583729,0.002433912,0.002235258,0.002062077,0.001933156,0.001825135,0.001724311,0.001631764,0.001546836,0.001464316,0.001390633,0.001345426,0.001335694,0.001354785,0.001399439,0.001465495,0.001546482,0.001639503,0.001745612,0.001872944,0.002025473,0.002189376,0.00233946,0.002445023,0.002491299,0.002510659,0.002561578,0.002681144,0.002868542,0.003097205,0.00334544,0.003605236,0.003861397,0.004093821,0.004284069,0.004416115,0.004495179,0.004541262,0.004561382,0.004549836,0.004492984,0.004384276,0.004242304,0.004088369,0.003933695,0.003788459,0.003651516,0.003521723,0.003409246,0.003315801,0.003237237,0.003170394,0.003109437,0.00305921,0.003024636,0.002996487,0.002967843,0.002933712,0.002892592,0.002855559,0.002827006,0.002808077,0.002807788,0.002824054,0.002852162,0.002899224,0.002971997,0.003072395,0.003188952,0.003303433,0.003414738,0.003530338,0.003657633,0.003797493,0.003930074,0.004045856,0.004142708,0.004190198,0.004201815,0.004247004,0.004315669,0.004350885,0.004373836,0.004421202,0.004471344,0.004472785,0.004416579,0.004395915,0.00449308,0.004668646,0.004863232,0.005068241,0.005286397,0.005499185,0.005678192,0.005822427,0.005922272,0.005930654,0.005873598,0.005822916,0.005745963,0.005631447,0.005631346,0.005867989,0.006304767,0.006852004,0.007420255,0.00787455,0.008140099,0.008433018,0.009046664,0.009877904,0.010622234,0.011143717,0.011432988,0.01157451,0.011643715,0.011555981,0.011189127,0.010604989,0.009969208,0.009287859,0.008489806,0.007761804,0.00742573,0.007453935,0.007634068,0.007892593,0.008238776,0.008695167,0.009270827,0.009914672,0.010550008,0.011120786,0.011602319,0.012014709,0.012391697,0.01269209,0.012775903,0.012614771,0.012423482,0.012361229,0.012363354,0.012366445,0.012403156,0.012475641,0.012512045,0.012361222,0.011845996,0.010969074,0.009907794,0.008827765,0.007816697,0.006894395,0.006043826,0.005229878,0.004400568,0.003520425,0.002655827,0.002025337,0.001813552,0.00189116,0.001945069,0.001828923,0.001722168,0.001874574,0.002230315,0.002592447,0.00284293,0.002861772,0.00258652,0.002071629,0.001406244,0.000755479,0.000301372,7.33E-05,1.45E-06,0,8.23E-06,1.27E-05,2.79E-05,6.88E-05,0.000115268,0.000130488,8.80E-05,2.33E-05,0,0,1.63E-05,2.56E-05,3.65E-05,5.66E-05,8.74E-05,0.000126584,0.000168867,0.000213578,0.000263723,0.000317617,0.000375164,0.00043761,0.000504227,0.000578911,0.000670128,0.000790206,0.000952648,0.001164468,0.001436431,0.0017766,0.002157464,0.002505784,0.002719043,0.00270782,0.002464558,0.002077746,0.001667068,0.001311763,0.001029064,0.000807813,0.000641253,0.000523323,0.000445292,0.000396573,0.00036398,0.00033923,0.000318245,0.000297926,0.000280337,0.000266575,0.000257499,0.000259438,0.000275975,0.000306329,0.000351443,0.000413665,0.000497082,0.000595161,0.00067966,0.000716264,0.000689454,0.000616776,0.000534316,0.000457973,0.00037945,0.00029306,0.000205616,0.000132139,8.46E-05,6.03E-05,4.98E-05,4.47E-05,3.88E-05,3.22E-05,2.64E-05,2.19E-05,2.04E-05,2.12E-05,2.30E-05,2.61E-05,2.84E-05,2.99E-05,3.07E-05,2.93E-05,2.92E-05,3.02E-05,2.31E-05,0
3112,control,0,0.000130369,0.000275671,0.000432604,0.000597001,0.000769044,0.000951154,0.001142595,0.001341169,0.001543959,0.001748935,0.001954221,0.002153129,0.002330353,0.002464414,0.002539899,0.002562847,0.002557248,0.002551161,0.002565787,0.002598957,0.002613755,0.002557321,0.002409258,0.002212013,0.0020304,0.00189046,0.001783417,0.001701878,0.001644234,0.001603019,0.001566249,0.001530863,0.0015055,0.001495345,0.001499283,0.001519441,0.00155787,0.001612393,0.001681308,0.001767368,0.001878483,0.002016628,0.002166683,0.002306255,0.002420402,0.002511788,0.002604511,0.002725048,0.002884923,0.0030854,0.003319588,0.003574609,0.003836965,0.004088266,0.004309483,0.004486707,0.004609348,0.004678837,0.0047063,0.004694512,0.004640656,0.004542757,0.004403751,0.004240914,0.004074672,0.003919314,0.003788694,0.003687862,0.003613997,0.00356473,0.003531153,0.003503952,0.003480873,0.003459464,0.003441889,0.00343144,0.00342269,0.003412271,0.003399719,0.003383986,0.003370764,0.003364261,0.003366218,0.003382294,0.003409533,0.003440972,0.003481127,0.003540186,0.003625045,0.003732039,0.003851142,0.003978435,0.004111713,0.004250496,0.004392756,0.004520348,0.004622296,0.004703997,0.004755938,0.004781353,0.00481363,0.004855728,0.004890728,0.004928597,0.004974698,0.005012412,0.005016245,0.004984844,0.00498206,0.005062204,0.005196482,0.005347891,0.005520115,0.005713578,0.00589469,0.006021343,0.00608044,0.00609271,0.006095847,0.00610972,0.006102103,0.006052142,0.006050771,0.00621409,0.006530471,0.006935815,0.007408396,0.007922098,0.008402784,0.008790414,0.009175116,0.009710865,0.010327836,0.010835413,0.011196262,0.011462467,0.011638259,0.011665284,0.011467566,0.011056162,0.010552331,0.010015235,0.00938096,0.008644306,0.008023786,0.00775315,0.007757755,0.007880542,0.008118985,0.008511305,0.009039232,0.009655328,0.010299879,0.010912288,0.011446026,0.011878406,0.012218641,0.01247086,0.01259912,0.012559791,0.012381252,0.012180222,0.012033328,0.011922966,0.011850707,0.011834252,0.011814243,0.011711238,0.01147505,0.011049468,0.010394192,0.00953159,0.008553879,0.007573013,0.006638074,0.005726782,0.004816022,0.003935708,0.003103571,0.00231372,0.001685463,0.001390166,0.00135831,0.001337791,0.001198357,0.001043727,0.001021912,0.001093827,0.00114714,0.001153026,0.001112037,0.001004541,0.000810923,0.0005423,0.000276679,0.000101823,2.35E-05,3.14E-06,0,3.51E-08,1.28E-05,4.52E-05,7.12E-05,7.52E-05,5.83E-05,3.00E-05,6.62E-06,0,0,9.64E-06,1.67E-05,2.60E-05,4.17E-05,6.34E-05,8.86E-05,0.000113592,0.000137151,0.000161678,0.000188118,0.000217256,0.000249784,0.000284435,0.000323301,0.00037166,0.000435564,0.000521948,0.000634512,0.000778463,0.000959891,0.001166893,0.001361999,0.001490736,0.001501555,0.001384422,0.001184207,0.000966431,0.000777411,0.000629445,0.000516221,0.000432448,0.000373191,0.000332831,0.000306968,0.000289493,0.000275891,0.000264355,0.00025322,0.000243517,0.000235871,0.000229791,0.000228411,0.000234128,0.000247162,0.00026946,0.000303197,0.000350863,0.000409785,0.000463719,0.000490972,0.000480463,0.000440978,0.000393712,0.000348608,0.000300206,0.000245359,0.000189101,0.000140618,0.000107526,8.91E-05,8.01E-05,7.55E-05,7.10E-05,6.57E-05,6.06E-05,5.50E-05,4.98E-05,4.55E-05,4.20E-05,3.97E-05,3.76E-05,3.55E-05,3.41E-05,3.24E-05,3.08E-05,2.88E-05,2.05E-05,0
2165,control,0,0.000139818,0.000294149,0.000462106,0.000639467,0.000829433,0.001039273,0.001268385,0.001508133,0.001747796,0.00198052,0.002201378,0.002401606,0.002567014,0.00267803,0.002720733,0.0027069,0.002669845,0.002643885,0.002649375,0.002675834,0.002676361,0.00259475,0.002417363,0.002198816,0.002008178,0.001864124,0.001752336,0.001666053,0.001603685,0.001556441,0.001511402,0.001468524,0.001443319,0.001443551,0.001467347,0.001516609,0.001589399,0.001678659,0.001780677,0.001895966,0.002031364,0.002188095,0.002349845,0.002496815,0.002615419,0.002707317,0.002801539,0.002931188,0.003110391,0.003338578,0.003600233,0.00387425,0.004144208,0.004389205,0.004590815,0.004738259,0.004822595,0.00485076,0.004840831,0.004798871,0.004723721,0.004609742,0.004455729,0.004282238,0.004110747,0.003951965,0.003817243,0.003707107,0.003618827,0.003555946,0.003510785,0.003475289,0.003450187,0.003432458,0.003424643,0.003427652,0.003430077,0.003427919,0.003420908,0.003408254,0.003399484,0.003397484,0.003402772,0.003425391,0.003462855,0.003509429,0.003572841,0.003657761,0.00376467,0.003888632,0.004018771,0.00415377,0.004292822,0.004431442,0.004567524,0.004689524,0.004794533,0.004885094,0.004937792,0.004965975,0.00503061,0.005114884,0.005157049,0.005173986,0.005203996,0.005237034,0.005240572,0.005212146,0.005223726,0.005335064,0.005511777,0.005707122,0.005904854,0.00609497,0.006268746,0.00641574,0.006543303,0.006636572,0.006625891,0.006539253,0.006505199,0.006539029,0.006594969,0.006737769,0.007054923,0.007533057,0.008095247,0.008646929,0.009060285,0.009275203,0.009498053,0.009992391,0.010664583,0.01125423,0.011629719,0.01175369,0.011719037,0.011643524,0.011466196,0.011045627,0.010412738,0.009755595,0.00913402,0.008477898,0.007896272,0.007644631,0.007724559,0.007968062,0.008288589,0.008657993,0.009089334,0.009604489,0.010156181,0.010666591,0.01108779,0.011406011,0.011649591,0.011862769,0.012017592,0.011980239,0.011719565,0.011448677,0.011327586,0.011282583,0.011226114,0.011181403,0.01117217,0.011139037,0.010911598,0.010309466,0.009382853,0.008345303,0.007344338,0.006423823,0.005576698,0.004790817,0.004036005,0.003247728,0.002403655,0.001601089,0.001039416,0.00085019,0.000903343,0.000935635,0.000814429,0.000669495,0.000706842,0.000914944,0.00116921,0.001356303,0.00134275,0.001130897,0.000843742,0.00052913,0.000236697,6.45E-05,9.42E-06,4.53E-07,2.26E-05,5.67E-05,6.13E-05,5.96E-05,8.82E-05,0.000135438,0.000157073,0.000114173,3.83E-05,0,0,1.40E-05,2.09E-05,2.83E-05,4.35E-05,6.71E-05,9.70E-05,0.000128416,0.000160812,0.000196704,0.000233395,0.000270745,0.000309974,0.000348969,0.000389496,0.000437114,0.000500098,0.000587286,0.000699461,0.00083925,0.001010906,0.001198685,0.001363393,0.001452712,0.001422773,0.001275716,0.001060905,0.000840025,0.000655072,0.000514081,0.000408273,0.000332978,0.00028372,0.00025554,0.00024287,0.000236769,0.000231944,0.000226239,0.000217744,0.000209175,0.000201383,0.000194679,0.000194866,0.000204659,0.00022247,0.000248658,0.000284052,0.000330947,0.000384781,0.000427986,0.00044295,0.00042324,0.000378507,0.000329038,0.000283215,0.000237066,0.000189225,0.000141566,0.000100459,7.43E-05,6.22E-05,5.83E-05,5.71E-05,5.46E-05,5.18E-05,4.95E-05,4.72E-05,4.63E-05,4.58E-05,4.44E-05,4.26E-05,3.95E-05,3.58E-05,3.22E-05,2.75E-05,2.58E-05,2.63E-05,1.99E-05,0
2495,control,0,0.000141167,0.000296062,0.000459708,0.000628036,0.000804241,0.000992705,0.001191037,0.001395331,0.001602251,0.001808111,0.002010383,0.002205852,0.002382864,0.002518087,0.002589302,0.002598487,0.002574003,0.002550937,0.002553089,0.002577887,0.002586302,0.00252209,0.002368426,0.002182677,0.002038749,0.001949263,0.001881674,0.001814932,0.001747049,0.001679318,0.001615149,0.001567162,0.001551891,0.001571973,0.001617626,0.001683444,0.00176785,0.001867307,0.001980731,0.002111827,0.002267283,0.00244826,0.00263995,0.002813078,0.002931962,0.002977747,0.002981538,0.003010801,0.003112813,0.003285028,0.003493931,0.003714655,0.00394268,0.004169652,0.004376128,0.00454119,0.004649304,0.004705871,0.004732063,0.004736187,0.004712246,0.004651178,0.004550087,0.004423648,0.004291441,0.004165062,0.004051053,0.003943798,0.003836275,0.003736765,0.00365232,0.003579912,0.003514463,0.003451247,0.003394984,0.003353629,0.003322761,0.003294351,0.003263255,0.003228976,0.003200691,0.003182114,0.003170468,0.003172698,0.0031962,0.003243627,0.003316257,0.003406585,0.003508427,0.003621606,0.003739413,0.003858595,0.003984081,0.00411554,0.004246942,0.004366981,0.004463522,0.004530866,0.004566895,0.004589916,0.004631476,0.004681419,0.004708871,0.004724843,0.00475598,0.004803685,0.004844987,0.004856167,0.004859827,0.004912113,0.005040763,0.005234653,0.005450798,0.005641741,0.00580313,0.005956383,0.006112124,0.006249032,0.006318725,0.006319647,0.006277102,0.006163466,0.00600431,0.005952979,0.006124448,0.006496563,0.00697945,0.007481845,0.0079326,0.008311535,0.008696647,0.009169954,0.009677068,0.010120977,0.01045364,0.010645508,0.010721638,0.010722255,0.010601547,0.010271195,0.009739279,0.009135014,0.008554448,0.007997528,0.007503604,0.007201473,0.007136145,0.007253458,0.007506482,0.00785988,0.008301955,0.008833416,0.009406785,0.009946007,0.010401746,0.010760613,0.011042171,0.011265808,0.011399139,0.011364739,0.01115453,0.010898274,0.010717472,0.01060887,0.010531183,0.010489287,0.010490797,0.01047776,0.010299165,0.009818574,0.009089552,0.008261736,0.007427839,0.006622955,0.005854004,0.005124525,0.004420805,0.003721044,0.003057268,0.002503858,0.002133418,0.001972315,0.001951323,0.001959301,0.001945003,0.001973432,0.00215092,0.002470934,0.002839748,0.003159143,0.003288147,0.003088336,0.002551721,0.001803663,0.001050319,0.000482156,0.000158144,2.56E-05,3.16E-06,1.17E-05,1.52E-05,1.75E-05,3.01E-05,5.76E-05,7.73E-05,6.42E-05,2.72E-05,0,0,1.53E-05,3.20E-05,5.42E-05,8.42E-05,0.000120244,0.000161244,0.000205249,0.000250618,0.000298223,0.000347663,0.000400788,0.000461309,0.000531046,0.000615838,0.000724971,0.00086793,0.001056984,0.001304961,0.001627982,0.002034952,0.002495318,0.002925701,0.003207523,0.003233612,0.002986541,0.002563385,0.00210111,0.001691008,0.001357372,0.001092711,0.000890212,0.000741895,0.00063647,0.00056329,0.000510407,0.000468831,0.000434134,0.000403075,0.000376557,0.000356279,0.000343005,0.000341238,0.000354714,0.000384894,0.000434381,0.00050488,0.000598682,0.000710359,0.000811051,0.000859356,0.000833834,0.000753508,0.000659881,0.000572236,0.00048044,0.000377738,0.000274905,0.000190009,0.000134187,0.000103351,8.70E-05,7.64E-05,6.46E-05,5.03E-05,3.65E-05,2.51E-05,1.80E-05,1.38E-05,1.03E-05,7.94E-06,6.37E-06,5.57E-06,5.73E-06,5.69E-06,6.28E-06,8.02E-06,6.72E-06,0
3203,control,0,0.000121831,0.000249161,0.000384917,0.000528816,0.000688343,0.000873854,0.001085098,0.001311458,0.001540156,0.001762596,0.00197195,0.00215834,0.002307754,0.002400736,0.002423903,0.002391463,0.002339628,0.002303265,0.002300808,0.002320889,0.002319312,0.002243558,0.002081323,0.001884884,0.001716463,0.001587892,0.001484516,0.001402664,0.001341801,0.001293421,0.00124618,0.001202559,0.001179504,0.001184036,0.001214242,0.001273227,0.001358394,0.001460513,0.001573368,0.001695023,0.001831726,0.001984982,0.002139036,0.002277176,0.002388895,0.002476545,0.002569814,0.002701415,0.002883843,0.003115766,0.003380154,0.003654081,0.003920679,0.004158262,0.004348152,0.004481074,0.004550161,0.004564302,0.004541927,0.004489963,0.004410359,0.004297469,0.004147973,0.003982416,0.00382106,0.003672745,0.00354767,0.003443973,0.003359476,0.003299519,0.003255,0.003219356,0.00319675,0.003183779,0.003181719,0.003189684,0.003194829,0.003194878,0.003190783,0.003183012,0.003183046,0.003189811,0.003198581,0.003221142,0.003261192,0.003320989,0.003407544,0.003506937,0.003607541,0.003717635,0.00384349,0.003990532,0.004153218,0.004307755,0.004441435,0.004557166,0.004659964,0.004743416,0.004789563,0.004832019,0.004938345,0.005069009,0.005124165,0.005111506,0.005100541,0.005119072,0.005161044,0.005208832,0.005267068,0.005368012,0.00553915,0.005778192,0.006015125,0.006178867,0.006302909,0.006460712,0.006694812,0.006924959,0.006933753,0.006746317,0.0066742,0.006788282,0.00689382,0.006982417,0.007263246,0.007810848,0.008487137,0.00911306,0.00954828,0.009783562,0.010057153,0.010579901,0.011260976,0.011928697,0.012389857,0.012451778,0.012269262,0.012163563,0.01211379,0.011773042,0.010984248,0.010101039,0.009462819,0.008979919,0.008483842,0.008118491,0.008086224,0.008347291,0.008721121,0.009065873,0.009423833,0.009902907,0.010465997,0.010993373,0.011413838,0.011717023,0.011949856,0.012188333,0.012406526,0.012389738,0.012041286,0.01164363,0.011463884,0.011432084,0.011368305,0.011276857,0.011302048,0.01142333,0.011283639,0.010528247,0.009345571,0.008182728,0.007214793,0.006368671,0.005571552,0.004855577,0.004189688,0.00340679,0.002517918,0.001772289,0.00132606,0.001124455,0.001046029,0.000998536,0.000901493,0.000763669,0.000717402,0.000871232,0.001221021,0.001566108,0.00158708,0.001289302,0.000939127,0.000610769,0.000288801,6.66E-05,4.47E-08,4.37E-06,9.26E-05,0.00017766,0.000147258,7.19E-05,7.52E-05,0.0001616,0.000236575,0.000199147,8.02E-05,0,0,1.08E-05,1.66E-05,2.50E-05,4.01E-05,6.16E-05,9.00E-05,0.000121834,0.000156978,0.000196437,0.000233887,0.000268442,0.000303128,0.000337975,0.000376806,0.000425105,0.000490442,0.000581773,0.000699756,0.000848671,0.001034717,0.001241475,0.001427226,0.001534231,0.001512516,0.001363071,0.001137688,0.000902685,0.000705168,0.000554653,0.000441827,0.000361741,0.00030917,0.000278847,0.000264058,0.000254052,0.000243825,0.000232391,0.000218419,0.000204914,0.000192493,0.000182569,0.000182214,0.000193577,0.000214323,0.000243806,0.000281556,0.000330758,0.000387484,0.000433121,0.000449486,0.00042936,0.000382048,0.000329408,0.000281123,0.000233773,0.000185318,0.000136041,9.27E-05,6.49E-05,5.06E-05,4.34E-05,3.85E-05,3.25E-05,2.68E-05,2.26E-05,1.97E-05,1.99E-05,2.16E-05,2.22E-05,2.13E-05,1.70E-05,1.13E-05,6.09E-06,1.18E-06,7.80E-07,3.82E-06,4.61E-06,0
3182,control,0,8.03E-05,0.000164718,0.000261931,0.000374265,0.00051198,0.000689514,0.000909348,0.001158255,0.001416832,0.001671343,0.001914973,0.002142405,0.002343541,0.002493333,0.002563752,0.002558368,0.002514888,0.002478768,0.002481223,0.002521703,0.002561245,0.002536634,0.002411194,0.002224467,0.002045687,0.001893804,0.001753208,0.001619264,0.001495723,0.001380431,0.001265059,0.001155914,0.001076314,0.001034972,0.001028468,0.001059374,0.001123023,0.001206651,0.001298589,0.001392026,0.001496054,0.001619234,0.001751154,0.001874925,0.001966827,0.002013567,0.002047235,0.002118531,0.002257857,0.002469371,0.002729493,0.003012259,0.00330382,0.00358238,0.003827309,0.00402472,0.00416105,0.00424376,0.004292746,0.004316416,0.004315776,0.00427405,0.004175738,0.004038459,0.00388177,0.00371567,0.003553001,0.003392118,0.003237529,0.003105027,0.002991205,0.002894838,0.002821021,0.002762042,0.002718784,0.002689534,0.002659082,0.002623882,0.002579673,0.00252469,0.002473763,0.002424412,0.002371789,0.002332954,0.002316512,0.002332036,0.002388154,0.002458305,0.002519513,0.002579551,0.002651272,0.002751871,0.002883535,0.003020124,0.003145333,0.003266078,0.003391171,0.003501226,0.003562681,0.003621961,0.00376771,0.003940935,0.003999352,0.003944422,0.003874288,0.003841031,0.003849255,0.003875085,0.00389925,0.003946925,0.004079297,0.004324217,0.004587645,0.004758993,0.004883084,0.005076384,0.005409336,0.005750351,0.005753334,0.005441995,0.005271137,0.005316892,0.005249372,0.005069478,0.005155636,0.005660295,0.00638576,0.007079001,0.007550944,0.007801409,0.008163716,0.008906207,0.009910772,0.010982074,0.011842226,0.012177421,0.012207621,0.01242482,0.012815667,0.012826151,0.012108163,0.011116347,0.010384056,0.009798123,0.009050903,0.008317511,0.007968681,0.008016185,0.008199614,0.008318711,0.008473666,0.008863727,0.009474192,0.010152625,0.01078785,0.011346664,0.011879267,0.012489595,0.013149008,0.013533174,0.013444142,0.013232447,0.013277042,0.013508621,0.013679189,0.013789929,0.014088341,0.01459869,0.014804399,0.014135186,0.012815914,0.011494753,0.010433599,0.009518273,0.008641849,0.007864909,0.007143284,0.006208311,0.005065025,0.004081843,0.003450876,0.003053096,0.002766516,0.002565015,0.002376926,0.002166721,0.002062856,0.002224689,0.002677892,0.003141166,0.003137507,0.002649162,0.002048854,0.001450166,0.000835967,0.000344697,7.66E-05,1.90E-05,0.000119146,0.000222593,0.000157741,2.95E-05,2.21E-05,0.000151822,0.000277482,0.00024625,9.68E-05,0,0,6.62E-06,9.01E-06,1.50E-05,2.68E-05,4.58E-05,7.30E-05,0.000103819,0.000138735,0.000177738,0.000212543,0.000243338,0.000274719,0.000309406,0.00035336,0.000412891,0.000499576,0.000625306,0.000791409,0.001008466,0.001290102,0.001620284,0.00194452,0.002174554,0.002224211,0.002074185,0.001784719,0.001454815,0.001162332,0.000929418,0.000749213,0.000615669,0.000521569,0.000460128,0.000419649,0.000384906,0.000349982,0.000313367,0.00027546,0.000241854,0.000213878,0.000195472,0.000195224,0.000213975,0.00024805,0.000294282,0.000351316,0.000424763,0.00050976,0.00058259,0.000616793,0.000597181,0.000535493,0.000464607,0.000402137,0.000345254,0.000286222,0.000221981,0.00016306,0.000121956,9.63E-05,7.85E-05,6.18E-05,4.29E-05,2.51E-05,1.01E-05,1.44E-06,8.62E-07,5.35E-06,1.24E-05,1.90E-05,1.99E-05,1.69E-05,1.08E-05,2.06E-06,1.65E-08,6.07E-07,7.46E-07,0
3491,control,0,0.000104547,0.000225165,0.000360723,0.000507596,0.000667135,0.000844289,0.001040582,0.001253328,0.001476545,0.001705485,0.00193899,0.002174426,0.002399193,0.002586842,0.002709471,0.002762333,0.002768276,0.002763339,0.002780274,0.002827424,0.002872292,0.002852315,0.002727046,0.002529382,0.002332126,0.002169658,0.002031934,0.001908546,0.001800553,0.001705784,0.001614702,0.001526365,0.001453252,0.001402134,0.001370951,0.001361034,0.001373778,0.001405537,0.001451028,0.00151014,0.001593172,0.001707336,0.001841487,0.001971533,0.002070888,0.002129931,0.002173956,0.002243392,0.002364797,0.002544543,0.002771954,0.003032737,0.003315767,0.003603166,0.003874142,0.004109901,0.004293863,0.004425109,0.004515015,0.004567213,0.004577167,0.00453492,0.004435152,0.004292074,0.004125918,0.003953275,0.0037905,0.003643826,0.003515232,0.003408962,0.003320925,0.003245503,0.003180022,0.003119178,0.003064845,0.003020372,0.002980096,0.002939171,0.002892628,0.002837538,0.002781068,0.002727429,0.002679621,0.002646492,0.002628308,0.002622081,0.002632421,0.002663844,0.0027177,0.002787672,0.00286571,0.002954815,0.003059475,0.003182189,0.003320337,0.003455329,0.003576043,0.003679849,0.003747444,0.003785541,0.003835452,0.003893826,0.003928373,0.003944092,0.00395544,0.003956678,0.003927801,0.003865686,0.003825822,0.003861777,0.003962567,0.00410839,0.004296057,0.004506428,0.004701622,0.004852419,0.004957108,0.005016218,0.005018554,0.004980184,0.004908269,0.004768425,0.004608913,0.00458142,0.004760663,0.005113222,0.005592902,0.006145844,0.006674343,0.007116583,0.007602586,0.008312768,0.009161641,0.009943219,0.010590071,0.011110296,0.011525268,0.011829172,0.011940424,0.011781332,0.011379273,0.010813219,0.010093723,0.009218581,0.008373298,0.007829873,0.00759214,0.007523926,0.007596239,0.007835606,0.008254141,0.008842547,0.009552548,0.01030833,0.011036925,0.011696332,0.012291334,0.012833232,0.013281748,0.013543944,0.013596654,0.013575768,0.013606446,0.013683815,0.013792795,0.013949872,0.014134232,0.014286619,0.014289999,0.013981125,0.013307673,0.012365702,0.011298632,0.010224498,0.009190269,0.008184342,0.007175697,0.006157436,0.005146534,0.004177272,0.003383869,0.002927401,0.002748613,0.002620125,0.002412484,0.002212499,0.002164537,0.002239518,0.002328455,0.002374142,0.002316269,0.002106981,0.001749203,0.001275808,0.000787551,0.00040903,0.000173157,4.87E-05,3.75E-06,8.74E-08,0,7.65E-06,2.82E-05,4.86E-05,5.26E-05,3.20E-05,5.02E-06,0,0,5.34E-06,9.74E-06,1.76E-05,3.29E-05,5.56E-05,8.22E-05,0.000107855,0.000131447,0.000154794,0.000178546,0.000204962,0.000235902,0.00027209,0.000317156,0.000377281,0.000461449,0.000578536,0.00073359,0.000937023,0.001199893,0.001509743,0.001817908,0.002044875,0.002109891,0.00198675,0.001728997,0.001430176,0.001161314,0.000944907,0.000776802,0.000650213,0.000557791,0.000492058,0.00044496,0.000407572,0.000374537,0.000343352,0.000313638,0.000288365,0.000269035,0.000256995,0.000255977,0.000267392,0.000290833,0.000326746,0.000376893,0.000445169,0.000527983,0.000604894,0.000646432,0.000634628,0.000581224,0.000517201,0.000458859,0.000400322,0.000333866,0.000263263,0.00020124,0.000157175,0.000129566,0.000111749,9.68E-05,8.05E-05,6.32E-05,4.71E-05,3.43E-05,2.73E-05,2.55E-05,2.81E-05,3.36E-05,3.86E-05,4.19E-05,4.32E-05,4.11E-05,3.71E-05,3.11E-05,1.99E-05,0
3214,control,0,0.000110303,0.000235196,0.000376595,0.000531968,0.000704517,0.000901056,0.001121173,0.001356118,0.001594202,0.001828364,0.002055468,0.002269321,0.002456571,0.002594827,0.0026649,0.002673916,0.002652635,0.002636576,0.00265117,0.002692297,0.002717657,0.002667862,0.002516345,0.002305934,0.002105611,0.001941673,0.001805798,0.001693949,0.001607296,0.001538568,0.001472307,0.00140538,0.001353059,0.001324254,0.001318384,0.001338228,0.001382194,0.001443274,0.001516273,0.001600374,0.001704419,0.001833081,0.001972317,0.002102598,0.002208518,0.002290299,0.002375914,0.002495937,0.002663414,0.002880988,0.003138604,0.003419226,0.003706682,0.003978197,0.004213951,0.004401291,0.004528909,0.004601136,0.004632997,0.004629281,0.004588164,0.004501037,0.004363984,0.004196663,0.004020303,0.003847166,0.003691669,0.003558216,0.003448291,0.003366387,0.00330366,0.003252542,0.003213835,0.003183354,0.003162925,0.003152795,0.003141869,0.003126529,0.00310506,0.003075715,0.003048036,0.003025386,0.003010179,0.003012653,0.003028016,0.003049457,0.003086047,0.003146511,0.003233731,0.003339357,0.003450925,0.00356973,0.003696602,0.003829968,0.003968832,0.004097488,0.004211807,0.004312596,0.004368403,0.004392222,0.004454428,0.004540609,0.004584932,0.004602792,0.004630901,0.004654954,0.004638215,0.00458238,0.004573423,0.004675061,0.004841102,0.005020922,0.005212136,0.005415457,0.005610367,0.005768803,0.005894331,0.005975703,0.005948579,0.005846528,0.005794289,0.005796199,0.005808443,0.005913841,0.006209279,0.006679425,0.007253059,0.007841591,0.008301154,0.008555445,0.008842157,0.009473105,0.010338733,0.011125305,0.011681512,0.011976078,0.012105026,0.012176939,0.012113177,0.01176216,0.01115902,0.010488347,0.00978733,0.008980077,0.008230142,0.007859313,0.007860902,0.00803092,0.008283713,0.008614824,0.009052497,0.00962079,0.010271708,0.010920813,0.011503913,0.011992703,0.012409317,0.012795359,0.013113952,0.013210042,0.013040942,0.012837295,0.012777401,0.012791334,0.012799773,0.012832741,0.012909255,0.012969264,0.012842706,0.012319873,0.011406332,0.010308793,0.009203401,0.008165581,0.007204662,0.006306512,0.00543365,0.004518675,0.003528808,0.0025537,0.00182396,0.001521899,0.001517894,0.001499068,0.00130343,0.001078993,0.001058699,0.00121889,0.001415426,0.001539749,0.001473637,0.001233026,0.00093685,0.000611583,0.000297401,9.64E-05,1.87E-05,4.35E-07,8.63E-06,2.86E-05,2.92E-05,3.23E-05,6.74E-05,0.000118231,0.000140187,9.73E-05,2.62E-05,0,0,1.07E-05,1.30E-05,1.50E-05,2.42E-05,4.24E-05,6.71E-05,9.29E-05,0.000119517,0.000150241,0.000183022,0.000217201,0.000253041,0.000288598,0.000325354,0.00036845,0.000427306,0.000511177,0.000620211,0.000757974,0.000931737,0.001129541,0.001313821,0.001429429,0.001425993,0.001297564,0.00108939,0.000866539,0.000676726,0.000530909,0.00042056,0.000340469,0.000286542,0.000254189,0.000237178,0.000226475,0.000217163,0.000207214,0.000195317,0.000184397,0.000175187,0.000168252,0.000168979,0.000179475,0.000197797,0.000223787,0.000259082,0.000307528,0.000365011,0.000413755,0.000434935,0.000420195,0.000378572,0.000331122,0.000287618,0.000244199,0.000197351,0.000147823,0.000103119,7.29E-05,5.71E-05,5.00E-05,4.64E-05,4.25E-05,3.93E-05,3.72E-05,3.55E-05,3.58E-05,3.76E-05,4.02E-05,4.30E-05,4.33E-05,4.17E-05,3.88E-05,3.40E-05,3.16E-05,3.12E-05,2.33E-05,0
3174,control,0,0.000126907,0.000262875,0.000404172,0.000548088,0.000697919,0.000858602,0.001031172,0.001215019,0.001408222,0.001608169,0.001811285,0.002009114,0.002184683,0.002315494,0.002385773,0.002400636,0.002383121,0.002361781,0.002359941,0.00237834,0.002381975,0.002317958,0.002165052,0.001965064,0.001781602,0.001639267,0.001528698,0.001442104,0.001377375,0.001327029,0.00127942,0.001232535,0.001196326,0.001176295,0.00117156,0.001184867,0.001218034,0.001268206,0.001333047,0.001414594,0.001520522,0.001652476,0.001795304,0.001928056,0.002036592,0.002122752,0.00221023,0.002325534,0.002480682,0.002678068,0.002911047,0.003166516,0.003431118,0.003685861,0.003910987,0.004092413,0.004219242,0.004292425,0.004321849,0.004309613,0.004254053,0.004153521,0.004010581,0.003843329,0.003672791,0.003513865,0.003381114,0.003279536,0.003206684,0.003159099,0.003125165,0.003095691,0.003069643,0.003044329,0.003022116,0.00300602,0.002990381,0.002973312,0.002955318,0.002936179,0.002922583,0.002917014,0.002918888,0.002933635,0.002959994,0.002994078,0.003039201,0.003098179,0.003175245,0.003273306,0.003389352,0.003522133,0.003666672,0.003815156,0.003962778,0.004095969,0.004205469,0.00429381,0.004352142,0.004387197,0.004433355,0.004490061,0.004531817,0.004563188,0.004596614,0.00463032,0.004649551,0.004645082,0.004656509,0.004733125,0.004872591,0.005052134,0.005251893,0.0054494,0.005625361,0.005764373,0.005861741,0.005916399,0.005928811,0.005923957,0.00591131,0.005875749,0.00587735,0.006027792,0.006350668,0.006800888,0.00733871,0.007916668,0.008461236,0.008928233,0.009404361,0.010012197,0.010685001,0.011268947,0.011713355,0.012025928,0.012224102,0.012298275,0.012173601,0.011790964,0.011214258,0.010563569,0.00986981,0.009123287,0.008460835,0.008097097,0.008030788,0.008141389,0.00839737,0.008813648,0.00938418,0.010074391,0.010814816,0.011526065,0.012149173,0.012659106,0.013070342,0.013391076,0.013579162,0.013571543,0.01338577,0.013160822,0.013007531,0.012915827,0.012864015,0.012863762,0.012885883,0.012850504,0.012640196,0.012148989,0.011381004,0.010417731,0.009359435,0.008299387,0.007279617,0.006292543,0.005309591,0.004341027,0.003435422,0.002621699,0.001980928,0.001631921,0.001528867,0.00147901,0.001355196,0.001201202,0.001135536,0.001171313,0.001240095,0.001284921,0.001255952,0.001131981,0.000921457,0.000637164,0.000344543,0.000138799,3.97E-05,6.35E-06,3.85E-06,1.06E-05,1.57E-05,3.24E-05,5.67E-05,7.36E-05,7.07E-05,4.49E-05,1.45E-05,0,0,8.38E-06,1.79E-05,3.29E-05,5.59E-05,8.52E-05,0.000118347,0.000150382,0.000179868,0.000208393,0.000235191,0.000262605,0.000293288,0.000327383,0.0003697,0.000426535,0.00050347,0.000607375,0.000742231,0.000915018,0.001131541,0.001375254,0.001602375,0.001748989,0.001754296,0.001609376,0.001369744,0.001113403,0.000894565,0.000726466,0.000601344,0.000511616,0.000449156,0.000407482,0.000380979,0.000360912,0.00034277,0.000325741,0.000308869,0.000294575,0.000283625,0.000276123,0.000276461,0.000286614,0.000306419,0.000337092,0.000379284,0.00043604,0.000504532,0.000565556,0.000594253,0.000577591,0.000526666,0.000468043,0.000413431,0.000356562,0.000293931,0.000230818,0.000177809,0.000142339,0.000121399,0.000108862,9.93E-05,8.83E-05,7.68E-05,6.58E-05,5.55E-05,4.85E-05,4.46E-05,4.20E-05,4.05E-05,3.84E-05,3.63E-05,3.43E-05,3.05E-05,2.67E-05,2.33E-05,1.51E-05,0
2844,control,0,0.000109093,0.00023215,0.000367836,0.000512892,0.000668622,0.000839729,0.001028298,0.001232763,0.00144841,0.001671447,0.001899778,0.002127591,0.002339765,0.002511403,0.002619821,0.002664485,0.002667858,0.002662292,0.002676909,0.002717974,0.002752898,0.002722369,0.002590122,0.0023877,0.002182964,0.002011258,0.001869561,0.001752149,0.001658951,0.001583452,0.001511304,0.001437238,0.001371013,0.00131984,0.001284508,0.001268984,0.00127596,0.001302271,0.00134283,0.001397514,0.001476165,0.001584696,0.001710864,0.001833655,0.001936153,0.002018043,0.002101856,0.002212387,0.002362227,0.002557812,0.002796773,0.003068005,0.003356895,0.003642295,0.003903667,0.004125536,0.004294649,0.004409824,0.004479498,0.004505769,0.004486203,0.004415321,0.004291566,0.004130631,0.003952985,0.003775669,0.003616752,0.003484903,0.003381824,0.003306635,0.003248632,0.003199412,0.003157778,0.003119967,0.003086993,0.003060343,0.003033933,0.003005179,0.002972117,0.002932646,0.002892938,0.002856387,0.002825557,0.002808297,0.002803045,0.002805371,0.002820065,0.002852938,0.002907535,0.002981324,0.00306976,0.003175223,0.003296703,0.003430772,0.003573371,0.003708018,0.003825926,0.003927702,0.003997099,0.004039624,0.004093607,0.004156245,0.00419643,0.004216834,0.004229665,0.004231907,0.004209961,0.004163459,0.004142074,0.00419152,0.004299226,0.004446908,0.004631339,0.00483413,0.005019817,0.005159525,0.005250511,0.005295022,0.005286661,0.005247608,0.00519643,0.005116377,0.00505482,0.005127867,0.005378409,0.005773602,0.006279786,0.006850012,0.00739221,0.007847692,0.008337603,0.009030128,0.009842585,0.010579344,0.011176209,0.011640918,0.011994469,0.012231174,0.012272239,0.012045883,0.011589545,0.010992596,0.010270118,0.009418315,0.008612681,0.008112063,0.007917754,0.007896784,0.008019672,0.008309627,0.008773771,0.009396565,0.01012401,0.010877479,0.011585299,0.012208784,0.012755145,0.013235738,0.013611564,0.013798426,0.013784404,0.013707705,0.013690024,0.013723639,0.013790134,0.013903329,0.014039976,0.014137019,0.014078596,0.01371455,0.01300417,0.012039317,0.010953316,0.009858007,0.008798924,0.007765163,0.006725091,0.005676571,0.004647277,0.003671483,0.002872213,0.00240497,0.002215588,0.002080644,0.001862448,0.001625817,0.001502219,0.001483245,0.001488797,0.00147016,0.001381068,0.001213951,0.000992149,0.000715841,0.000426962,0.000207618,8.11E-05,2.28E-05,2.88E-06,1.29E-06,2.42E-06,1.32E-05,3.52E-05,5.52E-05,5.79E-05,3.59E-05,7.55E-06,0,0,3.51E-06,6.08E-06,1.21E-05,2.52E-05,4.52E-05,6.87E-05,9.05E-05,0.000109328,0.000127005,0.000143899,0.000161985,0.000182777,0.000206324,0.000235619,0.00027563,0.000333122,0.000414522,0.00052185,0.000661197,0.000840995,0.001053348,0.001265182,0.001421254,0.001464159,0.001375351,0.00119262,0.000982415,0.000796608,0.000651498,0.00054264,0.000463476,0.000407224,0.000368328,0.000341318,0.000319251,0.000298381,0.000277502,0.000256765,0.000239064,0.000225405,0.000216589,0.000216065,0.000224892,0.000242359,0.000268787,0.000305412,0.000355528,0.000416573,0.000472905,0.000503007,0.000493777,0.000453618,0.000405729,0.000362114,0.000318411,0.00026925,0.000216811,0.000170032,0.000136365,0.000114962,0.000101065,8.95E-05,7.69E-05,6.39E-05,5.20E-05,4.23E-05,3.68E-05,3.55E-05,3.73E-05,4.09E-05,4.34E-05,4.41E-05,4.32E-05,3.96E-05,3.51E-05,2.94E-05,1.89E-05,0
2841,control,0,0.000127268,0.000267037,0.000416895,0.000573307,0.000737982,0.000915122,0.001104208,0.001301751,0.001503878,0.001708191,0.001911982,0.002107324,0.002278291,0.002403673,0.002469064,0.002482157,0.002468472,0.002456406,0.002466337,0.002494903,0.002504346,0.002442181,0.00228948,0.002089026,0.001903891,0.001759235,0.001648244,0.001565662,0.001509821,0.001471689,0.001437225,0.001401862,0.00137422,0.001360574,0.001361404,0.001380259,0.001419462,0.001475971,0.001546677,0.001633174,0.001743105,0.00187816,0.002022802,0.002156476,0.002269015,0.002367656,0.002476351,0.00261544,0.002790516,0.003003016,0.003248953,0.003515294,0.003785634,0.004039229,0.004256761,0.004425837,0.004537954,0.00459552,0.004609368,0.004582746,0.004514601,0.004404092,0.004254506,0.004083539,0.003911604,0.003752852,0.003621394,0.003522543,0.003453898,0.003412178,0.003385815,0.003364931,0.003349293,0.00333729,0.003329814,0.003328191,0.003326149,0.003321305,0.003314363,0.003305014,0.003299236,0.003299873,0.003307464,0.003328639,0.00336197,0.003401898,0.003452646,0.003519727,0.003606831,0.003714715,0.003839375,0.003978544,0.004126712,0.004275686,0.004419637,0.004546001,0.004647925,0.004728926,0.00478131,0.004814695,0.004864961,0.004927225,0.004970478,0.005001143,0.005035067,0.005067788,0.005083756,0.005079859,0.005099763,0.005186747,0.005328218,0.005499985,0.005689321,0.005877604,0.006044394,0.006174282,0.006266351,0.006320977,0.006326219,0.006301808,0.006285309,0.006285909,0.006344525,0.006537922,0.006882122,0.007341108,0.007876112,0.008433325,0.008930781,0.009323441,0.009719009,0.010262704,0.010882872,0.011410149,0.011784429,0.012007996,0.012107265,0.012092291,0.011900319,0.011475902,0.010884412,0.010244987,0.009585016,0.008892494,0.00829948,0.008005703,0.0079976,0.008155234,0.008442325,0.008855343,0.009382613,0.01000556,0.010666986,0.011289362,0.011817806,0.012232403,0.012550169,0.012788351,0.012912557,0.012849832,0.012609245,0.012339014,0.012154321,0.012034192,0.011944991,0.011897265,0.011871135,0.011797122,0.011559224,0.011042001,0.010256321,0.009310935,0.008311781,0.007331284,0.006393969,0.005490041,0.004596307,0.003707925,0.002849965,0.002068484,0.001476835,0.001187183,0.001123304,0.001079555,0.000939812,0.000772697,0.000705538,0.000739273,0.000805939,0.000850108,0.000812796,0.000692909,0.000533338,0.000342863,0.000153359,3.36E-05,1.04E-06,0,9.60E-07,9.82E-06,1.84E-05,3.04E-05,5.19E-05,7.36E-05,7.89E-05,5.52E-05,1.86E-05,0,0,9.45E-06,1.64E-05,2.54E-05,4.06E-05,6.13E-05,8.59E-05,0.000110798,0.000134969,0.000160426,0.000186645,0.000213665,0.0002425,0.000272163,0.000304663,0.000344762,0.000397904,0.000470258,0.000563905,0.000682161,0.000829945,0.000996494,0.001149694,0.001244202,0.001238558,0.001127962,0.000952373,0.000766797,0.000609958,0.000491245,0.00040364,0.000341669,0.000300187,0.000273844,0.000258829,0.000249492,0.000241894,0.000234836,0.000226996,0.000219562,0.000213192,0.00020784,0.000207053,0.000212878,0.000224882,0.000244509,0.000273405,0.000313777,0.000363023,0.000406469,0.000426101,0.000413639,0.000377095,0.000334866,0.000295085,0.000252887,0.000205967,0.000158125,0.00011679,8.90E-05,7.41E-05,6.68E-05,6.30E-05,5.87E-05,5.40E-05,4.98E-05,4.55E-05,4.15E-05,3.81E-05,3.48E-05,3.22E-05,2.90E-05,2.53E-05,2.24E-05,1.98E-05,1.87E-05,1.87E-05,1.41E-05,0
3034,control,0,0.00012868,0.000271939,0.000427738,0.000592265,0.000767175,0.000956772,0.001160277,0.001373088,0.001589262,0.00180474,0.002016695,0.002218382,0.002395308,0.002525791,0.002593098,0.002604315,0.002587395,0.002573878,0.002585671,0.002618631,0.002632788,0.002572706,0.002418462,0.002217244,0.002036805,0.001899689,0.001792667,0.001707041,0.001641438,0.001589394,0.001540626,0.001495363,0.001466293,0.001459503,0.001472417,0.001505839,0.001559685,0.001629803,0.001713545,0.001812587,0.001934521,0.002081583,0.002238833,0.002383965,0.002498902,0.002582003,0.002659914,0.002767882,0.002924175,0.00312904,0.003368795,0.003626527,0.003889378,0.004139297,0.004357104,0.004528507,0.0046423,0.004702187,0.00472302,0.004709609,0.004659058,0.00456611,0.004430697,0.004270729,0.004106784,0.00395184,0.003818446,0.003709034,0.003620861,0.003555643,0.003507353,0.003468091,0.003436008,0.003407928,0.003386575,0.003374835,0.003365152,0.003353272,0.003337873,0.003318086,0.003301662,0.003292185,0.003290379,0.003303732,0.003330882,0.003366881,0.003417105,0.003487223,0.003579834,0.003691025,0.003811172,0.003938054,0.00407136,0.004209282,0.004348744,0.004474626,0.004579143,0.004664412,0.004715456,0.004742306,0.004790361,0.00485239,0.004889921,0.004915514,0.004951891,0.004987991,0.004995378,0.004969085,0.004970448,0.00505617,0.005203804,0.005377156,0.005566101,0.005759971,0.0059383,0.006080433,0.006185392,0.006251952,0.006258641,0.006226086,0.006199509,0.006171068,0.006162537,0.006276315,0.006565891,0.006996313,0.007512153,0.008048388,0.008506772,0.008832107,0.009165201,0.009698776,0.010352636,0.010915759,0.011306589,0.011526819,0.011622164,0.011623614,0.011464853,0.011075354,0.010518994,0.009918798,0.009286398,0.00859039,0.00798105,0.007692437,0.007701642,0.007860348,0.008123288,0.008491236,0.008962543,0.009528404,0.010137159,0.010716897,0.011216808,0.011617125,0.011935549,0.012195295,0.012363787,0.012351177,0.01215295,0.011930142,0.011803863,0.011736204,0.011684908,0.011667846,0.011671529,0.011629161,0.011422439,0.010923561,0.010139386,0.009194917,0.008210941,0.007262066,0.006369159,0.005518674,0.004684685,0.003847605,0.003009374,0.002220862,0.001631997,0.001379896,0.00136961,0.001362078,0.001235113,0.001098406,0.001120137,0.001276871,0.001452585,0.001572028,0.001557919,0.001384069,0.001094472,0.000731198,0.000377141,0.000139153,3.47E-05,4.01E-06,2.19E-06,1.19E-05,1.97E-05,3.37E-05,6.15E-05,9.06E-05,9.83E-05,6.81E-05,2.17E-05,0,0,1.08E-05,1.77E-05,2.66E-05,4.29E-05,6.67E-05,9.58E-05,0.000126044,0.000156364,0.000188908,0.000223109,0.000259301,0.000298601,0.000339986,0.000385945,0.000442475,0.00051726,0.000618806,0.000750907,0.000919177,0.001129244,0.001364987,0.001581244,0.001714582,0.001708604,0.001557598,0.00131644,0.00105997,0.000839215,0.000666251,0.000533428,0.000435329,0.000366861,0.000321844,0.000294352,0.000276383,0.00026247,0.00025025,0.000237832,0.000226743,0.00021773,0.000210896,0.000210577,0.000219452,0.000237159,0.000265002,0.000304665,0.000358512,0.000422566,0.000478351,0.000503132,0.000486411,0.000438998,0.000384477,0.000333385,0.000280151,0.000221647,0.000162484,0.000112,7.85E-05,6.10E-05,5.32E-05,4.97E-05,4.58E-05,4.11E-05,3.70E-05,3.32E-05,3.07E-05,2.92E-05,2.79E-05,2.73E-05,2.61E-05,2.45E-05,2.33E-05,2.15E-05,2.13E-05,2.22E-05,1.71E-05,0
2223,control,0,0.000137124,0.000283858,0.000434645,0.000585063,0.000737433,0.000896549,0.001063313,0.001237884,0.001420641,0.001610842,0.001804753,0.001992438,0.002155842,0.002273518,0.0023323,0.00233962,0.002319773,0.002299464,0.002297464,0.002311698,0.002306422,0.002230584,0.002069757,0.001871535,0.001698515,0.001571717,0.001479709,0.001412976,0.00136691,0.001332861,0.001301246,0.00127122,0.001251231,0.001246759,0.001257288,0.001284946,0.001332826,0.00139923,0.001481509,0.001581611,0.0017056,0.001853151,0.002008369,0.002149889,0.002266379,0.002363413,0.002463991,0.002592985,0.002761027,0.002967629,0.003204839,0.003458724,0.003714648,0.003954656,0.004159526,0.004315592,0.004414797,0.004459601,0.004461033,0.004423302,0.004345432,0.004228357,0.004077275,0.003908449,0.003742071,0.003593648,0.003476333,0.003393427,0.003339438,0.003309141,0.003292423,0.003279254,0.003268129,0.003258633,0.003252109,0.003250617,0.003249888,0.003247598,0.003245232,0.0032441,0.003249511,0.003262735,0.003281163,0.003310447,0.003355003,0.003413608,0.003486124,0.003568163,0.003658594,0.003766769,0.00389805,0.004050266,0.004215517,0.004378539,0.004527357,0.004655506,0.004757587,0.004834967,0.004893872,0.004947206,0.005011762,0.005079392,0.005125549,0.005150318,0.005172236,0.005205921,0.005253492,0.005301378,0.005347834,0.005421176,0.005553961,0.005750297,0.005966939,0.006149185,0.006292616,0.006422526,0.006549165,0.006653113,0.006695929,0.006686443,0.006673535,0.006680145,0.006742364,0.006927805,0.007268512,0.007745091,0.008303573,0.008873265,0.009400855,0.009877348,0.010348368,0.010843904,0.011313735,0.01170338,0.011984983,0.012128963,0.01214858,0.012072665,0.011862668,0.011442208,0.010819901,0.010130079,0.009492673,0.008926366,0.008447996,0.00815126,0.008093137,0.008246181,0.008564513,0.009001045,0.00953154,0.010145834,0.010787422,0.011370611,0.011841609,0.012189678,0.012436379,0.012598661,0.012648713,0.012534047,0.012268936,0.011974524,0.011760224,0.011626703,0.011527813,0.011453994,0.011407182,0.011323562,0.01104291,0.010440195,0.009592197,0.008649569,0.007695077,0.00675953,0.005850961,0.004975024,0.004114824,0.003262657,0.002484717,0.001856006,0.001410444,0.001151641,0.001027973,0.000961406,0.00088657,0.000795905,0.000738086,0.000758651,0.000857009,0.000965315,0.000978634,0.000866584,0.000679303,0.000454513,0.000231424,7.46E-05,9.41E-06,2.32E-06,1.37E-05,3.82E-05,4.45E-05,4.01E-05,4.91E-05,7.21E-05,8.85E-05,7.55E-05,3.73E-05,0,0,9.49E-06,2.18E-05,3.99E-05,6.56E-05,9.70E-05,0.000132425,0.000169278,0.000205139,0.000239922,0.000272317,0.000303305,0.000335813,0.000370629,0.000411786,0.000465336,0.000535443,0.000627496,0.000745702,0.000893962,0.001073069,0.00126477,0.001428021,0.001510157,0.001468918,0.001308955,0.001085216,0.000861857,0.000677873,0.00054055,0.000442084,0.000375538,0.000332925,0.000306646,0.000292377,0.000284234,0.000277769,0.000271887,0.00026527,0.000258594,0.000252701,0.000248291,0.000249396,0.00025829,0.000274998,0.000301246,0.000337507,0.000383967,0.000436881,0.000480197,0.000494005,0.000470506,0.000421368,0.00036825,0.000319146,0.000267621,0.000212455,0.000160365,0.000119404,9.43E-05,8.18E-05,7.57E-05,7.15E-05,6.51E-05,5.65E-05,4.84E-05,4.15E-05,3.63E-05,3.16E-05,2.62E-05,2.15E-05,1.70E-05,1.26E-05,9.82E-06,7.95E-06,6.82E-06,6.47E-06,4.45E-06,0
3428,control,0,0.000126951,0.000268672,0.000425073,0.00059166,0.000769074,0.000962655,0.001173617,0.00139638,0.001621465,0.001842555,0.002056037,0.002254434,0.002423731,0.002544584,0.002603504,0.0026099,0.002591801,0.00257975,0.002594155,0.002628181,0.002641077,0.002580509,0.002428922,0.002231609,0.002052457,0.001912934,0.001803345,0.001718729,0.001658124,0.001613875,0.001573793,0.001536133,0.001512737,0.001509383,0.00152485,0.00156219,0.001620723,0.001694769,0.001781093,0.001879973,0.001998356,0.002138562,0.002285815,0.002420978,0.00253055,0.002616228,0.002705559,0.00282836,0.002995687,0.003206887,0.003450539,0.003710433,0.003972373,0.004216328,0.00442529,0.004589418,0.004698575,0.004756133,0.004775652,0.004760135,0.004707903,0.004613874,0.004476622,0.004315806,0.004152765,0.003999288,0.003868256,0.003762412,0.003680216,0.003623764,0.003584245,0.003553542,0.003531271,0.003513487,0.003503387,0.00350331,0.003503201,0.003499769,0.003492667,0.003479866,0.003468932,0.003462594,0.003462497,0.003478238,0.003505629,0.003537068,0.003580003,0.003642873,0.003729482,0.003833491,0.003943355,0.004060127,0.004185603,0.004319012,0.004459327,0.004589553,0.004703507,0.004806817,0.004875586,0.004913022,0.004970317,0.005038913,0.005074797,0.005093737,0.005120396,0.00514158,0.005127279,0.005078038,0.005071492,0.005166481,0.00531986,0.005483605,0.005656735,0.005841855,0.006017385,0.00614994,0.006234158,0.006272436,0.006244856,0.006181382,0.006141356,0.006116647,0.00611787,0.006236867,0.006518192,0.006923504,0.007403875,0.007901598,0.008309756,0.008560889,0.008823967,0.009339911,0.010019501,0.010608677,0.011009844,0.011229193,0.011331919,0.011367971,0.01126629,0.01094332,0.010457968,0.009924626,0.009330331,0.008624118,0.007984243,0.007687949,0.007697436,0.007828617,0.008030447,0.008317094,0.008698696,0.009168718,0.009679976,0.010177337,0.010621778,0.010992824,0.011307735,0.011592473,0.011819015,0.011895431,0.011806787,0.011710508,0.011715806,0.011758998,0.011791012,0.011836732,0.011882426,0.011866244,0.011680373,0.011196418,0.010412467,0.009452511,0.00844915,0.007490085,0.006598041,0.005752147,0.004918066,0.004067785,0.003191002,0.002335048,0.001678894,0.001401997,0.001405726,0.001411695,0.001271474,0.001106109,0.001104484,0.00123546,0.001367099,0.001423069,0.001338455,0.001121928,0.000846996,0.000544339,0.000269374,0.00010868,5.01E-05,2.43E-05,2.30E-05,3.75E-05,4.86E-05,6.84E-05,0.000100329,0.00012777,0.000127005,8.34E-05,2.66E-05,0,0,1.32E-05,2.00E-05,2.76E-05,4.24E-05,6.46E-05,9.21E-05,0.000120638,0.000149541,0.000180893,0.00021259,0.000245316,0.000280025,0.000314452,0.000350605,0.000393599,0.000451069,0.000531341,0.000634967,0.000765086,0.00092774,0.00111071,0.001279612,0.001385347,0.001382296,0.001265507,0.001076813,0.000874853,0.000702255,0.000568738,0.000467573,0.00039511,0.000346955,0.000318417,0.00030412,0.000295486,0.000288114,0.00028039,0.000270475,0.000260629,0.000251277,0.000242964,0.000241686,0.000249976,0.000266306,0.000291163,0.000326013,0.000374178,0.000431746,0.000481169,0.000503727,0.000490666,0.000449942,0.000401994,0.000356681,0.000310719,0.000261997,0.000212534,0.000169794,0.000141755,0.000126917,0.000119811,0.000114874,0.000107824,9.97E-05,9.16E-05,8.35E-05,7.77E-05,7.37E-05,7.03E-05,6.78E-05,6.47E-05,6.15E-05,5.84E-05,5.31E-05,4.80E-05,4.20E-05,2.78E-05,0
3091,control,0,0.000139251,0.000294212,0.000461693,0.000637258,0.000822857,0.001023402,0.001238517,0.00146352,0.001691793,0.001918214,0.00213952,0.002349735,0.002535366,0.002674604,0.002748886,0.002762802,0.002743599,0.002724956,0.00273185,0.002761217,0.002771937,0.0027069,0.002544903,0.002334322,0.002146384,0.002004682,0.001893331,0.001801481,0.001728084,0.001667825,0.001611134,0.001559077,0.001525198,0.001515164,0.001525444,0.001556669,0.00160838,0.001675974,0.001757299,0.001854747,0.001976412,0.002124766,0.002284712,0.002432871,0.002547621,0.002623645,0.002688532,0.002782212,0.002927575,0.003126585,0.003363482,0.003619442,0.00388238,0.00413508,0.004358499,0.004537755,0.004659829,0.004727912,0.00475748,0.004752768,0.004710187,0.004623631,0.004491866,0.004333167,0.004168764,0.004011359,0.003873145,0.003756019,0.003657479,0.003580455,0.003519884,0.003468802,0.003425265,0.003385009,0.003351452,0.003328787,0.003309261,0.003288091,0.003262952,0.003231924,0.003203184,0.003181374,0.003168387,0.003171887,0.003189017,0.003213973,0.003252952,0.003314159,0.003402064,0.003509258,0.003621126,0.003734968,0.003853002,0.00397895,0.00411445,0.004241075,0.004347688,0.004437312,0.004490357,0.004510892,0.004545794,0.004594025,0.004625303,0.004654035,0.004694445,0.004727029,0.004717119,0.004661512,0.00463972,0.004719233,0.004863986,0.005026365,0.005207013,0.005408677,0.005600872,0.005741664,0.005820879,0.005852478,0.005851239,0.005840853,0.005815379,0.005739423,0.005671846,0.005751155,0.006013679,0.006402735,0.006876058,0.007389388,0.007845671,0.008174077,0.0085096,0.009064342,0.00975859,0.01035653,0.01078905,0.011091844,0.011295021,0.011380627,0.011264906,0.01091246,0.010422723,0.00988329,0.009244655,0.008475894,0.007795166,0.007480385,0.007470613,0.007582655,0.007793896,0.008142774,0.008628104,0.009216636,0.009849521,0.010465155,0.011015782,0.011476097,0.011858232,0.012175147,0.012388908,0.01242476,0.0122886,0.012125239,0.012036235,0.011987002,0.011962169,0.011988514,0.012023782,0.011990769,0.011813874,0.011402403,0.010720024,0.009823991,0.00882895,0.007848295,0.006925438,0.006037004,0.005154889,0.004286766,0.003433479,0.002604354,0.00195224,0.001667143,0.001667323,0.00167291,0.001541513,0.001404184,0.001448577,0.001626899,0.001789961,0.001880676,0.001865757,0.001704662,0.001390304,0.000959975,0.000532408,0.000235861,8.32E-05,1.86E-05,2.36E-06,3.75E-06,1.25E-05,3.92E-05,6.97E-05,8.51E-05,7.51E-05,4.09E-05,7.53E-06,0,0,1.21E-05,2.10E-05,3.24E-05,5.14E-05,7.77E-05,0.000108212,0.000137722,0.00016558,0.000194549,0.000224661,0.000258112,0.000296674,0.000339203,0.000388944,0.000452361,0.000537671,0.000654131,0.000806457,0.001003152,0.001252629,0.001538522,0.00181172,0.001998662,0.002028001,0.001884005,0.001623973,0.001335045,0.0010803,0.000877156,0.000719137,0.000600399,0.000514775,0.000455958,0.000417127,0.000388566,0.00036445,0.000342267,0.000320324,0.000301539,0.000287121,0.000276955,0.000275468,0.000285193,0.00030599,0.000339096,0.000385917,0.000449884,0.000527395,0.00059758,0.000633063,0.000618896,0.000566354,0.000504009,0.000445624,0.000385382,0.000318691,0.000249988,0.000190576,0.000150015,0.000126683,0.000113848,0.000104905,9.49E-05,8.42E-05,7.39E-05,6.40E-05,5.72E-05,5.33E-05,5.10E-05,5.02E-05,4.95E-05,4.92E-05,4.86E-05,4.51E-05,4.13E-05,3.69E-05,2.49E-05,0
2978,control,0,0.000112199,0.000229503,0.000351805,0.000478818,0.000617713,0.000777459,0.000959154,0.001158101,0.001367988,0.001583237,0.001798531,0.002005699,0.002189532,0.002325775,0.002393284,0.002396498,0.00236508,0.002334251,0.002329416,0.002351458,0.002364746,0.002311939,0.002166864,0.001972755,0.001795803,0.001656926,0.0015423,0.001443547,0.001359608,0.001284891,0.001210799,0.00114035,0.001088777,0.001062886,0.001060501,0.001083526,0.001132133,0.001200362,0.001281715,0.001374827,0.001487554,0.001623545,0.001769347,0.001904813,0.002011859,0.002086382,0.002154212,0.002252333,0.002402319,0.002607058,0.002851945,0.003117787,0.003390844,0.003652029,0.003880268,0.004059949,0.004180134,0.004245229,0.004269854,0.004260311,0.004216535,0.004132207,0.004004139,0.003848545,0.003684931,0.00352704,0.003388245,0.003269927,0.003170735,0.003093803,0.003031791,0.002978584,0.002935489,0.00289906,0.002870106,0.002849152,0.00282826,0.00280486,0.002777907,0.002747979,0.002724848,0.002708055,0.002692899,0.002688783,0.002703522,0.002743037,0.002810058,0.002886848,0.00296133,0.003045663,0.003151929,0.003285904,0.003441814,0.003596334,0.003733942,0.003856545,0.003964535,0.004047621,0.004099268,0.004151446,0.004249757,0.004363517,0.004417122,0.004407387,0.004387702,0.004394998,0.004437865,0.004493538,0.004536184,0.004588612,0.004713987,0.004938483,0.005186463,0.005365634,0.005497125,0.005659254,0.005893049,0.00612256,0.006164228,0.006031097,0.005954463,0.00598157,0.005983579,0.006000075,0.006228037,0.006732683,0.007391861,0.008047159,0.008591249,0.009029519,0.009516922,0.010153367,0.010865225,0.011570399,0.01213608,0.012391698,0.012433785,0.012498161,0.012559838,0.012318594,0.011610402,0.010730518,0.01002044,0.009449452,0.008853009,0.008333067,0.008114765,0.008218361,0.008500291,0.008835339,0.00925285,0.009836571,0.010543059,0.011243755,0.011849098,0.012336624,0.012741413,0.013117382,0.013431832,0.013508983,0.013270844,0.012945145,0.012775771,0.0127505,0.012733806,0.012716221,0.012816266,0.013008113,0.012953867,0.012319461,0.011258267,0.010149993,0.009149689,0.008213248,0.007296689,0.006438617,0.00561275,0.004696525,0.00374694,0.002978717,0.002466524,0.002125247,0.001887608,0.001736117,0.001614934,0.00147502,0.001377336,0.001439904,0.001699913,0.001991402,0.002029599,0.001775385,0.001411539,0.001008178,0.000582632,0.000241615,6.11E-05,8.98E-06,5.36E-05,0.000114132,8.63E-05,2.30E-05,2.17E-05,9.27E-05,0.000162566,0.000147578,6.39E-05,0,0,4.83E-06,1.16E-05,2.48E-05,4.57E-05,7.27E-05,0.000104905,0.000138891,0.000173243,0.000207864,0.000238874,0.000267391,0.000297682,0.000332369,0.000377284,0.000438977,0.000524363,0.000641402,0.000794479,0.000992358,0.001242146,0.001525435,0.001791122,0.001963463,0.001972858,0.001810097,0.001537245,0.001242416,0.000987841,0.000789732,0.000640589,0.000532573,0.000457102,0.000406525,0.000373001,0.000346302,0.000321125,0.00029633,0.000271756,0.000250429,0.00023353,0.000222924,0.00022387,0.000237781,0.000263623,0.000301145,0.000349638,0.000411633,0.000483443,0.000545207,0.000571742,0.000550027,0.000492648,0.000428473,0.000370712,0.000313615,0.000252262,0.000189784,0.000136411,0.000100597,7.92E-05,6.55E-05,5.41E-05,4.13E-05,2.84E-05,1.72E-05,9.60E-06,7.93E-06,8.98E-06,1.07E-05,1.23E-05,1.12E-05,8.25E-06,4.80E-06,1.14E-06,1.68E-07,9.89E-08,1.45E-07,0
3466,control,0,0.00013792,0.000291303,0.000457072,0.000629311,0.000810313,0.001007021,0.001219342,0.001440771,0.001663319,0.001881736,0.002092443,0.002288299,0.002455201,0.002572676,0.00262522,0.002620899,0.002589325,0.002563798,0.00256608,0.002588747,0.002587282,0.002505813,0.002330655,0.002116978,0.001934779,0.001802289,0.001701349,0.001620912,0.001558731,0.001508606,0.001461133,0.001417547,0.00139225,0.00139259,0.001416009,0.001462961,0.001532225,0.00161828,0.001718059,0.001832672,0.001968404,0.002125953,0.002289222,0.002436102,0.002549224,0.00262796,0.00270196,0.002809879,0.002970927,0.003183481,0.003430258,0.003691172,0.003951779,0.00419367,0.004398671,0.004553954,0.004649226,0.004689892,0.004693133,0.004664947,0.004602668,0.004500401,0.004357369,0.004192542,0.004027668,0.00387482,0.003744525,0.003636915,0.003548379,0.003481972,0.003432699,0.003393043,0.003361943,0.00333673,0.003320395,0.003315519,0.00331322,0.003308516,0.003300162,0.003287499,0.003278663,0.003276837,0.003282908,0.003306244,0.003345867,0.00339532,0.003459494,0.003544273,0.003651701,0.003776177,0.003906003,0.004038831,0.004176035,0.004317265,0.004460335,0.004590634,0.004702012,0.004797836,0.004859814,0.004895506,0.004952762,0.005022634,0.005062351,0.005087803,0.005126565,0.005166321,0.005175284,0.005149683,0.00515941,0.005266421,0.005441043,0.005637023,0.005839964,0.006040948,0.006224477,0.006372602,0.006485066,0.006558435,0.006563348,0.006520666,0.006489212,0.006467995,0.006474848,0.006610585,0.006928273,0.007386105,0.007919483,0.008457236,0.008894856,0.009175008,0.009454571,0.009947441,0.010569788,0.011094136,0.011431618,0.01158473,0.011611997,0.01156054,0.0113641,0.010942042,0.010358409,0.009746521,0.009118365,0.008433674,0.007844602,0.007594641,0.007654984,0.007862167,0.008159396,0.008539543,0.008999802,0.009533958,0.010091156,0.010604854,0.011034542,0.011367516,0.011625943,0.011838842,0.011976966,0.011946944,0.011744038,0.01153788,0.011446503,0.011411938,0.011377672,0.011362482,0.011356176,0.011286899,0.01102432,0.010440289,0.009566515,0.008554328,0.007534011,0.006577592,0.005698301,0.004877028,0.004086055,0.003298114,0.002504147,0.001759173,0.001228602,0.001046655,0.001100778,0.001141412,0.001046334,0.000944609,0.001020414,0.00124057,0.00147244,0.001628826,0.001618444,0.001416841,0.001089867,0.000697386,0.000332037,0.00010509,1.49E-05,9.64E-07,9.91E-06,2.93E-05,4.26E-05,5.78E-05,8.73E-05,0.000118446,0.00012502,8.73E-05,2.99E-05,0,0,1.85E-05,3.17E-05,4.64E-05,6.93E-05,0.000101069,0.000139344,0.000179684,0.000221219,0.000265804,0.00031105,0.000357162,0.00040582,0.000455471,0.000508633,0.000571958,0.00065404,0.000764346,0.000906013,0.001083267,0.001298963,0.00153168,0.001731891,0.001835547,0.001790842,0.00160234,0.001333589,0.001061301,0.000834064,0.000660324,0.000530535,0.000439133,0.000379774,0.000345044,0.000328341,0.000320435,0.000315268,0.000310136,0.000302441,0.000294097,0.000286331,0.0002801,0.000281567,0.000293834,0.000315645,0.000348008,0.000392304,0.000450377,0.000516455,0.000569534,0.000586906,0.000560404,0.000503396,0.000441288,0.000384019,0.000325475,0.000263857,0.000204396,0.000156258,0.000127333,0.000114546,0.000110077,0.000107254,0.000101297,9.33E-05,8.55E-05,7.82E-05,7.28E-05,6.81E-05,6.31E-05,5.94E-05,5.58E-05,5.25E-05,4.97E-05,4.52E-05,4.09E-05,3.62E-05,2.42E-05,0
2276,control,0,0.000110172,0.000234615,0.000372307,0.000520218,0.000679883,0.000855977,0.001050031,0.001259524,0.001478826,0.001703774,0.001932224,0.002158188,0.002366578,0.002533003,0.002635863,0.002675947,0.002676252,0.002669086,0.002683355,0.002723852,0.002756236,0.002721311,0.002584121,0.002377002,0.00216777,0.001991688,0.001846476,0.00172751,0.001635158,0.001562189,0.001492511,0.001419793,0.001354255,0.001303544,0.001268684,0.001253897,0.001261247,0.001287108,0.001326903,0.00138087,0.001458997,0.001566973,0.001691999,0.001813571,0.001916106,0.002000558,0.002089842,0.002206798,0.002361664,0.002560986,0.002803365,0.003077757,0.003368913,0.003654726,0.003914682,0.004134069,0.004299873,0.004411297,0.004476974,0.004498595,0.004473748,0.004396984,0.004267051,0.004101008,0.003919758,0.003739619,0.003578632,0.003445823,0.003343299,0.003270039,0.003214116,0.003166718,0.003127046,0.003091223,0.00306053,0.003036335,0.003011692,0.002984216,0.002952281,0.002913648,0.002874928,0.002840119,0.002812644,0.002800054,0.00279789,0.002799512,0.002811185,0.002843264,0.002902407,0.002983119,0.003076385,0.003183312,0.003302918,0.003434637,0.003577491,0.00371243,0.003829945,0.003932565,0.003998766,0.004031657,0.004077265,0.004135836,0.004175747,0.004203254,0.004228615,0.004239081,0.004211449,0.00414862,0.004121762,0.004186094,0.004308644,0.004454678,0.004632158,0.004840414,0.005039067,0.00518075,0.005255828,0.005276783,0.005256233,0.005223212,0.00518341,0.005112127,0.005066956,0.005170142,0.005448592,0.005855083,0.006362987,0.006935613,0.007471539,0.007896541,0.008352172,0.009051914,0.009906227,0.010671628,0.011273633,0.011740955,0.012098748,0.012324591,0.012326988,0.012052784,0.011579307,0.01099273,0.01025965,0.009360551,0.008526232,0.008061204,0.007926971,0.007944088,0.008088864,0.00840682,0.008906968,0.009561605,0.010311102,0.011080643,0.011801331,0.012433631,0.012984118,0.013462811,0.013826874,0.013990195,0.013948962,0.013853917,0.013823532,0.013837936,0.013885497,0.01398913,0.014109593,0.014173784,0.01408945,0.013727062,0.01302391,0.012044376,0.010925473,0.009799398,0.008721291,0.007671875,0.006616528,0.005561272,0.004519141,0.003503798,0.002666704,0.002212639,0.002075712,0.001974705,0.001747138,0.001492532,0.001380216,0.001382509,0.001386096,0.001347601,0.00124718,0.001089424,0.000887875,0.000631129,0.00036422,0.00017218,6.84E-05,1.77E-05,9.15E-07,0,2.22E-06,2.43E-05,5.32E-05,6.98E-05,6.26E-05,3.19E-05,2.24E-06,0,0,4.55E-06,6.51E-06,1.12E-05,2.31E-05,4.24E-05,6.54E-05,8.62E-05,0.000103823,0.00012101,0.000138236,0.000157329,0.000179273,0.0002033,0.000232018,0.000270294,0.00032523,0.00040357,0.000506588,0.000639779,0.000811771,0.001015031,0.00121783,0.001367049,0.00140695,0.001319703,0.001141987,0.000938271,0.000759307,0.0006205,0.000516536,0.000440874,0.000387278,0.000350938,0.000326612,0.000306967,0.000288288,0.000269424,0.000250358,0.000234286,0.000222103,0.000214134,0.00021394,0.000222697,0.000239545,0.000264785,0.00029984,0.000348547,0.000408482,0.000463839,0.000493731,0.000485597,0.000447361,0.000401489,0.000359472,0.000317097,0.000269307,0.000217808,0.000171274,0.000137716,0.000116689,0.000103618,9.34E-05,8.25E-05,7.20E-05,6.23E-05,5.40E-05,4.92E-05,4.80E-05,4.99E-05,5.34E-05,5.54E-05,5.56E-05,5.42E-05,4.96E-05,4.41E-05,3.76E-05,2.46E-05,0
2728,control,0,0.000112392,0.000238056,0.000374335,0.000518416,0.000673905,0.000846431,0.001036305,0.001240832,0.00145566,0.001676541,0.001901597,0.002127837,0.002342399,0.002518476,0.002628167,0.002667321,0.002660115,0.002643356,0.002649202,0.002684961,0.002716882,0.002682637,0.002546526,0.002348202,0.002161922,0.002016345,0.001894159,0.001781019,0.001677221,0.001581947,0.001489327,0.001402765,0.00133697,0.001298121,0.001281818,0.001287175,0.001314648,0.001360557,0.0014206,0.001495804,0.00159581,0.001726253,0.001874937,0.002016008,0.002119243,0.002171139,0.00219836,0.002250243,0.002361217,0.002536328,0.002758361,0.003009721,0.003281266,0.003557703,0.00381752,0.004039888,0.004207932,0.004322468,0.004397604,0.004438548,0.00444041,0.004393144,0.004292023,0.004151393,0.003991387,0.003827648,0.003674079,0.003533749,0.003406409,0.003297225,0.003204812,0.003124468,0.00305312,0.002985632,0.002924518,0.002874303,0.002830049,0.002786287,0.00273792,0.002683231,0.002630615,0.002583961,0.00254389,0.002518103,0.002509594,0.00251842,0.0025477,0.002596138,0.002662249,0.002743549,0.002834335,0.002935807,0.003051094,0.003179711,0.003317329,0.003449041,0.003563475,0.003655004,0.003709822,0.003741137,0.00378954,0.003849291,0.003885285,0.00390191,0.003919228,0.003937272,0.003937065,0.003906222,0.003883239,0.003922572,0.004034739,0.004207164,0.004417043,0.004629046,0.004818686,0.004980022,0.005118114,0.005219846,0.005251005,0.005223712,0.005162106,0.005033983,0.004872353,0.004833239,0.005018827,0.005404991,0.005925158,0.006505639,0.007053798,0.007524098,0.00803271,0.008723578,0.009520355,0.010257246,0.010865711,0.011328034,0.011668481,0.011905978,0.011966424,0.011745789,0.011252894,0.010609026,0.009882743,0.00907141,0.00829493,0.007781766,0.007572154,0.00756396,0.007713386,0.008022233,0.008499493,0.009142038,0.009895577,0.010671265,0.011393001,0.012024613,0.012576904,0.013064598,0.013444065,0.013614636,0.013555487,0.013417871,0.013346615,0.013345021,0.013384334,0.013476291,0.013617632,0.013745834,0.013707696,0.013327098,0.012593486,0.011638423,0.010595582,0.009554685,0.008550537,0.007581776,0.006621505,0.00565322,0.004708098,0.003842985,0.003162694,0.002772128,0.002614368,0.002512141,0.002359255,0.002220867,0.002225708,0.002368105,0.002555239,0.002707852,0.002723905,0.002522275,0.002104231,0.001528936,0.000930367,0.000462918,0.000177003,4.11E-05,7.18E-06,1.74E-06,2.31E-07,2.93E-06,1.94E-05,4.62E-05,6.01E-05,4.33E-05,1.22E-05,0,0,7.28E-06,1.59E-05,2.98E-05,5.18E-05,8.10E-05,0.000114521,0.000147656,0.000179148,0.000210569,0.000242116,0.000276349,0.000316281,0.000363688,0.00042386,0.000504448,0.000614683,0.000764605,0.000962306,0.001221278,0.00155218,0.001934921,0.002305663,0.002565781,0.00261958,0.002442661,0.002108282,0.001732159,0.00139733,0.001128157,0.000918547,0.000760214,0.000644325,0.00056173,0.000502951,0.000457206,0.000417791,0.000381792,0.000348316,0.000320261,0.000299373,0.000286866,0.000286659,0.000300645,0.00032905,0.0003728,0.000433204,0.000513912,0.000610792,0.000699494,0.000744718,0.000726125,0.000659148,0.00058081,0.000509227,0.000436362,0.000354124,0.000268804,0.000195782,0.000145329,0.000114645,9.55E-05,8.01E-05,6.36E-05,4.61E-05,2.99E-05,1.72E-05,1.07E-05,9.24E-06,1.09E-05,1.51E-05,1.90E-05,2.19E-05,2.33E-05,2.19E-05,1.99E-05,1.77E-05,1.19E-05,0
2289,control,0,0.000122821,0.000259842,0.000408021,0.000563455,0.000728578,0.000908248,0.001102229,0.001307246,0.001518547,0.001732166,0.001945796,0.002154252,0.002343343,0.002489089,0.002570448,0.002590012,0.002574005,0.002556023,0.002562179,0.002592835,0.002609925,0.002554942,0.00240319,0.002201717,0.002022055,0.001887311,0.001779585,0.00168587,0.001604994,0.001533678,0.001465119,0.001402483,0.001360297,0.001344683,0.001351361,0.001379219,0.001427673,0.001492887,0.001572253,0.001667557,0.001786734,0.001932774,0.002091554,0.002238445,0.002348234,0.002412355,0.002458622,0.002533021,0.002664155,0.002852856,0.003080864,0.003330418,0.003591601,0.003848613,0.004081378,0.004272184,0.004406758,0.004487757,0.004530565,0.004540423,0.004512805,0.004439679,0.004319006,0.004167696,0.004006702,0.003850099,0.003710286,0.003588993,0.00348376,0.003398206,0.00332961,0.003271549,0.003220696,0.003172984,0.003132019,0.003102278,0.003077412,0.003052154,0.003023417,0.002990241,0.002960856,0.002939113,0.00292557,0.002927463,0.002944943,0.002974417,0.003019851,0.003085295,0.003172918,0.003278193,0.003390836,0.00350916,0.003635626,0.00377167,0.003914609,0.004047402,0.004159741,0.004251394,0.004306763,0.004334979,0.004379788,0.004436984,0.004472718,0.004498714,0.004535905,0.004573721,0.004581912,0.004551205,0.004541586,0.004615986,0.004760745,0.004941379,0.005143559,0.005352325,0.005544947,0.005701116,0.00581834,0.005894278,0.005914875,0.005898464,0.00586316,0.005781784,0.005696344,0.005748252,0.006005393,0.006424253,0.006943493,0.007499363,0.007997353,0.00838254,0.00878298,0.009376283,0.010083136,0.010700964,0.011157377,0.011461623,0.011649054,0.011729836,0.011629284,0.011279573,0.010742974,0.010133399,0.009460524,0.008702607,0.008022884,0.007666866,0.007617795,0.007728582,0.007959189,0.008320841,0.008813593,0.009421054,0.010087289,0.010738134,0.01131774,0.011801855,0.012205032,0.01254433,0.012781788,0.012831563,0.012692314,0.012517379,0.012425564,0.012390113,0.012379214,0.012410179,0.012462119,0.01246158,0.01228773,0.011812119,0.011032618,0.010062043,0.009025154,0.008013937,0.007061342,0.00615422,0.005264676,0.004382803,0.003519624,0.002714224,0.002101308,0.001821084,0.0017919,0.001780812,0.001666902,0.001557638,0.001618477,0.0018199,0.002033768,0.002183239,0.002191551,0.002000458,0.001622196,0.001117477,0.000616478,0.000259478,7.41E-05,6.04E-06,1.87E-06,6.87E-06,1.20E-05,2.90E-05,5.74E-05,8.32E-05,8.73E-05,5.87E-05,1.81E-05,0,0,1.20E-05,2.22E-05,3.62E-05,5.89E-05,9.01E-05,0.000127093,0.000165329,0.000203325,0.000242911,0.000283606,0.000326719,0.000374294,0.000426392,0.000487189,0.000564253,0.000666558,0.000804137,0.000983509,0.001213967,0.001501848,0.001824528,0.002121529,0.002307189,0.002305073,0.00210651,0.001785283,0.001442691,0.001146296,0.000912163,0.000731748,0.000597915,0.000503303,0.000439548,0.000398458,0.000369844,0.000347018,0.000327028,0.000307826,0.000291265,0.000278496,0.000270205,0.00027126,0.000284507,0.000309847,0.00034864,0.000402517,0.000474188,0.000558596,0.000632304,0.000664971,0.000641928,0.000578299,0.000506004,0.000439126,0.00036999,0.000293761,0.000217375,0.000153866,0.000112332,8.99E-05,7.85E-05,7.12E-05,6.25E-05,5.25E-05,4.30E-05,3.51E-05,3.05E-05,2.84E-05,2.77E-05,2.85E-05,2.92E-05,2.96E-05,2.99E-05,2.85E-05,2.70E-05,2.54E-05,1.80E-05,0
3104,control,0,0.000130369,0.00027517,0.000431188,0.000594338,0.000766286,0.000951512,0.001149908,0.001358228,0.00157234,0.001789326,0.002006607,0.002217221,0.002405827,0.002549841,0.002631284,0.002654331,0.002643798,0.002630719,0.002639626,0.002670115,0.002684218,0.002625512,0.002469678,0.002258327,0.002059157,0.001901423,0.001777754,0.001681199,0.001610511,0.001557627,0.001508282,0.001457831,0.001415826,0.001389093,0.001377795,0.001385243,0.001413776,0.00146029,0.001521466,0.001599084,0.0017018,0.00183247,0.001976085,0.00211085,0.002222874,0.002315905,0.00241391,0.00254059,0.002705941,0.002913848,0.003159876,0.003430288,0.003709008,0.003975389,0.004209423,0.004397012,0.004527526,0.004602458,0.004632823,0.004621767,0.004567272,0.004466868,0.004322438,0.004151247,0.003974097,0.00380605,0.003662183,0.003548636,0.003464049,0.00340618,0.003364406,0.003329442,0.003300549,0.003275346,0.003254888,0.003240987,0.00322751,0.003211471,0.003192221,0.003168613,0.003146884,0.003131018,0.003123051,0.003129813,0.003148974,0.003174434,0.003210906,0.003266461,0.0033463,0.003447752,0.003563079,0.003689803,0.003824516,0.003963946,0.004105479,0.004233492,0.004338748,0.004424602,0.004479341,0.004508862,0.004550563,0.004604071,0.004643718,0.004676308,0.004711314,0.004737732,0.004735269,0.004703529,0.004700535,0.004777111,0.004910922,0.005071343,0.005256165,0.005456092,0.005639216,0.005772463,0.005849045,0.005880773,0.0058811,0.005870809,0.005850366,0.005808843,0.005813677,0.005971069,0.006289694,0.006719932,0.007232833,0.007788658,0.008301818,0.008713226,0.009132069,0.009723761,0.010413246,0.011005896,0.011448754,0.011769953,0.011983067,0.012059013,0.011920728,0.011538151,0.011000487,0.010396858,0.009708009,0.0089261,0.008242237,0.007896597,0.00784889,0.007952542,0.008188441,0.008581126,0.0091204,0.009773143,0.010478671,0.011162871,0.011767111,0.012264253,0.012665799,0.012982104,0.013174553,0.013175737,0.012998541,0.012782964,0.012635367,0.012540659,0.012485898,0.012487392,0.012504571,0.012461346,0.012269878,0.011830935,0.011115161,0.010186187,0.009153879,0.008123407,0.007137173,0.006177943,0.005220828,0.004279761,0.003375547,0.002524869,0.001851021,0.001511291,0.001434632,0.001379597,0.001214176,0.001028256,0.000966801,0.001008513,0.001058793,0.001076831,0.001035387,0.000923188,0.000746429,0.000508054,0.000262968,9.45E-05,1.87E-05,1.38E-06,0,4.50E-07,6.19E-06,2.63E-05,5.00E-05,6.34E-05,5.81E-05,3.34E-05,6.86E-06,0,0,8.70E-06,1.54E-05,2.46E-05,4.03E-05,6.21E-05,8.71E-05,0.000110812,0.000132202,0.000153779,0.00017598,0.00020004,0.000227191,0.000256558,0.000290412,0.000333807,0.000392918,0.000474284,0.000580504,0.000716685,0.000889503,0.001088716,0.001279943,0.001410908,0.001430231,0.0013258,0.001138522,0.000931708,0.000752273,0.000613578,0.000509619,0.000434233,0.000381451,0.000345746,0.000322617,0.000305697,0.00029079,0.000276402,0.000261679,0.000248846,0.000238981,0.000232004,0.000231101,0.000238031,0.000252513,0.00027579,0.00030938,0.000355946,0.000412967,0.000464797,0.000490704,0.000479572,0.00043999,0.000393491,0.00035025,0.000305189,0.000254605,0.000201979,0.000155795,0.000123736,0.000105085,9.46E-05,8.72E-05,7.93E-05,7.11E-05,6.35E-05,5.63E-05,5.07E-05,4.71E-05,4.49E-05,4.40E-05,4.27E-05,4.08E-05,3.88E-05,3.53E-05,3.20E-05,2.85E-05,1.95E-05,0
2566,control,0,7.20E-05,0.000140374,0.000210947,0.000287525,0.000381962,0.000509035,0.000673667,0.000869841,0.001087001,0.001315426,0.001547556,0.001776582,0.001989858,0.002159083,0.002251971,0.002265853,0.002234003,0.002199421,0.002193555,0.00222604,0.002270571,0.002265549,0.002167695,0.002008636,0.001853061,0.001721085,0.001597595,0.001474366,0.001352108,0.001229972,0.001106183,0.000990778,0.000903334,0.000850611,0.000829507,0.000842426,0.000889402,0.00096119,0.001043573,0.001128436,0.0012244,0.001340431,0.001468671,0.001591513,0.001683961,0.00173072,0.001757298,0.00181349,0.001935028,0.002127864,0.00237,0.002637741,0.002919124,0.003196183,0.003446693,0.003652373,0.00380041,0.003896,0.003955232,0.003988006,0.003996964,0.003968946,0.003890453,0.003771713,0.003628839,0.003476462,0.003328949,0.003184775,0.003046124,0.002924693,0.002818427,0.002726711,0.002653929,0.00259443,0.002546301,0.002506857,0.002466937,0.002424276,0.002374992,0.002319917,0.002271616,0.00222346,0.002163664,0.002107962,0.0020815,0.002108724,0.002188952,0.002265879,0.002299054,0.002320847,0.002376625,0.002489187,0.002652189,0.002813628,0.002936914,0.003049376,0.003165649,0.003253591,0.003316765,0.003422477,0.003614561,0.003816508,0.003886632,0.003798992,0.003663041,0.003595146,0.003664111,0.00382251,0.00390424,0.0038707,0.003921045,0.004191038,0.004508082,0.004645527,0.004686196,0.00487084,0.005315088,0.005817529,0.005906228,0.005569864,0.0053638,0.005425553,0.005348727,0.005070148,0.005060656,0.005570716,0.006361152,0.007110696,0.007689339,0.008200498,0.008844215,0.009588925,0.010364696,0.011291301,0.01214574,0.012464748,0.01244137,0.01267955,0.013241001,0.013437459,0.012680716,0.011500407,0.010773521,0.010476938,0.00992189,0.008984096,0.008304481,0.008196455,0.008353779,0.008430284,0.008514617,0.008876446,0.00951854,0.010240074,0.010896612,0.011459257,0.011986638,0.012591087,0.013256964,0.013659398,0.013562132,0.013272882,0.013223354,0.013433725,0.01360794,0.013689292,0.014032187,0.014712065,0.01503873,0.014306063,0.012892435,0.011625758,0.010735315,0.009967518,0.009155125,0.008420514,0.007739205,0.006792953,0.005698119,0.004960417,0.004569065,0.004072612,0.003432087,0.003002568,0.002859788,0.002719023,0.002463901,0.002414712,0.002840443,0.003422212,0.003512043,0.003036533,0.002433598,0.001853016,0.001216947,0.000631111,0.000263748,0.00016568,0.00029595,0.000425633,0.000312842,8.70E-05,2.21E-05,0.000152994,0.000320875,0.000320684,0.000154931,0,0,6.26E-07,4.16E-06,1.68E-05,3.68E-05,6.08E-05,9.07E-05,0.000125504,0.000163332,0.000199467,0.000225223,0.000241974,0.000257942,0.000281543,0.000322071,0.000386104,0.000481182,0.000615299,0.000793561,0.001029541,0.001334765,0.001692252,0.002044654,0.002297871,0.002361306,0.002213279,0.001917146,0.001577037,0.00127268,0.001029803,0.000845238,0.000710687,0.000614794,0.000547546,0.000497229,0.000451498,0.000405163,0.000357735,0.000311726,0.000271553,0.000238985,0.000219796,0.000220598,0.000240846,0.000278178,0.000329431,0.000391078,0.000465464,0.000548561,0.000620229,0.000652946,0.000629473,0.00056333,0.000489282,0.000425901,0.000369208,0.000310181,0.000248015,0.000193509,0.000155199,0.000128881,0.000107347,8.49E-05,5.95E-05,3.36E-05,1.15E-05,4.68E-07,3.41E-07,3.93E-06,1.05E-05,1.66E-05,1.71E-05,1.27E-05,5.85E-06,1.49E-07,0,0,0,0
2907,control,0,0.000124947,0.000264945,0.000417641,0.000579072,0.00075134,0.000939833,0.001145093,0.001363259,0.00158837,0.001815926,0.00204319,0.002264368,0.002465273,0.002622108,0.00271329,0.00274058,0.002729855,0.002715375,0.00272474,0.002759406,0.002781513,0.002731399,0.002580062,0.002369016,0.002169456,0.002010827,0.001882575,0.001775723,0.001689683,0.001618653,0.001550754,0.00148419,0.001431278,0.001399033,0.001386068,0.001394444,0.001425237,0.001474326,0.001537597,0.001615975,0.001718493,0.001849387,0.001994841,0.002132204,0.002241719,0.002320449,0.002393952,0.002495781,0.002644819,0.002845406,0.003087685,0.003355676,0.003635377,0.003907367,0.004151397,0.004351727,0.004495331,0.004583827,0.004630077,0.00463812,0.004605005,0.004524546,0.004395073,0.004233313,0.004060119,0.003890476,0.003739292,0.003611474,0.003506553,0.003426093,0.003362852,0.003309321,0.003264161,0.003223609,0.003189473,0.003164175,0.003140751,0.003115196,0.003085106,0.0030487,0.003013415,0.002983198,0.002960057,0.002952181,0.002958499,0.002974641,0.003005774,0.003057283,0.003131673,0.003224603,0.003327618,0.003440517,0.00356357,0.003695646,0.00383444,0.003964106,0.004075594,0.004169399,0.004228644,0.00426103,0.004309825,0.004370472,0.004408045,0.00443034,0.004454174,0.004471224,0.004459131,0.004415246,0.004398444,0.004463168,0.004591301,0.00475412,0.004944925,0.005148829,0.005336014,0.005480136,0.005579391,0.005635636,0.005636771,0.005603065,0.00555995,0.005489551,0.005430851,0.005504341,0.005763084,0.006170979,0.006682015,0.007239596,0.007745419,0.008139366,0.008555442,0.009180929,0.009933854,0.010605406,0.011123017,0.011493893,0.011748649,0.011894247,0.011854066,0.011556473,0.011053536,0.010450287,0.009757089,0.008957155,0.008221871,0.007806882,0.007700415,0.00775782,0.007943419,0.008273004,0.008749854,0.009359808,0.01004837,0.010738834,0.011367842,0.011904444,0.012360701,0.012753413,0.013044739,0.013144536,0.013043109,0.012892708,0.01281853,0.01280022,0.012810503,0.01286706,0.0129494,0.01299041,0.012873306,0.012457626,0.011720264,0.010765011,0.009721478,0.008689133,0.007703692,0.006751604,0.005804514,0.004854338,0.003914678,0.003024042,0.00232112,0.001958639,0.001861791,0.001793091,0.001621662,0.001441453,0.001407873,0.001499883,0.001611551,0.001680786,0.001645625,0.001478192,0.001201422,0.000840544,0.00047312,0.000206081,6.42E-05,1.16E-05,5.37E-07,3.58E-06,6.02E-06,1.81E-05,4.22E-05,6.58E-05,7.04E-05,4.54E-05,1.11E-05,0,0,8.17E-06,1.43E-05,2.33E-05,3.97E-05,6.32E-05,9.07E-05,0.000117283,0.000141908,0.0001668,0.000191962,0.000219149,0.000250095,0.000284471,0.000325283,0.000378332,0.000451345,0.000552302,0.000684753,0.000855988,0.001074093,0.001326226,0.00156986,0.001739288,0.00177013,0.001646531,0.001417883,0.001162254,0.000937405,0.000760099,0.000624592,0.000524456,0.00045307,0.000404113,0.000371271,0.000346326,0.000324267,0.000303031,0.000281838,0.000263562,0.000249492,0.000240161,0.000239459,0.000249174,0.000268817,0.000299131,0.0003414,0.000398674,0.000467598,0.000529842,0.00056096,0.000547353,0.000499463,0.000443393,0.000391878,0.00033957,0.000281438,0.000220875,0.000167929,0.000131174,0.000109398,9.66E-05,8.67E-05,7.57E-05,6.42E-05,5.35E-05,4.45E-05,3.91E-05,3.69E-05,3.70E-05,3.86E-05,3.97E-05,3.98E-05,3.90E-05,3.58E-05,3.24E-05,2.87E-05,1.93E-05,0
2249,control,0,0.000102828,0.000211761,0.000329519,0.000456582,0.00060198,0.000776779,0.000981156,0.001205816,0.001438353,0.001668951,0.00189206,0.002102852,0.002290032,0.002428291,0.002491273,0.002482406,0.002437087,0.00239773,0.002392933,0.0024213,0.002442973,0.0023962,0.002253694,0.00206677,0.001908415,0.001791079,0.001687026,0.001582119,0.001477311,0.00137321,0.001269087,0.001177692,0.001122827,0.001111021,0.001134276,0.001189671,0.00127214,0.001372211,0.00148301,0.001602199,0.00173742,0.001893637,0.002058462,0.002209015,0.002312696,0.002349095,0.002351351,0.002386322,0.002499253,0.002690137,0.002924968,0.003176007,0.003435585,0.003689107,0.003915701,0.004096648,0.004216444,0.004282978,0.004319103,0.004334555,0.004326704,0.004279852,0.004182737,0.004052349,0.003908487,0.003761365,0.003620092,0.003479253,0.003337734,0.003210097,0.003099707,0.003005396,0.002927247,0.00285846,0.002802639,0.002762747,0.002727676,0.002691456,0.002649052,0.00260016,0.002558871,0.002524862,0.002492497,0.002474216,0.002479457,0.002516857,0.002591442,0.002680976,0.002767667,0.002857388,0.002955454,0.003070294,0.003205593,0.003345023,0.003475463,0.003597732,0.00371276,0.003804348,0.003850877,0.003892145,0.003999302,0.004129796,0.004177931,0.004150687,0.004126489,0.004139465,0.004178589,0.00421336,0.004237359,0.004294057,0.00444122,0.00469031,0.004954641,0.005141378,0.005285735,0.005480485,0.005777108,0.006075107,0.006121917,0.005932069,0.005815893,0.005807114,0.005692396,0.005541581,0.005664213,0.006151316,0.006825371,0.007476998,0.007956864,0.008262991,0.008640049,0.009284855,0.010102935,0.010939014,0.011589061,0.011830797,0.011823508,0.011914188,0.01207864,0.011913745,0.011197067,0.010295119,0.009606842,0.009051557,0.008422657,0.007871249,0.007663629,0.00779067,0.008056035,0.008307855,0.008606839,0.009084521,0.009710172,0.010351533,0.010918979,0.011390741,0.01181009,0.012254089,0.012690547,0.012875295,0.012681027,0.012395751,0.012317662,0.012397525,0.012449944,0.012476629,0.012647773,0.012951935,0.012980536,0.012311127,0.011133332,0.009943485,0.008944333,0.008063283,0.007228489,0.006483775,0.005795772,0.004975828,0.004039477,0.00326113,0.00278644,0.002528949,0.002379081,0.002289985,0.002204494,0.002128157,0.002191764,0.002499155,0.00302109,0.003520705,0.0036137,0.003213793,0.002557165,0.001789189,0.001011279,0.00041103,8.32E-05,0,4.93E-05,0.000125033,8.86E-05,9.86E-06,1.59E-05,0.000119339,0.000215403,0.000191507,7.72E-05,0,0,9.70E-06,1.82E-05,3.29E-05,5.70E-05,8.99E-05,0.00013142,0.000177526,0.000227386,0.000281059,0.000332699,0.000383122,0.000437234,0.000498095,0.00057304,0.000671132,0.00080423,0.000985881,0.001223907,0.001532715,0.001922476,0.002363122,0.002774057,0.003038086,0.003050244,0.002798323,0.002377773,0.001922405,0.001524231,0.001205838,0.000957424,0.000771187,0.000638348,0.000548869,0.000489746,0.000444896,0.000405845,0.000369421,0.000334095,0.000303547,0.000279251,0.00026405,0.00026574,0.000286884,0.000325972,0.000382163,0.000454941,0.000548273,0.000655705,0.000747534,0.000787129,0.00075616,0.000673355,0.000580133,0.000495771,0.000412756,0.000323799,0.000233414,0.000157019,0.000106968,7.89E-05,6.28E-05,5.03E-05,3.60E-05,2.11E-05,8.30E-06,7.79E-07,2.84E-07,2.57E-06,5.92E-06,9.27E-06,9.69E-06,8.17E-06,5.48E-06,1.23E-06,3.22E-07,1.15E-06,1.35E-06,0
3291,control,0,0.000129488,0.00027386,0.000429619,0.00059239,0.000764265,0.000949764,0.001148124,0.001355676,0.001567468,0.001779274,0.001988854,0.002191894,0.002375319,0.002515895,0.002592896,0.002609072,0.002591094,0.002572716,0.002579027,0.002608676,0.002622791,0.00256424,0.002411746,0.002215884,0.002048653,0.001929432,0.001835585,0.001751743,0.001676626,0.001608537,0.00154391,0.001488741,0.001458042,0.00145659,0.001478263,0.001520659,0.001582592,0.001660163,0.001751578,0.001859327,0.00199081,0.002148341,0.002317487,0.002472246,0.002584069,0.002641126,0.00267286,0.002732431,0.002853972,0.003036751,0.003257377,0.003495917,0.003744413,0.003989492,0.004211832,0.004393373,0.004519287,0.004592962,0.004631589,0.004640938,0.0046158,0.004547627,0.004433887,0.004291269,0.004140594,0.003994776,0.003864128,0.003747936,0.003642359,0.003552804,0.003479725,0.003417809,0.003363038,0.003310847,0.00326562,0.003233341,0.0032079,0.003183031,0.003154951,0.003122445,0.003093941,0.003073505,0.003061278,0.003064608,0.003084609,0.003118236,0.003169205,0.003240521,0.003333295,0.003442202,0.003555332,0.003670384,0.003791938,0.003923589,0.004063371,0.004193802,0.004303133,0.004391018,0.004443343,0.004468707,0.004508434,0.004558751,0.004589521,0.004614585,0.004654073,0.004695889,0.004707497,0.004677165,0.00466512,0.004737051,0.00488054,0.005059673,0.005258672,0.005462764,0.005650918,0.005803893,0.005918127,0.005993092,0.006020568,0.006015046,0.005978838,0.005876601,0.005759403,0.005781318,0.006011583,0.006401858,0.006888373,0.007409042,0.007876101,0.0082372,0.008608108,0.009154419,0.009802421,0.010361773,0.010769817,0.011041688,0.011207841,0.011270334,0.011157541,0.010814707,0.010308685,0.009740058,0.009108554,0.00839532,0.007761785,0.007439694,0.0074049,0.007515372,0.007737572,0.008084233,0.008551391,0.009118579,0.009731927,0.010325452,0.010851291,0.011288427,0.011651051,0.011953911,0.012160839,0.01219655,0.012063008,0.01189888,0.011809742,0.011769429,0.011751812,0.01177472,0.011812717,0.011793361,0.011609582,0.011150691,0.010415469,0.009501963,0.008523878,0.007570908,0.006675609,0.005823659,0.004989832,0.004169535,0.003373239,0.002633398,0.002077007,0.001838937,0.001839371,0.001854023,0.00177232,0.001706693,0.001819381,0.002071895,0.002326401,0.00250704,0.002538872,0.00234184,0.001910086,0.001322726,0.000742222,0.000326255,0.000106017,2.08E-05,2.75E-06,7.46E-06,1.51E-05,3.41E-05,6.09E-05,8.22E-05,8.28E-05,5.46E-05,1.70E-05,0,0,1.44E-05,2.70E-05,4.34E-05,6.82E-05,0.000100976,0.000139436,0.000179583,0.000220095,0.000262699,0.000306936,0.000354371,0.000407348,0.000465986,0.000534784,0.000621829,0.00073651,0.00088988,0.001090176,0.001348668,0.001672748,0.002037427,0.002375435,0.00259136,0.002599194,0.002387198,0.002035835,0.00165713,0.001326067,0.001061149,0.000854205,0.00069864,0.000587174,0.000510698,0.000460213,0.000424708,0.00039677,0.000372925,0.000350511,0.000331105,0.000315972,0.00030577,0.000305582,0.000318681,0.000345347,0.000387361,0.000446598,0.000525951,0.000620142,0.000703544,0.00074214,0.000719002,0.000650249,0.000570901,0.000496869,0.000419895,0.000334655,0.000249239,0.000178411,0.000132096,0.000106913,9.40E-05,8.56E-05,7.55E-05,6.35E-05,5.19E-05,4.18E-05,3.52E-05,3.13E-05,2.86E-05,2.79E-05,2.80E-05,2.86E-05,2.96E-05,2.88E-05,2.77E-05,2.60E-05,1.83E-05,0
2884,control,0,0.000134791,0.00028596,0.00045067,0.000623999,0.00080682,0.001003554,0.001213817,0.001432935,0.001654825,0.00187556,0.002092523,0.002299117,0.002481043,0.002617122,0.002690764,0.002707816,0.002694563,0.002682359,0.002694293,0.002726759,0.002739275,0.002676249,0.00251695,0.002306535,0.002113107,0.00196304,0.001846464,0.001755916,0.001690193,0.001641657,0.001597045,0.00155299,0.001520115,0.001505014,0.001506911,0.001528372,0.00157049,0.001629387,0.001702269,0.001791018,0.001903695,0.002042668,0.00219267,0.002331902,0.002445418,0.002535609,0.002628181,0.002750814,0.002915562,0.00312459,0.00336975,0.003635539,0.003906594,0.00416306,0.004386068,0.004562598,0.004682032,0.00474697,0.004770371,0.00475583,0.00470085,0.004601835,0.004459734,0.004292561,0.004121315,0.003959583,0.003820936,0.00370982,0.003624356,0.003564308,0.003521013,0.003485736,0.003457427,0.003433282,0.003415221,0.003405596,0.003397071,0.003385844,0.003370903,0.003350648,0.003331726,0.003318534,0.003313774,0.003325075,0.00334877,0.003377123,0.003416015,0.003476408,0.003564402,0.003673392,0.003790735,0.003913383,0.004040731,0.00417393,0.004312948,0.00443991,0.004545399,0.004634515,0.004690686,0.004717025,0.004755937,0.004807053,0.004843041,0.004876194,0.00491749,0.004947973,0.004938025,0.004889711,0.00487975,0.004967179,0.005111891,0.005268789,0.005443984,0.005642195,0.005829693,0.00596155,0.006026953,0.006044321,0.006035458,0.006023125,0.006003078,0.005958062,0.0059553,0.0061064,0.006417006,0.006828656,0.007311998,0.007831081,0.008292982,0.008627984,0.008964859,0.009507777,0.010176773,0.01074075,0.011138476,0.011412828,0.011587251,0.01163232,0.011468343,0.011078236,0.010572122,0.010026431,0.009381721,0.008616068,0.00795562,0.007666709,0.007676769,0.007806237,0.00803805,0.008407231,0.008904902,0.009495921,0.01012364,0.010726568,0.011257485,0.011692696,0.012043906,0.012323673,0.012496948,0.012497049,0.012336577,0.012155339,0.012047199,0.011978295,0.011935336,0.011941288,0.01194827,0.011879483,0.011668369,0.011232664,0.01053446,0.009626668,0.008621942,0.007632374,0.006700036,0.005799465,0.004904482,0.004027824,0.003169426,0.002335669,0.001680362,0.001390379,0.00137997,0.00136787,0.001212668,0.001041658,0.001031155,0.001134419,0.001220642,0.0012477,0.001198872,0.001063558,0.000849054,0.000569183,0.000296418,0.000121573,4.28E-05,9.72E-06,2.64E-06,7.54E-06,1.88E-05,4.68E-05,7.49E-05,8.65E-05,7.46E-05,4.15E-05,8.92E-06,0,0,1.18E-05,1.91E-05,2.77E-05,4.28E-05,6.48E-05,9.06E-05,0.000115813,0.000139619,0.000164826,0.000191588,0.000220828,0.000253334,0.000287339,0.000324488,0.000369916,0.000430652,0.000514175,0.000622822,0.000761142,0.000935525,0.001134642,0.001322797,0.00144752,0.001458677,0.00134648,0.001153319,0.000942317,0.000759527,0.000617287,0.000509312,0.000430486,0.000375779,0.000339868,0.000318001,0.00030329,0.000291135,0.000279548,0.000267032,0.00025571,0.000246591,0.000239547,0.00023841,0.000245411,0.00026005,0.000283596,0.000317876,0.000365602,0.00042362,0.000475468,0.000500631,0.000488768,0.000448556,0.00040126,0.000356889,0.000310688,0.000259513,0.000206755,0.000160712,0.000129435,0.000112251,0.000103631,9.82E-05,9.19E-05,8.49E-05,7.82E-05,7.14E-05,6.57E-05,6.14E-05,5.81E-05,5.61E-05,5.41E-05,5.20E-05,4.99E-05,4.61E-05,4.21E-05,3.74E-05,2.54E-05,0
3003,control,0,7.56E-05,0.00016308,0.00026533,0.000380325,0.000511311,0.000667282,0.00085375,0.001067852,0.001300422,0.001544061,0.001796139,0.002053483,0.002303545,0.002517233,0.002660565,0.002724759,0.002734248,0.002729385,0.002747322,0.002802808,0.002869041,0.002879199,0.002779309,0.002592034,0.002389308,0.002209918,0.002049224,0.001899873,0.001763626,0.001638896,0.001516185,0.00139475,0.001288498,0.001205883,0.001147025,0.001115602,0.001113776,0.001135876,0.001170791,0.001213006,0.001273443,0.001363169,0.001474749,0.001587543,0.00167558,0.001727492,0.001767223,0.001833819,0.001954231,0.00213762,0.002375153,0.002652619,0.002957042,0.003267776,0.003563248,0.00382479,0.004035536,0.004193748,0.004309236,0.004386848,0.004424532,0.004408885,0.00432866,0.004194958,0.004026801,0.003843058,0.003663425,0.003495436,0.003344754,0.003218597,0.003112083,0.003021231,0.002945828,0.002879872,0.002822968,0.002774763,0.00272804,0.002679176,0.002622484,0.002554997,0.00248462,0.002411444,0.002335472,0.002270299,0.002225072,0.002205779,0.002215325,0.002238113,0.002260368,0.002287195,0.002331223,0.00240729,0.002518871,0.00265069,0.002787134,0.002923648,0.003059513,0.003181248,0.003272116,0.00335571,0.003472252,0.003591189,0.003639371,0.003607102,0.003541618,0.003485152,0.0034566,0.003444151,0.003425348,0.003414136,0.003471647,0.003641336,0.003868962,0.004059707,0.004206756,0.00436954,0.004589155,0.004794428,0.004806006,0.004630208,0.004474859,0.004367791,0.004192696,0.004026804,0.004092618,0.004465119,0.005037324,0.005664614,0.006230101,0.006723402,0.007314227,0.00812409,0.00906119,0.010018085,0.010869532,0.011456195,0.011861537,0.012298399,0.012733203,0.01285601,0.012440488,0.011695576,0.01093744,0.01016813,0.009286205,0.00845499,0.007919008,0.007700406,0.007671866,0.007733766,0.007936515,0.00838239,0.009052428,0.009829641,0.01060738,0.011337218,0.012036641,0.012753038,0.013459175,0.013973017,0.01417451,0.014246876,0.014422423,0.014706426,0.014985378,0.015247177,0.015608362,0.016069868,0.016304858,0.015920904,0.014992215,0.013886478,0.012805458,0.011755314,0.010713604,0.00971419,0.008721843,0.007612048,0.006433871,0.005392495,0.004587079,0.003984463,0.003540131,0.003223953,0.002968163,0.002720589,0.00252456,0.002469106,0.002586855,0.002736103,0.00265338,0.00230511,0.001870068,0.001408178,0.000921581,0.000502803,0.000227221,0.00010195,0.000102007,0.000130554,8.74E-05,1.47E-05,5.51E-06,6.90E-05,0.000136208,0.000127397,5.45E-05,0,0,2.05E-08,1.50E-06,6.71E-06,1.86E-05,3.78E-05,6.19E-05,8.66E-05,0.000110607,0.000132559,0.000149861,0.000164643,0.000180614,0.000201289,0.000231443,0.000276439,0.000345127,0.000445049,0.000578643,0.000755302,0.00098639,0.001263739,0.001546677,0.001762924,0.001837708,0.00174421,0.001525073,0.00126325,0.001025756,0.000835852,0.000692003,0.000587322,0.000512809,0.000460531,0.000421423,0.000386632,0.000351978,0.000315921,0.000280176,0.000248729,0.00022327,0.000207915,0.000207648,0.00022233,0.000249906,0.000288485,0.000337981,0.000401627,0.000475345,0.000541616,0.000575796,0.000561569,0.000509615,0.000449291,0.000397198,0.000349846,0.000298416,0.000242669,0.000192712,0.000156227,0.000131113,0.000111496,9.11E-05,6.72E-05,4.21E-05,1.93E-05,4.29E-06,0,1.40E-06,7.58E-06,1.64E-05,2.25E-05,2.44E-05,2.27E-05,1.79E-05,1.27E-05,7.55E-06,3.13E-06,0
2371,control,0,0.000125267,0.000259053,0.000401121,0.000548668,0.000707519,0.000887802,0.001091317,0.001311214,0.001538027,0.001764743,0.00198516,0.002189437,0.002362224,0.00248181,0.002531055,0.002518827,0.002478061,0.002444398,0.002440294,0.002460428,0.002463055,0.002390951,0.002225218,0.00201645,0.00183195,0.001690036,0.001576592,0.001484262,0.00141075,0.001348171,0.001286019,0.001226296,0.00118513,0.001170699,0.001181788,0.001220885,0.001287043,0.001372896,0.001471781,0.001581662,0.001709111,0.001856337,0.002008675,0.002147655,0.002259608,0.002344689,0.002430529,0.00255125,0.002723543,0.002947888,0.003208568,0.003484348,0.003758714,0.004010711,0.004220939,0.004377349,0.004471143,0.004508801,0.004507153,0.004473299,0.00440774,0.004304324,0.004160023,0.003992955,0.003823669,0.003664749,0.00352869,0.003415744,0.00332375,0.00325635,0.003205541,0.003164235,0.003134376,0.003113261,0.003102058,0.003100052,0.003096627,0.003088853,0.003076625,0.003060389,0.003049991,0.003045001,0.003041932,0.003052254,0.003081801,0.003132928,0.003209719,0.003298953,0.003389932,0.003490574,0.003608169,0.003747788,0.003905142,0.004059842,0.004198534,0.004321959,0.004433435,0.004527016,0.004589845,0.00464918,0.004756209,0.004877605,0.004931463,0.004921268,0.004905248,0.004912564,0.004943507,0.00498252,0.005027314,0.005106677,0.005257693,0.005487438,0.005729501,0.005907569,0.006042212,0.006200127,0.006419908,0.006632011,0.006653453,0.006501343,0.006426524,0.00648786,0.006543993,0.006613719,0.006879433,0.007399228,0.0080511,0.008677018,0.009155212,0.009477894,0.009836059,0.010387762,0.011049403,0.011687433,0.012153223,0.012289689,0.012215374,0.012183353,0.012170524,0.011884053,0.011179835,0.010346319,0.009684957,0.009144821,0.008596152,0.008169947,0.008053481,0.008225277,0.008534666,0.008855924,0.009217322,0.009706824,0.010288222,0.010847628,0.011312722,0.011669855,0.011958076,0.012240758,0.01249533,0.012543544,0.012305237,0.012016253,0.011906573,0.011927647,0.01192896,0.011906227,0.011975484,0.012110461,0.011986167,0.011281131,0.010158193,0.009011874,0.00800847,0.00710334,0.006242212,0.005451124,0.004701441,0.003860787,0.00295549,0.002198948,0.001715743,0.001455924,0.001315428,0.001224006,0.001112357,0.000978842,0.00092447,0.001041093,0.001330477,0.00162161,0.001634545,0.001359249,0.001016985,0.000682563,0.000355373,0.000121692,3.06E-05,1.32E-05,7.89E-05,0.000151191,0.000128844,6.65E-05,6.87E-05,0.0001413,0.000205906,0.000176736,7.53E-05,0,0,9.98E-06,1.82E-05,3.02E-05,5.04E-05,7.84E-05,0.000113139,0.000150579,0.000189479,0.000229727,0.000266261,0.000299377,0.000332646,0.000366932,0.000406365,0.000456981,0.000526159,0.000621744,0.000744967,0.000899527,0.001088563,0.001293747,0.001472289,0.001566484,0.001529253,0.001365214,0.001129574,0.000889764,0.000690694,0.000541124,0.000432639,0.000358945,0.000312575,0.000286744,0.000274699,0.000266894,0.000258302,0.000247576,0.000234023,0.000220726,0.000208806,0.000200406,0.000202115,0.000215801,0.000239365,0.000272127,0.000313243,0.000364097,0.000419628,0.000461995,0.000473078,0.000446178,0.00039294,0.000336461,0.000286097,0.000237627,0.000189026,0.000142018,0.000103073,7.91E-05,6.73E-05,6.10E-05,5.52E-05,4.64E-05,3.66E-05,2.81E-05,2.27E-05,2.18E-05,2.23E-05,2.23E-05,2.20E-05,1.91E-05,1.46E-05,9.95E-06,4.79E-06,2.93E-06,3.69E-06,2.95E-06,0
2554,control,0,8.16E-05,0.000163149,0.000249013,0.000340869,0.000448286,0.000584018,0.000751604,0.000944919,0.001154121,0.001370898,0.001588666,0.001799447,0.001988931,0.002130836,0.002199332,0.002197835,0.00216051,0.002126729,0.002122652,0.002151363,0.002181118,0.002152578,0.002033468,0.001864861,0.001711444,0.001588789,0.001479478,0.001374661,0.001273586,0.001173808,0.001072828,0.000980183,0.000915421,0.000885764,0.000887712,0.000922064,0.000987511,0.001075554,0.001174978,0.001279515,0.001396159,0.001530894,0.001673391,0.001805196,0.001903832,0.001958049,0.001995689,0.002066532,0.002202789,0.002405176,0.002649834,0.002913933,0.003185743,0.003447359,0.003677524,0.003859491,0.003981826,0.004050955,0.004084441,0.004092144,0.004075364,0.004022155,0.003922505,0.003789765,0.00364181,0.003492367,0.00335423,0.003225077,0.003104603,0.003002651,0.002917064,0.002845017,0.002788897,0.002744281,0.002711226,0.002688197,0.00266547,0.002640041,0.002609448,0.002575258,0.002549434,0.002526759,0.002497088,0.002474581,0.002478768,0.002526723,0.002618614,0.002711731,0.002775049,0.002833355,0.00291971,0.003050834,0.003221865,0.003390985,0.003527042,0.003648223,0.003766521,0.003858434,0.003922676,0.004015713,0.004185723,0.004367534,0.004434138,0.004372193,0.004281967,0.004252005,0.004324411,0.004458842,0.004541796,0.004559315,0.004659878,0.004934029,0.005237317,0.005390482,0.005463549,0.005649171,0.006040129,0.006470041,0.006544968,0.006262568,0.00610056,0.006178169,0.006160034,0.006006163,0.00610765,0.006654207,0.007429583,0.008152709,0.008693382,0.009124386,0.009652751,0.010311575,0.011022885,0.011820634,0.012494806,0.01267207,0.012536845,0.012605302,0.012918039,0.012902088,0.012109599,0.011011837,0.010314016,0.009975642,0.009470309,0.008747777,0.008305967,0.008348281,0.008604337,0.008783341,0.008953677,0.009335655,0.009922328,0.010540522,0.011074525,0.011507116,0.01189476,0.012339967,0.012827967,0.013075491,0.012896825,0.012587743,0.012517293,0.012669483,0.012778169,0.012801249,0.013026252,0.0134949,0.013615783,0.012797736,0.011379284,0.010086554,0.009134943,0.008322189,0.007506996,0.00678212,0.006120506,0.005248786,0.004246899,0.003543414,0.003181943,0.002825263,0.002398562,0.002117906,0.00201837,0.001917215,0.001778308,0.001846731,0.002295347,0.00283478,0.002910933,0.00246733,0.001896395,0.001347033,0.000778934,0.00029907,3.90E-05,1.18E-05,0.000143563,0.000277269,0.000207643,4.28E-05,1.12E-05,0.000140286,0.000289315,0.000284162,0.000134303,0,0,3.91E-06,9.40E-06,2.32E-05,4.58E-05,7.50E-05,0.000112712,0.000157306,0.000206676,0.000257105,0.000300217,0.000335602,0.000369585,0.000408026,0.000458634,0.000528684,0.000626446,0.00076097,0.000936858,0.001163429,0.001446535,0.001762697,0.002051005,0.00222407,0.002208413,0.002002644,0.00168104,0.001341738,0.00105105,0.000824817,0.000655441,0.000535258,0.000454409,0.000402809,0.000369663,0.000343069,0.000317061,0.000290371,0.000263419,0.0002388,0.000217662,0.000204929,0.000208224,0.000228638,0.000263737,0.000311494,0.000369769,0.0004399,0.000515932,0.00057633,0.000596027,0.000563645,0.000494765,0.000420919,0.000356495,0.000296298,0.000234798,0.000174143,0.000124282,9.29E-05,7.52E-05,6.35E-05,5.18E-05,3.69E-05,2.07E-05,7.31E-06,1.87E-06,1.70E-06,5.62E-06,1.03E-05,1.42E-05,1.36E-05,8.92E-06,3.51E-06,7.94E-09,0,0,0,0
3264,control,0,0.000132762,0.000280217,0.000439971,0.000608396,0.000787921,0.000982811,0.001190732,0.001405725,0.001621236,0.001832354,0.002036905,0.002231703,0.002405515,0.002536427,0.002604597,0.002614191,0.002593297,0.002575832,0.002585094,0.002616574,0.002630108,0.002571104,0.002421903,0.00223459,0.002079591,0.001972739,0.001889106,0.001813724,0.001746397,0.001686148,0.001630466,0.001586399,0.001568879,0.001581357,0.001616661,0.001672279,0.001746529,0.001834836,0.001935785,0.00205239,0.002191995,0.002356605,0.00253126,0.002689615,0.00280263,0.002858112,0.002886955,0.002944405,0.003065242,0.003247972,0.003467004,0.003700495,0.003940811,0.004175494,0.004385858,0.004554665,0.004667696,0.004729627,0.004759135,0.004762252,0.004734078,0.0046663,0.004556018,0.004420191,0.004279104,0.004143473,0.004021491,0.003910522,0.003806225,0.003715725,0.003640917,0.003577504,0.003522316,0.00347027,0.003425621,0.00339495,0.003371738,0.003349301,0.003323587,0.003292982,0.003266412,0.003248106,0.003237873,0.00324338,0.003265645,0.003302011,0.003357326,0.003433858,0.003531411,0.003644097,0.003758789,0.003872822,0.003991273,0.004117554,0.004250479,0.004373552,0.004474527,0.004552371,0.004592974,0.004607772,0.004641937,0.004689772,0.004717644,0.004741223,0.004782524,0.004827974,0.004842979,0.004814746,0.004804666,0.004878921,0.005022526,0.005197816,0.005388857,0.00558231,0.005760981,0.005908074,0.006021349,0.006099121,0.006125488,0.006113463,0.006075549,0.005977784,0.005859268,0.00586853,0.006081892,0.006455915,0.006923168,0.007416608,0.007846502,0.008161605,0.008485223,0.0089924,0.009611391,0.010148901,0.01053473,0.010774338,0.010903429,0.010939155,0.010813284,0.010463087,0.009953224,0.009395593,0.008797575,0.008132086,0.007545206,0.007260046,0.007253442,0.007385065,0.007618208,0.007960686,0.008409925,0.008950663,0.009531066,0.010087005,0.01057366,0.010971679,0.011296974,0.0115667,0.011743927,0.011745977,0.011569355,0.011359151,0.011228538,0.011149594,0.011092848,0.011079559,0.011091286,0.011060686,0.010881647,0.010441576,0.009741714,0.00888426,0.007977347,0.007098435,0.006273059,0.005488942,0.004723703,0.003965219,0.003217843,0.002522293,0.002011058,0.001811536,0.001837808,0.001868463,0.001798333,0.001745167,0.001875763,0.002152082,0.002433908,0.002640812,0.002688163,0.002488189,0.002035737,0.001414757,0.00079631,0.000348052,0.000104136,1.06E-05,2.16E-07,3.52E-06,5.79E-06,2.01E-05,4.59E-05,6.98E-05,7.47E-05,4.90E-05,1.33E-05,0,0,1.58E-05,2.85E-05,4.38E-05,6.59E-05,9.42E-05,0.000127303,0.000162286,0.000198508,0.000238337,0.000281246,0.000328417,0.000381992,0.000441806,0.000511991,0.000600282,0.000716185,0.000871515,0.001075295,0.001340546,0.00167773,0.002063805,0.002430705,0.002679129,0.002715699,0.002521099,0.002173145,0.001787203,0.001443843,0.001164875,0.000942981,0.00077273,0.000648215,0.000560745,0.000501186,0.000458229,0.000424256,0.000395615,0.000369198,0.000346419,0.000328547,0.00031582,0.000313032,0.0003236,0.000348069,0.000388563,0.000447439,0.000528599,0.00062767,0.0007184,0.00076482,0.000747794,0.000682039,0.000603141,0.000528476,0.000450032,0.000361654,0.000271016,0.000193959,0.000142241,0.000113239,9.79E-05,8.82E-05,7.80E-05,6.64E-05,5.50E-05,4.44E-05,3.66E-05,3.16E-05,2.80E-05,2.63E-05,2.56E-05,2.57E-05,2.62E-05,2.51E-05,2.44E-05,2.41E-05,1.77E-05,0
2612,control,0,0.000126617,0.000269825,0.000426538,0.000592504,0.00076986,0.000963393,0.001172459,0.001392817,0.001618645,0.00184537,0.002070849,0.002290877,0.002492371,0.002650751,0.00274239,0.002768081,0.002754896,0.00273886,0.002748301,0.002784288,0.002807593,0.002756733,0.002603596,0.00239506,0.002206315,0.002063145,0.001947132,0.00184448,0.001754577,0.001674669,0.001597646,0.001526733,0.001477318,0.001455901,0.001457802,0.001481644,0.001526722,0.001588896,0.001665222,0.001757595,0.001874781,0.002020768,0.002181821,0.002332331,0.002444402,0.002507034,0.002548229,0.002616564,0.002743919,0.002932775,0.003163875,0.003418101,0.003685407,0.003950063,0.004191586,0.004391229,0.004533596,0.004621467,0.004671362,0.004689081,0.004669485,0.004603154,0.004486781,0.004336728,0.004173806,0.004012146,0.003864393,0.003732408,0.003614385,0.003515554,0.003434728,0.00336612,0.003306225,0.003250452,0.00320221,0.003166004,0.003135231,0.00310383,0.00306751,0.003024588,0.002983659,0.002949596,0.002924153,0.002915097,0.002922231,0.002941859,0.002978849,0.003038829,0.003123985,0.003226704,0.003333681,0.003442822,0.003558246,0.003684777,0.003821877,0.003951209,0.004061473,0.00415178,0.004203766,0.004226216,0.004265755,0.004318803,0.004351428,0.004376363,0.004412638,0.004444831,0.004438745,0.004387851,0.004362221,0.00442852,0.004565232,0.004734308,0.004929449,0.005141525,0.005340663,0.005496882,0.005606417,0.005673041,0.005690047,0.00567437,0.005633412,0.005531925,0.005415479,0.005436121,0.005665487,0.006058598,0.006557451,0.007101527,0.007588989,0.007955671,0.008340869,0.008945285,0.00968602,0.010339032,0.010829874,0.011177275,0.011413493,0.011536695,0.011467416,0.011147611,0.010648531,0.010068841,0.009394096,0.008602143,0.00788524,0.007509725,0.007444207,0.007527572,0.007727125,0.008064624,0.008541857,0.009141756,0.009810849,0.010476445,0.01107993,0.011593108,0.012027947,0.012401113,0.012674154,0.012756576,0.012642055,0.012484559,0.01240417,0.012375699,0.012375242,0.012424284,0.012496082,0.012518742,0.012386055,0.011970278,0.011245064,0.010307199,0.009286425,0.008285921,0.007342717,0.006439711,0.005550055,0.004667346,0.003791452,0.002952343,0.002302587,0.002006337,0.001975912,0.001955087,0.001817978,0.001693662,0.001763438,0.001980921,0.002199435,0.00234805,0.002360385,0.002171214,0.001779001,0.001243391,0.000705803,0.000314801,9.95E-05,1.32E-05,0,1.47E-06,5.01E-06,2.18E-05,4.97E-05,7.34E-05,7.56E-05,4.77E-05,1.13E-05,0,0,1.10E-05,1.95E-05,3.12E-05,5.13E-05,7.98E-05,0.000113604,0.00014771,0.000180921,0.000215583,0.000252109,0.00029214,0.000337492,0.000388107,0.000447629,0.000523433,0.000625114,0.000762962,0.00094368,0.001177501,0.001472506,0.001808292,0.002125019,0.002334765,0.002356182,0.002174216,0.001859174,0.001514222,0.001210901,0.000968351,0.000779349,0.000636964,0.000534299,0.000463299,0.000415591,0.00038112,0.000353024,0.000327911,0.000304029,0.000283774,0.000268591,0.000258986,0.000259149,0.000271726,0.000296792,0.000335605,0.000389899,0.000462558,0.000548814,0.000625749,0.000662384,0.000642586,0.000580878,0.000509617,0.000443868,0.000376295,0.000301054,0.000224218,0.000158869,0.000114805,9.01E-05,7.71E-05,6.85E-05,5.91E-05,4.86E-05,3.89E-05,3.10E-05,2.67E-05,2.54E-05,2.60E-05,2.84E-05,3.06E-05,3.21E-05,3.30E-05,3.16E-05,3.00E-05,2.81E-05,2.00E-05,0
3265,control,0,0.000126429,0.000266962,0.000419646,0.000580565,0.000752526,0.000941156,0.001145077,0.001358028,0.001573275,0.001786751,0.001995661,0.002193098,0.002364323,0.002487477,0.00254608,0.002548156,0.002522849,0.00250258,0.002509418,0.002537883,0.002545586,0.002476125,0.002311564,0.002101975,0.001915927,0.001774894,0.001664916,0.001577409,0.001511148,0.001459191,0.001409817,0.001362261,0.001330093,0.001320924,0.001332948,0.001367082,0.001422816,0.001495359,0.001581592,0.001682875,0.001806612,0.001954485,0.002110702,0.002253195,0.002365955,0.002450134,0.002533561,0.002649717,0.002814344,0.003027285,0.003275697,0.003542118,0.003811689,0.004064793,0.004281736,0.004448469,0.004554783,0.004605451,0.004616061,0.004592182,0.004531325,0.004428173,0.004283005,0.004114634,0.003944221,0.00378451,0.003647628,0.003535942,0.003446946,0.003382197,0.00333471,0.003296198,0.003265767,0.003240971,0.003223972,0.003216656,0.003210917,0.003202525,0.003190541,0.003174726,0.00316327,0.003159619,0.003164564,0.003185996,0.003222038,0.003266606,0.00332508,0.003404225,0.003507233,0.00362985,0.003761866,0.003900241,0.004043433,0.004188636,0.004332533,0.004460729,0.00456688,0.004653074,0.004702485,0.004727302,0.004778961,0.004848895,0.004891968,0.004921856,0.004965834,0.005011359,0.005026658,0.005007645,0.005021072,0.005126604,0.005296965,0.005489546,0.005691785,0.005894612,0.006081086,0.006232877,0.006350675,0.006429629,0.006436637,0.006394379,0.006370695,0.006369313,0.006401148,0.006558874,0.006897904,0.007382641,0.007950072,0.008526287,0.009002385,0.009320928,0.009644833,0.010191339,0.010873736,0.011458776,0.011848502,0.012037599,0.012083709,0.012035373,0.011823533,0.01136201,0.010720656,0.010051898,0.009378751,0.008659295,0.008042907,0.007776402,0.007836289,0.008059753,0.008387853,0.008812411,0.009332404,0.009944046,0.010592334,0.011197199,0.011705439,0.012099908,0.012402596,0.012642703,0.012784977,0.01272349,0.012453763,0.012164926,0.011995645,0.011897764,0.011815011,0.011766497,0.011745358,0.011678366,0.011426165,0.010846084,0.009961887,0.008930031,0.00788413,0.006893609,0.005973014,0.005108092,0.004271822,0.003434018,0.002587736,0.001794936,0.001223679,0.001011392,0.001045055,0.0010658,0.000946155,0.000810946,0.000847186,0.001032056,0.001243004,0.00139327,0.001389986,0.001216848,0.000940464,0.000602767,0.000277853,7.24E-05,2.14E-06,0,8.10E-07,1.68E-05,2.66E-05,3.89E-05,6.89E-05,0.000104207,0.000116092,8.20E-05,2.67E-05,0,0,1.43E-05,2.33E-05,3.36E-05,5.15E-05,7.77E-05,0.000110072,0.000144386,0.000179629,0.000218347,0.000259104,0.00030126,0.000345732,0.000391204,0.000439875,0.000497924,0.000573551,0.000675672,0.000807451,0.000973192,0.001176893,0.001400047,0.001595845,0.001702147,0.001667554,0.001493612,0.001239737,0.000980079,0.00076259,0.000596273,0.000471278,0.000381552,0.000321712,0.000285106,0.000265741,0.000255418,0.000248436,0.000242372,0.000234996,0.000227754,0.000221551,0.000216704,0.000218103,0.000228575,0.000247257,0.000275357,0.00031469,0.000367494,0.000429064,0.000480091,0.000498741,0.000476788,0.000426348,0.000370725,0.000319152,0.000265412,0.000207099,0.000149143,0.000100584,6.99E-05,5.54E-05,5.04E-05,4.91E-05,4.71E-05,4.42E-05,4.21E-05,4.00E-05,3.84E-05,3.69E-05,3.50E-05,3.36E-05,3.14E-05,2.86E-05,2.63E-05,2.36E-05,2.28E-05,2.37E-05,1.83E-05,0
2752,control,0,0.000113122,0.000239418,0.000376539,0.000521439,0.000677662,0.000851366,0.001043418,0.001250854,0.00146863,0.001692201,0.001919273,0.002145815,0.002358292,0.002530417,0.002635724,0.002671448,0.002662168,0.002644304,0.00264943,0.00268389,0.002712992,0.002674605,0.002533852,0.002330135,0.00213683,0.001983447,0.001855418,0.001740348,0.001638322,0.001546926,0.001458005,0.001373014,0.001306175,0.001264354,0.001244475,0.001246873,0.00127219,0.001316383,0.001374743,0.001447811,0.001545124,0.001672146,0.001816354,0.001953298,0.002056411,0.002115711,0.002157469,0.002225431,0.002348652,0.002532347,0.002762289,0.003021639,0.00329937,0.003578311,0.003837137,0.004056597,0.004220912,0.004330949,0.004400048,0.004432962,0.004425608,0.004368838,0.004258486,0.004109729,0.003943098,0.003774382,0.003618298,0.003478888,0.003356344,0.003254647,0.003169933,0.003096593,0.003032397,0.0029726,0.002919369,0.002876207,0.002837344,0.00279802,0.002754035,0.002703717,0.002655303,0.002612387,0.002575898,0.002553988,0.00254857,0.00255857,0.002587635,0.002635703,0.002702114,0.002784483,0.002877433,0.002982593,0.00310193,0.003233617,0.003373335,0.003506459,0.003623038,0.003718826,0.003778162,0.003813121,0.003866313,0.003931207,0.003969662,0.003986152,0.004001815,0.004016691,0.004012542,0.00397966,0.003960092,0.004007181,0.004125563,0.004299798,0.004509056,0.00472081,0.00491058,0.005070062,0.005204102,0.005299889,0.005320669,0.005282218,0.005221623,0.005114265,0.004986272,0.004979979,0.005190391,0.005594256,0.00612767,0.006717204,0.00726542,0.007723549,0.008219215,0.008911849,0.009721213,0.010467672,0.011075348,0.011525173,0.011848495,0.012073193,0.012124223,0.011891143,0.011383198,0.010728262,0.009994201,0.009172254,0.008386799,0.007877236,0.007681304,0.007687063,0.007845835,0.008158632,0.008636315,0.009277581,0.010027716,0.010797722,0.011512166,0.012135327,0.012679301,0.013161511,0.013539422,0.013708294,0.013645799,0.013510691,0.013450476,0.013460323,0.01350539,0.013598256,0.013737501,0.013860098,0.013808771,0.013402788,0.012634788,0.011645152,0.010573252,0.009509338,0.008486371,0.00750131,0.00652508,0.005537079,0.004565342,0.003669892,0.002966069,0.00256769,0.002413072,0.002311328,0.002147175,0.001987525,0.001967552,0.002084441,0.002247577,0.002376842,0.002371421,0.002170717,0.001794617,0.001290936,0.000768639,0.000365824,0.000127022,2.22E-05,1.19E-06,2.98E-06,1.60E-06,1.79E-06,2.13E-05,5.15E-05,6.67E-05,4.78E-05,1.32E-05,0,0,7.37E-06,1.52E-05,2.79E-05,4.87E-05,7.72E-05,0.000110088,0.00014237,0.00017286,0.000203153,0.000232996,0.00026478,0.000301329,0.000343955,0.000397514,0.000469161,0.00056775,0.000702645,0.000880153,0.001111647,0.001406734,0.001747203,0.002075844,0.002304349,0.00234714,0.002183481,0.001879874,0.001540526,0.001240587,0.001001697,0.000817581,0.000680173,0.000580835,0.000511158,0.000462457,0.000424449,0.000391043,0.000359758,0.000329925,0.000304678,0.000285659,0.000274125,0.00027429,0.000287883,0.000314661,0.000355231,0.000410681,0.000484537,0.00057273,0.000652542,0.000692209,0.000673715,0.000611264,0.000538867,0.000472983,0.000406421,0.000332023,0.000254961,0.000188876,0.000143345,0.000115732,9.84E-05,8.40E-05,6.82E-05,5.15E-05,3.60E-05,2.39E-05,1.75E-05,1.62E-05,1.81E-05,2.23E-05,2.59E-05,2.83E-05,2.91E-05,2.69E-05,2.40E-05,2.09E-05,1.38E-05,0
3421,control,0,0.000103688,0.000221047,0.000352713,0.000496269,0.000654839,0.000834216,0.001035059,0.00125242,0.00147694,0.001701105,0.00192225,0.002136847,0.002332731,0.002485003,0.002569301,0.002587704,0.002569489,0.002551962,0.002563396,0.002604559,0.002637737,0.002602089,0.002467945,0.002282068,0.002117788,0.001994144,0.001887841,0.001784478,0.001684514,0.001588621,0.001494873,0.001412781,0.001362677,0.001350213,0.00136753,0.001410841,0.001475748,0.001555889,0.001647942,0.0017519,0.001875688,0.002024409,0.002186167,0.002336319,0.002440232,0.002477067,0.002478278,0.002508631,0.002611667,0.002786384,0.003002618,0.003239066,0.003491282,0.003746084,0.003983885,0.004185588,0.004333128,0.004430245,0.004496141,0.004537251,0.004547503,0.004511441,0.004420167,0.004291142,0.004145268,0.003994732,0.003850826,0.003711996,0.003577273,0.003458193,0.003358082,0.003273767,0.003200754,0.0031319,0.003073311,0.003030865,0.002995283,0.002959858,0.002919057,0.002870988,0.002826883,0.002789859,0.002759568,0.002745536,0.002748449,0.002767202,0.002808046,0.002870935,0.002953726,0.003048372,0.003142014,0.003237819,0.003345483,0.00347003,0.003609387,0.003745356,0.003869298,0.003976732,0.00403803,0.004067011,0.00412734,0.004203921,0.004236279,0.004242309,0.004264353,0.004294453,0.004291479,0.004240609,0.004212035,0.004279906,0.004428806,0.004618201,0.004825705,0.005034099,0.005231732,0.005410681,0.005577533,0.00570597,0.00571873,0.0056403,0.005567154,0.00546237,0.00528479,0.00519032,0.005344565,0.00573462,0.006257259,0.006807883,0.007258106,0.007548273,0.007881923,0.008513234,0.00934317,0.010111581,0.010682548,0.01101366,0.01119858,0.011353454,0.011406116,0.011187098,0.010687832,0.010079663,0.009432243,0.008680949,0.007943484,0.007510702,0.007416825,0.007496315,0.007660984,0.007900784,0.008250194,0.008738808,0.009324216,0.009930494,0.010499071,0.011002304,0.011459645,0.011907373,0.012310485,0.012525766,0.01250278,0.012438135,0.012494626,0.012613904,0.012719078,0.012834783,0.01299017,0.013131247,0.013071405,0.012593773,0.011723568,0.010677701,0.009625413,0.008635561,0.007719602,0.006872006,0.006054046,0.005194212,0.004276521,0.003397087,0.002745361,0.002461389,0.002442243,0.00244032,0.00232522,0.002226634,0.002355938,0.002685686,0.00305015,0.003313447,0.003316544,0.002984235,0.0023918,0.001648091,0.000920797,0.000395638,0.000113219,1.03E-05,5.27E-06,1.99E-05,1.89E-05,2.33E-05,6.03E-05,0.000114948,0.000141764,0.00010356,3.35E-05,0,0,1.21E-05,2.00E-05,3.19E-05,5.38E-05,8.68E-05,0.000128688,0.000173875,0.000221065,0.000271651,0.00032345,0.000377781,0.000437026,0.000501659,0.000577208,0.000672696,0.000800379,0.000973715,0.001200327,0.001492463,0.001858494,0.002269533,0.002649,0.00288743,0.002887871,0.00264004,0.00223604,0.001802829,0.001425064,0.001122179,0.00088457,0.00070547,0.00057766,0.000492026,0.000436856,0.000397705,0.000366301,0.000338788,0.000312663,0.000290361,0.000272701,0.000261283,0.000263187,0.000281825,0.000316415,0.000367319,0.000435981,0.000526308,0.000631396,0.00072215,0.000762477,0.000734757,0.000657169,0.00056859,0.000486885,0.000404306,0.000314546,0.00022429,0.000149156,0.000100221,7.38E-05,6.07E-05,5.25E-05,4.26E-05,3.12E-05,2.07E-05,1.32E-05,1.15E-05,1.33E-05,1.67E-05,2.14E-05,2.49E-05,2.73E-05,2.86E-05,2.71E-05,2.62E-05,2.60E-05,1.90E-05,0
2901,control,0,0.000109199,0.000233108,0.000369355,0.000514925,0.00067136,0.000842075,0.00102734,0.001225621,0.001433403,0.001647665,0.001867338,0.002088128,0.002295487,0.002463976,0.002570284,0.002613382,0.002615191,0.002607966,0.002621236,0.002661071,0.002693988,0.002660451,0.002526044,0.002325933,0.00212997,0.001970714,0.001839526,0.0017272,0.001634041,0.001555804,0.001480858,0.001406771,0.001345151,0.001302729,0.001277781,0.001271455,0.001284986,0.00131574,0.001360753,0.001421732,0.001508493,0.001626273,0.001762319,0.001893063,0.001995927,0.002065424,0.002125688,0.00221118,0.002342695,0.00252534,0.002751295,0.00300846,0.003285631,0.003564495,0.003824108,0.004046425,0.004216261,0.004332857,0.004406569,0.004439958,0.004428474,0.004364912,0.00424784,0.004093551,0.00392275,0.00375158,0.003596285,0.00346395,0.003355312,0.003270981,0.003203752,0.003146017,0.00309466,0.003045375,0.003000761,0.002964529,0.002931439,0.002897598,0.002859935,0.002816553,0.002774404,0.002738424,0.002711714,0.002700208,0.002700098,0.002705141,0.002720411,0.002757276,0.002823647,0.002912178,0.003010157,0.003116116,0.003231436,0.00336084,0.00350475,0.003641027,0.003756519,0.003852983,0.003911023,0.003933234,0.003963345,0.00400697,0.004042531,0.004078976,0.004121997,0.004151608,0.004135529,0.004072325,0.004039942,0.004103831,0.004230922,0.004379782,0.00456026,0.004778027,0.004989664,0.005140161,0.005213963,0.005231256,0.005230777,0.0052377,0.005209687,0.005100167,0.005001669,0.005074738,0.005341121,0.005733939,0.00622585,0.006789847,0.007333418,0.007780398,0.008251159,0.008944756,0.009776748,0.010507563,0.011079871,0.011549274,0.011924139,0.01213856,0.012094376,0.011779535,0.011309562,0.010747356,0.010017922,0.009109145,0.008287898,0.007861483,0.007760581,0.00779391,0.007955658,0.008309096,0.008854849,0.009546456,0.010319527,0.011103676,0.011833784,0.012471757,0.013021174,0.013483408,0.013811492,0.013936926,0.013874498,0.013761353,0.013697366,0.013670619,0.013689517,0.013779025,0.013877539,0.013900306,0.013784414,0.013438088,0.012782979,0.011840346,0.010734561,0.009613837,0.008546196,0.00750812,0.006467692,0.005452424,0.004474474,0.003519178,0.002728869,0.002321757,0.002233448,0.002171827,0.001979242,0.001777666,0.00174678,0.001835232,0.001898697,0.001901286,0.001844575,0.001694865,0.001413943,0.00101289,0.000600347,0.000298493,0.000124877,3.89E-05,4.69E-06,0,2.92E-06,3.57E-05,6.66E-05,7.36E-05,5.52E-05,2.35E-05,1.33E-06,0,0,6.91E-06,1.22E-05,2.09E-05,3.75E-05,6.22E-05,9.13E-05,0.00011898,0.000144002,0.000169195,0.000195952,0.000226159,0.000260911,0.000299958,0.000346836,0.000407948,0.000491521,0.000606045,0.000756424,0.000951504,0.001199992,0.001487136,0.001764399,0.001956753,0.001990849,0.001848382,0.00158669,0.001295738,0.001040284,0.000838334,0.00068306,0.000566935,0.000483016,0.000424587,0.000384707,0.000354684,0.000329226,0.000306166,0.000284582,0.000266896,0.000254117,0.000246354,0.000247014,0.000258018,0.000279375,0.000312232,0.000358632,0.000422384,0.000500145,0.000571633,0.000608667,0.000595447,0.00054394,0.000483116,0.000426866,0.000368484,0.000301916,0.000232324,0.000172042,0.000130095,0.000105108,9.08E-05,8.10E-05,7.10E-05,6.08E-05,5.14E-05,4.33E-05,3.84E-05,3.70E-05,3.86E-05,4.21E-05,4.52E-05,4.69E-05,4.74E-05,4.51E-05,4.13E-05,3.63E-05,2.45E-05,0
3445,control,0,0.000149235,0.000313029,0.000487624,0.00066738,0.000853874,0.001052556,0.001262862,0.001479472,0.001696355,0.001909687,0.002114913,0.002301543,0.002453146,0.002551091,0.002585504,0.002570196,0.002536432,0.002513825,0.00251827,0.00253829,0.002528316,0.002435695,0.002253322,0.002038802,0.001858318,0.001728524,0.001635121,0.001570017,0.001529016,0.001501884,0.001476955,0.001454141,0.001446121,0.001459912,0.001494027,0.001549753,0.001626688,0.001720184,0.001828068,0.001952131,0.002097819,0.002264018,0.002433469,0.002585884,0.0027108,0.00281385,0.002921949,0.003063911,0.003250563,0.003478782,0.003734513,0.003998889,0.004255791,0.004485796,0.004671024,0.004800837,0.004868222,0.004879765,0.004852249,0.004791722,0.004696908,0.004565916,0.004402007,0.004224879,0.004055669,0.003906304,0.003787751,0.003700582,0.003639084,0.003602494,0.003582584,0.003569465,0.003562234,0.003559914,0.003565115,0.003579119,0.00359289,0.003602695,0.003609841,0.003614945,0.003625547,0.003644259,0.003670544,0.003712319,0.003768901,0.003834337,0.003913257,0.004010041,0.004126373,0.00426127,0.004407159,0.004559632,0.004714842,0.004866116,0.005008292,0.005130791,0.005230407,0.005312424,0.005366254,0.005402879,0.00546443,0.005538454,0.005581319,0.005607714,0.005647565,0.005693466,0.005719846,0.005722318,0.005755197,0.00586965,0.006044777,0.006242585,0.006442035,0.006626594,0.006788722,0.006924111,0.007037476,0.007120539,0.007131057,0.007089212,0.007081907,0.007132019,0.007235776,0.007449239,0.00781457,0.008304429,0.008855197,0.009388499,0.009807495,0.01006822,0.010313274,0.010724407,0.011225937,0.011626203,0.011840179,0.011854615,0.01173197,0.011541178,0.011233997,0.010729626,0.010085918,0.009453356,0.008873634,0.008307168,0.007852704,0.007698251,0.007828001,0.008110515,0.008482698,0.008911279,0.009383867,0.009901689,0.010415944,0.010855823,0.011184717,0.011399115,0.011526519,0.011601757,0.011603329,0.01144403,0.011124482,0.010815398,0.010634839,0.010523234,0.010410467,0.010307946,0.010217678,0.010073432,0.009735516,0.009081647,0.008177253,0.007195208,0.006247789,0.005371464,0.004561593,0.003804892,0.00307915,0.002349807,0.001614631,0.000948857,0.000502962,0.000372712,0.000439284,0.000486697,0.000409692,0.000314213,0.000361934,0.000543345,0.000760849,0.000924812,0.000930498,0.00077487,0.000553392,0.000315665,0.00010923,9.90E-06,3.78E-07,0,2.53E-05,6.25E-05,7.79E-05,8.44E-05,0.00010774,0.000140479,0.000151754,0.000113282,4.55E-05,0,0,1.49E-05,2.47E-05,3.63E-05,5.60E-05,8.40E-05,0.000118229,0.000155068,0.000192834,0.000233051,0.000273677,0.000314136,0.000355612,0.000396157,0.000437356,0.000484896,0.000545264,0.000625677,0.000727555,0.000851028,0.000995436,0.001142438,0.001254379,0.001287968,0.001214293,0.001047574,0.00083941,0.000641852,0.000484107,0.000368361,0.000285066,0.000229455,0.000196748,0.000181253,0.000178905,0.000183093,0.000188744,0.000193764,0.000195804,0.000195915,0.000194696,0.000192261,0.000193819,0.000202537,0.000217476,0.000239926,0.000270785,0.000310181,0.00035309,0.000384048,0.000388442,0.000363558,0.000319855,0.000274103,0.000231412,0.000187009,0.000141806,0.000100236,6.73E-05,4.87E-05,4.29E-05,4.41E-05,4.78E-05,4.98E-05,5.02E-05,5.08E-05,5.08E-05,5.04E-05,4.82E-05,4.36E-05,3.85E-05,3.29E-05,2.74E-05,2.36E-05,2.06E-05,1.99E-05,2.11E-05,1.64E-05,0
3278,control,0,9.52E-05,0.000208083,0.000338984,0.000484062,0.000643449,0.000821292,0.0010197,0.001235921,0.001462395,0.001694161,0.001930175,0.002165057,0.002383311,0.002559347,0.002670251,0.002716694,0.002722055,0.002719729,0.002740797,0.002791061,0.002834775,0.002808575,0.002672573,0.002458273,0.002236804,0.002046463,0.00188627,0.001751916,0.001644348,0.001556869,0.001471936,0.001382637,0.00130194,0.001239635,0.001196682,0.001176013,0.001177695,0.00119756,0.001231211,0.001278136,0.001348659,0.001449756,0.001569586,0.001687699,0.0017858,0.00186193,0.001940303,0.00204792,0.002197735,0.002395462,0.00263823,0.002916503,0.003216331,0.003514583,0.003790472,0.004028446,0.004213257,0.004343539,0.004428518,0.004469884,0.004463288,0.004398951,0.004273327,0.004104908,0.003915796,0.003723023,0.003546269,0.003396103,0.003276599,0.003188774,0.003121652,0.00306609,0.00301945,0.002977085,0.002941905,0.002915285,0.002888586,0.002858628,0.002822776,0.002778306,0.002732557,0.0026907,0.00265877,0.00264474,0.002639313,0.002631102,0.002628458,0.002652118,0.002714907,0.002802089,0.002894344,0.002992328,0.003099856,0.003227069,0.003378022,0.00352475,0.003656861,0.003780133,0.00385798,0.003886282,0.003926582,0.003983717,0.004022585,0.004058492,0.004102608,0.004122246,0.004070633,0.00395836,0.003906343,0.003992581,0.004141131,0.004282872,0.004451622,0.004683526,0.004923209,0.005083094,0.005140335,0.005124781,0.005079826,0.0050465,0.005008474,0.004919409,0.004851535,0.004957722,0.005256258,0.005671745,0.006181912,0.006765073,0.007292535,0.007654431,0.008050425,0.008803053,0.00979754,0.010672493,0.011325592,0.011832309,0.0122367,0.012491149,0.012479317,0.012178755,0.011731288,0.011197328,0.01043447,0.009393877,0.008438961,0.007990162,0.007928973,0.007971315,0.00809929,0.008402242,0.00889911,0.009550176,0.010295641,0.011073348,0.011820239,0.012493054,0.013094402,0.013635079,0.014070908,0.014306702,0.01434312,0.014350311,0.014432994,0.014535798,0.014653641,0.014825177,0.014982842,0.015038519,0.014938662,0.01457289,0.013831675,0.012750911,0.011499917,0.010260383,0.009106807,0.007999595,0.006892966,0.005797632,0.004682745,0.003526289,0.00256257,0.002110641,0.00207035,0.00202665,0.001765775,0.001478646,0.001424876,0.001516707,0.001548934,0.001479522,0.001330481,0.001125932,0.00087683,0.000572855,0.000282602,0.000103438,2.65E-05,6.79E-07,0,0,1.23E-05,6.15E-05,0.000108858,0.000124072,9.93E-05,4.69E-05,3.55E-06,0,0,6.77E-06,6.57E-06,7.44E-06,1.78E-05,4.00E-05,6.91E-05,9.70E-05,0.000122632,0.000149447,0.000178028,0.000209239,0.000242523,0.000275704,0.000310506,0.000352461,0.000411169,0.000494939,0.000603631,0.000740169,0.000910347,0.001102667,0.001281407,0.001392707,0.001386892,0.001257338,0.001049519,0.000829608,0.000644562,0.000504755,0.00040198,0.000329431,0.000281493,0.000253432,0.00023917,0.000230381,0.000222697,0.000214193,0.000204253,0.000195904,0.000189655,0.000186004,0.000189739,0.000202672,0.000223143,0.000251025,0.000288468,0.000339216,0.000398682,0.000449365,0.000471711,0.000456475,0.000413865,0.000365972,0.000322664,0.000279443,0.000232203,0.000182993,0.000139947,0.000110753,9.49E-05,8.78E-05,8.36E-05,7.86E-05,7.37E-05,6.96E-05,6.63E-05,6.58E-05,6.78E-05,7.24E-05,7.85E-05,8.26E-05,8.39E-05,8.27E-05,7.74E-05,6.99E-05,5.98E-05,3.94E-05,0
3099,control,0,0.000135086,0.000285377,0.000446951,0.000615764,0.000793157,0.000981945,0.001179885,0.001383213,0.00158863,0.001794109,0.00199762,0.002192346,0.002363039,0.002488245,0.002552843,0.002564385,0.002549026,0.002536075,0.002546427,0.002575604,0.002583188,0.002514946,0.002353805,0.00214795,0.001964657,0.001827322,0.001723425,0.001643935,0.001587115,0.001545561,0.00150745,0.001471113,0.001447602,0.001443069,0.001455385,0.00148517,0.001533111,0.001596493,0.001674339,0.001770169,0.001891693,0.002039964,0.002198874,0.002345213,0.002462782,0.002553104,0.002641592,0.002758724,0.002919179,0.003123439,0.003361178,0.003617272,0.003878291,0.004126197,0.004341384,0.00450904,0.00461866,0.004673555,0.004687526,0.004664765,0.004601899,0.004496052,0.004350458,0.004183438,0.004015683,0.003860437,0.00373015,0.003628424,0.003551661,0.003498548,0.003461556,0.003431479,0.003405908,0.003382699,0.003364435,0.003354442,0.0033467,0.003337128,0.003325097,0.003310237,0.003299444,0.003297644,0.00330656,0.00333129,0.003367835,0.003408431,0.003458155,0.003529281,0.003629996,0.003754449,0.003888485,0.004025343,0.004162617,0.004302171,0.004443956,0.004569264,0.004667083,0.004742768,0.004784048,0.004796477,0.004822026,0.00486393,0.004900591,0.004946204,0.005009669,0.005066334,0.005079367,0.005047011,0.00504835,0.005148295,0.005307057,0.00547366,0.005653438,0.005856353,0.006050493,0.006188528,0.006256031,0.006275667,0.006285138,0.006306832,0.006314502,0.0062858,0.006305773,0.006494816,0.006846332,0.007289687,0.007794896,0.008330021,0.008808482,0.009162283,0.009505396,0.010028613,0.010656857,0.011164136,0.011496731,0.011712259,0.011825484,0.011782217,0.011500576,0.010994229,0.010413841,0.00984018,0.009191882,0.00844657,0.007843628,0.007639227,0.007736128,0.007946921,0.008262824,0.008724008,0.009311441,0.009975709,0.010652231,0.011275592,0.011799984,0.012206609,0.012508345,0.012713903,0.012784145,0.012662558,0.012383143,0.012090775,0.011873798,0.011702258,0.011571037,0.011503678,0.011438483,0.011285863,0.010994383,0.010513372,0.009807597,0.008907517,0.007910821,0.006929027,0.006008333,0.005122453,0.004248804,0.003413556,0.002617121,0.001851675,0.001263587,0.00104187,0.001090939,0.00112281,0.000999297,0.000861885,0.00089667,0.001050432,0.001178841,0.00124234,0.001236546,0.001135771,0.000920655,0.000611348,0.000306904,0.000113485,3.37E-05,5.70E-06,2.54E-06,9.50E-06,2.38E-05,5.90E-05,8.93E-05,9.65E-05,7.83E-05,4.29E-05,1.09E-05,0,0,1.25E-05,2.11E-05,3.13E-05,4.86E-05,7.31E-05,0.000102045,0.000131371,0.000159726,0.000190332,0.000224122,0.000261266,0.000302181,0.000345233,0.000392413,0.000449704,0.000524123,0.000623661,0.000752719,0.000916552,0.001119927,0.001346497,0.001551611,0.00167415,0.001660472,0.001506296,0.001267137,0.00101641,0.000802641,0.000636611,0.000509639,0.000415672,0.000349856,0.000306196,0.000279784,0.000263672,0.000252417,0.000243633,0.000235102,0.000227852,0.00022262,0.000218506,0.000218741,0.000226211,0.000241221,0.000265921,0.000302574,0.000353405,0.000414969,0.000469328,0.000493654,0.000477852,0.000432812,0.000381078,0.000331991,0.000278973,0.000219375,0.000159223,0.000108112,7.43E-05,5.71E-05,5.06E-05,4.95E-05,4.90E-05,4.81E-05,4.76E-05,4.59E-05,4.34E-05,4.07E-05,3.77E-05,3.54E-05,3.31E-05,3.08E-05,2.94E-05,2.78E-05,2.75E-05,2.80E-05,2.14E-05,0
2173,control,0,0.000100811,0.000212257,0.000337092,0.000474269,0.000629663,0.000812543,0.00102407,0.001255781,0.001495037,0.001733258,0.00196608,0.002186613,0.002380825,0.002524776,0.002596997,0.002602883,0.002573197,0.002545723,0.002549598,0.002583953,0.002607683,0.002559099,0.002407144,0.002192575,0.001985151,0.001811652,0.001663676,0.00153727,0.001434104,0.001347533,0.001261853,0.001174791,0.001104108,0.00105966,0.001040923,0.001051057,0.001087531,0.001142004,0.00120812,0.001283806,0.001378291,0.00149717,0.001627074,0.001749728,0.001848557,0.001920981,0.001995337,0.002104605,0.00226429,0.002478744,0.002737301,0.003022339,0.003318009,0.003600476,0.003849015,0.004050364,0.004191852,0.004277388,0.004321549,0.004328764,0.004297777,0.004218056,0.004083374,0.003914235,0.003732512,0.003550902,0.00338498,0.003239452,0.003117476,0.00302455,0.0029503,0.002887849,0.00283905,0.002798761,0.00276913,0.002749948,0.002728976,0.002703488,0.002671713,0.002632056,0.002595591,0.002564546,0.002540202,0.002533452,0.002539951,0.00255502,0.002587954,0.002642766,0.002720287,0.002814873,0.002917553,0.003032914,0.0031614,0.003297718,0.003439916,0.003574553,0.00369913,0.003811333,0.003874133,0.003903653,0.003979057,0.004081566,0.0041312,0.00414069,0.004156187,0.00417257,0.004156762,0.004105826,0.004097254,0.004195686,0.004367604,0.004568042,0.00478026,0.004992057,0.005191931,0.005367539,0.005529461,0.005647626,0.005618924,0.005484324,0.005417077,0.005422155,0.005415006,0.005480696,0.005762888,0.006265298,0.00689674,0.007545741,0.0080541,0.008349091,0.008695968,0.00942198,0.010410067,0.0113391,0.012026824,0.012401648,0.012584033,0.012738716,0.012782167,0.012486924,0.011836082,0.011072496,0.010305969,0.009444092,0.008601174,0.008118745,0.008048552,0.00819377,0.008436696,0.008758337,0.009207038,0.009825972,0.010561646,0.011312969,0.012001708,0.012593583,0.013114702,0.013614256,0.014049074,0.014229707,0.014092103,0.013901856,0.013878642,0.013949488,0.014009347,0.014088349,0.014236223,0.014394872,0.014331108,0.013772599,0.012751109,0.011537618,0.010333108,0.009204352,0.008154841,0.007180697,0.006236113,0.005225561,0.004127552,0.003066318,0.002270344,0.001902745,0.001842539,0.00179551,0.001588791,0.001341787,0.001289003,0.001440364,0.001667331,0.001829357,0.001758997,0.001474775,0.001131174,0.000757631,0.00038673,0.000134642,2.80E-05,8.08E-07,2.04E-05,4.96E-05,4.04E-05,3.02E-05,6.55E-05,0.000130602,0.000164898,0.000118193,3.36E-05,0,0,8.86E-06,1.09E-05,1.48E-05,2.75E-05,5.06E-05,8.11E-05,0.000111763,0.000142641,0.000176596,0.000210078,0.000243578,0.000278676,0.000314405,0.000354281,0.00040431,0.000474554,0.000574916,0.000705342,0.0008711,0.001080189,0.001317256,0.001538664,0.001678886,0.001676859,0.001525712,0.001279697,0.001016827,0.000794186,0.000624502,0.000498004,0.000407632,0.00034697,0.000310927,0.000291664,0.000277321,0.000262808,0.000246685,0.000228337,0.000212245,0.000199274,0.000190643,0.000193042,0.000208161,0.000233413,0.000267645,0.000311347,0.000369313,0.000437021,0.00049368,0.000517482,0.000498054,0.000446437,0.000388797,0.000336991,0.000286765,0.000233706,0.000177942,0.00012828,9.49E-05,7.61E-05,6.59E-05,5.80E-05,4.89E-05,4.08E-05,3.44E-05,2.96E-05,2.97E-05,3.34E-05,3.88E-05,4.44E-05,4.64E-05,4.58E-05,4.28E-05,3.61E-05,3.18E-05,3.00E-05,2.14E-05,0
2577,control,0,8.13E-05,0.000165,0.000256207,0.000355472,0.000471314,0.000616802,0.000796006,0.001001825,0.001222932,0.001450614,0.001678773,0.001900195,0.002101396,0.002256195,0.002337448,0.002346679,0.00231708,0.002288891,0.002290184,0.002325128,0.002361887,0.00233978,0.002222513,0.002046657,0.001877564,0.001736455,0.001611013,0.001494807,0.001387932,0.001286871,0.001185484,0.001088972,0.001014806,0.000971124,0.000956769,0.00097482,0.001025305,0.001099608,0.001185241,0.001275188,0.001377336,0.001498914,0.001630005,0.001753002,0.001848627,0.001909836,0.001963557,0.002051128,0.002197836,0.002406895,0.00266091,0.00293866,0.003225179,0.003499914,0.003741795,0.003935445,0.004069968,0.004150627,0.004193026,0.004206125,0.00419185,0.004138952,0.004037142,0.003899243,0.003743238,0.003583678,0.003435027,0.003297544,0.003172848,0.003069872,0.002984064,0.00291207,0.002857484,0.002816059,0.002786414,0.002765692,0.002743956,0.002718543,0.002686818,0.002649259,0.002616728,0.002584586,0.002544973,0.002513303,0.002507543,0.002542553,0.002619419,0.002699546,0.002753565,0.00280341,0.002880646,0.003002873,0.003165528,0.003328557,0.003462496,0.003583848,0.003704452,0.003802413,0.003873732,0.003970443,0.004139669,0.00431887,0.004385073,0.004323568,0.004227525,0.004181648,0.004230194,0.004341081,0.004411172,0.004423774,0.004513153,0.004767258,0.005056373,0.00521057,0.005287683,0.005463265,0.005825734,0.006221106,0.00627628,0.005989052,0.005817327,0.005881005,0.005865264,0.005726616,0.00582791,0.006350683,0.007098249,0.007806899,0.008344175,0.00877093,0.009298352,0.009979692,0.010732511,0.01156852,0.012285497,0.012531204,0.012478422,0.012613179,0.012968926,0.012997671,0.012267054,0.011213488,0.0105011,0.010097565,0.009526835,0.008766017,0.008287079,0.008274945,0.008475232,0.008616107,0.008764845,0.009133862,0.009718839,0.010353058,0.010919619,0.011395375,0.011831693,0.012326772,0.012866114,0.013173044,0.01306162,0.012815301,0.012791615,0.012977062,0.013121435,0.013185636,0.013440966,0.013930184,0.014090888,0.013342879,0.011987619,0.010716199,0.009749006,0.008908015,0.008062828,0.00729843,0.006587274,0.005669536,0.004618008,0.003840175,0.003394467,0.002981916,0.002528162,0.002217628,0.002071935,0.00192063,0.001731398,0.001732844,0.002094153,0.002549905,0.002582102,0.002156232,0.001655919,0.001203152,0.000729369,0.000318029,8.92E-05,5.00E-05,0.000173942,0.000296009,0.00022498,6.30E-05,2.57E-05,0.000142245,0.000279177,0.000271108,0.000127027,0,0,3.25E-06,7.02E-06,1.69E-05,3.44E-05,5.77E-05,8.81E-05,0.000123993,0.00016382,0.000204329,0.000237687,0.000263516,0.000287493,0.000314794,0.000351646,0.000403926,0.000479511,0.000586299,0.000726663,0.000908248,0.001138363,0.001401078,0.00164876,0.001809026,0.001817674,0.001667609,0.001414555,0.001139396,0.0009012,0.000716354,0.000579494,0.000483875,0.000420404,0.000380158,0.000353622,0.000330657,0.000306438,0.000280019,0.000252452,0.000226845,0.000204612,0.000190783,0.000192362,0.000209748,0.000240077,0.000280976,0.00033061,0.000390687,0.000456153,0.000508803,0.000527524,0.000501736,0.000443792,0.000381106,0.000327264,0.000278654,0.00022939,0.000179264,0.000136387,0.000108174,9.11E-05,7.82E-05,6.42E-05,4.67E-05,2.80E-05,1.21E-05,4.02E-06,3.50E-06,6.50E-06,1.11E-05,1.54E-05,1.54E-05,1.10E-05,5.22E-06,5.59E-07,1.69E-07,2.25E-07,1.47E-07,0
2341,control,0,0.000108425,0.000230783,0.000365394,0.000508935,0.000663218,0.000833422,0.001021159,0.001224358,0.001438757,0.001661159,0.00188978,0.002119177,0.002334289,0.002509599,0.002621235,0.002667524,0.002670701,0.002663751,0.002676753,0.002716835,0.002751348,0.002719955,0.002585315,0.002378505,0.002168201,0.001991293,0.001845368,0.001724621,0.001629175,0.001552337,0.001478748,0.001401811,0.001330653,0.001273195,0.001231079,0.001208739,0.00120966,0.001230911,0.001266779,0.001317063,0.001391944,0.001497472,0.001621198,0.001741735,0.001843229,0.001927404,0.002016471,0.002132429,0.002285957,0.002484513,0.002728109,0.003005903,0.003301658,0.003593339,0.00385974,0.004084856,0.004255964,0.004371852,0.00444054,0.004464504,0.004441646,0.004367152,0.004240039,0.004075388,0.003893556,0.003712164,0.003549526,0.00341502,0.003310667,0.003234793,0.003176042,0.003125808,0.003083522,0.00304606,0.003013353,0.002986157,0.002959084,0.00292959,0.002895674,0.002855486,0.002814854,0.002777222,0.002745293,0.002726958,0.002721534,0.002724871,0.002741065,0.002775241,0.00283038,0.002905075,0.002996575,0.003106848,0.003233356,0.003370791,0.003513911,0.003647755,0.003763882,0.003861886,0.003928445,0.00397122,0.004026316,0.004090762,0.004133959,0.004155975,0.004168103,0.004169987,0.004152236,0.004114874,0.004100004,0.004148858,0.004255407,0.004407421,0.004598703,0.004804443,0.004989219,0.005129795,0.005226119,0.005278491,0.005276099,0.005237664,0.005185271,0.005110822,0.005064214,0.005154825,0.005422026,0.005835964,0.006363602,0.006955526,0.007521414,0.008007148,0.008527484,0.009235858,0.010051304,0.01079283,0.011400655,0.011876926,0.012235953,0.012469631,0.012501009,0.012256269,0.011767753,0.011131189,0.010379074,0.009516733,0.008706207,0.008191265,0.00798391,0.00796653,0.008109105,0.008426476,0.008921832,0.009581458,0.01035029,0.011142109,0.011879397,0.012522844,0.013080187,0.013562897,0.013930144,0.014095104,0.014046692,0.013927342,0.013867345,0.013868211,0.013911217,0.014006746,0.014134447,0.014230754,0.014169592,0.013792327,0.01306312,0.012082628,0.010984579,0.009875887,0.008799809,0.007748129,0.006691944,0.005629716,0.004594217,0.003625104,0.002836084,0.002365119,0.002157768,0.00200648,0.001781961,0.001539291,0.001397077,0.001354262,0.001347307,0.001330326,0.001251477,0.001103136,0.000909719,0.000665535,0.00040165,0.000194714,7.22E-05,1.74E-05,2.74E-06,4.35E-07,7.59E-08,6.04E-06,2.36E-05,4.33E-05,4.95E-05,3.23E-05,7.17E-06,0,0,3.87E-06,7.17E-06,1.37E-05,2.67E-05,4.61E-05,6.85E-05,8.89E-05,0.000106383,0.00012273,0.000138464,0.000155201,0.000174447,0.000196515,0.000224105,0.000261936,0.000316512,0.000393844,0.000495968,0.000628876,0.000801045,0.001005613,0.001210979,0.001363769,0.001408134,0.001324992,0.00115012,0.000948004,0.00076952,0.000631132,0.000528421,0.000454422,0.000402108,0.000365621,0.000339804,0.000318513,0.00029814,0.000277515,0.000256956,0.000239274,0.000225749,0.000217286,0.00021683,0.000225191,0.000241674,0.00026668,0.000301566,0.000349463,0.000408037,0.000462347,0.000491287,0.000482033,0.000442959,0.000396751,0.000355069,0.000313243,0.00026564,0.000214458,0.000168529,0.000135314,0.000114134,0.00010006,8.80E-05,7.50E-05,6.18E-05,4.98E-05,4.01E-05,3.44E-05,3.25E-05,3.40E-05,3.75E-05,3.99E-05,4.02E-05,3.90E-05,3.54E-05,3.10E-05,2.58E-05,1.65E-05,0
2930,control,0,8.78E-05,0.000191711,0.000311303,0.000443103,0.000588792,0.000754406,0.00094378,0.001155804,0.001383739,0.001621567,0.001868196,0.002121613,0.002368832,0.002580665,0.002724328,0.002790744,0.002801572,0.002795648,0.002811303,0.002862871,0.002920505,0.002916406,0.002799954,0.002599541,0.002391707,0.002215032,0.002059719,0.001913939,0.0017792,0.001655394,0.001533955,0.001415303,0.001314804,0.001240596,0.001190168,0.001163956,0.001162281,0.001180929,0.001213437,0.001258092,0.001325929,0.001426456,0.001550695,0.001674504,0.001765655,0.001807632,0.001825954,0.001868605,0.001969896,0.002137756,0.002359148,0.002620452,0.002912895,0.003218674,0.003516139,0.003784135,0.004002495,0.004168513,0.004293068,0.004379652,0.004422417,0.004406763,0.004323423,0.004186149,0.004015814,0.003830909,0.003650101,0.003480892,0.003327661,0.003197126,0.003086573,0.002991407,0.002907678,0.002828622,0.002757229,0.002697069,0.002641823,0.002586348,0.002524046,0.002451441,0.002376613,0.00230356,0.002235885,0.002183386,0.002146313,0.002122403,0.002116339,0.002132167,0.002171074,0.002224542,0.002283784,0.002355259,0.00244733,0.002565974,0.002709178,0.002855484,0.00299378,0.003119369,0.0032041,0.003252543,0.003312495,0.003379718,0.003414918,0.003423021,0.003423488,0.0034121,0.003365611,0.003280256,0.003218968,0.003242259,0.003338961,0.003487643,0.003685282,0.00391249,0.004127563,0.004297855,0.004422236,0.004494533,0.004490853,0.004432555,0.004337687,0.004156284,0.003922,0.003814555,0.003946445,0.004288584,0.004783341,0.005368993,0.005932669,0.006403811,0.00694058,0.007756344,0.008752234,0.009688803,0.010478512,0.011122661,0.01165803,0.012097031,0.01234737,0.012295354,0.011940915,0.011368829,0.010597788,0.00961709,0.008629645,0.007958872,0.007627742,0.00748035,0.00747452,0.007645352,0.008023166,0.008609257,0.009357064,0.010187448,0.01101811,0.011798009,0.012529248,0.0132255,0.013844384,0.014273115,0.014470469,0.014583674,0.014751441,0.014962234,0.015193056,0.015462791,0.015759702,0.016025909,0.016119247,0.015836042,0.0151141,0.014076332,0.012897461,0.011714482,0.010581769,0.009487691,0.008391246,0.00727163,0.006141544,0.005042216,0.004127809,0.00358525,0.003359027,0.003201002,0.002962966,0.002738112,0.002690692,0.002787258,0.002897709,0.002948313,0.002862552,0.002588575,0.002141327,0.00156513,0.000977253,0.000521,0.000233065,7.82E-05,1.83E-05,2.19E-06,0,7.51E-06,3.42E-05,6.27E-05,7.00E-05,4.39E-05,8.46E-06,0,0,3.62E-06,6.69E-06,1.47E-05,3.24E-05,6.05E-05,9.45E-05,0.000127342,0.000157693,0.000186721,0.000214595,0.000244524,0.000278915,0.000319213,0.000370387,0.000439736,0.000538014,0.000675188,0.00085636,0.001093029,0.001395805,0.001748012,0.002092882,0.002338803,0.002395385,0.00223762,0.001930657,0.001582663,0.00127322,0.001025903,0.00083573,0.000694417,0.000592661,0.000521989,0.000472298,0.000432399,0.000396387,0.000361531,0.000327971,0.000299663,0.000278175,0.000265858,0.000267689,0.00028491,0.000316503,0.000361935,0.000422439,0.000502146,0.000595914,0.000680289,0.000722841,0.000704217,0.000639284,0.000564089,0.000496865,0.000431226,0.000358402,0.00028226,0.000216808,0.000171149,0.000142465,0.000123454,0.000106182,8.62E-05,6.49E-05,4.50E-05,3.03E-05,2.43E-05,2.53E-05,3.19E-05,4.18E-05,5.05E-05,5.65E-05,5.90E-05,5.61E-05,4.95E-05,3.96E-05,2.40E-05,0
2762,control,0,0.000110087,0.000228766,0.000355722,0.000489072,0.000633615,0.000797389,0.000982286,0.001184387,0.001397652,0.001617303,0.001839137,0.00205533,0.002250324,0.002399658,0.002481859,0.002499957,0.002481487,0.002460678,0.002463846,0.002493517,0.002514878,0.002469527,0.002327498,0.002127271,0.001935216,0.001778671,0.001650006,0.001543086,0.001456903,0.001384418,0.001313485,0.001242417,0.00118353,0.001144533,0.001125758,0.001130934,0.001161934,0.001213753,0.001279337,0.001356946,0.001455074,0.001578272,0.00171347,0.001841002,0.001946351,0.002030404,0.00211731,0.0022346,0.00239612,0.002606191,0.002857491,0.003134341,0.003420474,0.003694484,0.003935467,0.00412874,0.004263819,0.004343234,0.004378774,0.004375506,0.004333335,0.004247109,0.004114677,0.00395169,0.003777961,0.003609063,0.003460752,0.003337844,0.003240362,0.003169038,0.00311392,0.003067432,0.003030768,0.003001141,0.00297839,0.002962039,0.002944703,0.002924158,0.002899526,0.002870646,0.002845457,0.002824307,0.002805042,0.002797387,0.002807005,0.002836331,0.002888271,0.002951896,0.003019109,0.003098669,0.003200179,0.003329137,0.003479973,0.003632883,0.003773866,0.003900751,0.004012984,0.004103882,0.004165995,0.004223841,0.004317485,0.004422471,0.004475127,0.004471811,0.004454393,0.004452124,0.004473163,0.004504053,0.004534041,0.004585062,0.00470136,0.004902579,0.00513342,0.005317604,0.005459369,0.005610789,0.00580331,0.005981474,0.006005018,0.005887076,0.005811095,0.005820536,0.005832474,0.005890115,0.006139397,0.006623509,0.007248578,0.007886281,0.00843428,0.00888328,0.009377377,0.010027306,0.010756036,0.011459139,0.012026201,0.012331705,0.012449858,0.012554191,0.012610392,0.012379617,0.011742101,0.010931681,0.01021053,0.009563743,0.008910879,0.008384411,0.008155174,0.008213944,0.008447239,0.00876088,0.009175062,0.009752121,0.010450021,0.011152731,0.011774385,0.012288375,0.012722288,0.01312038,0.013451774,0.013566398,0.01340115,0.013155756,0.013040332,0.013044964,0.013062467,0.01308535,0.013197166,0.013366375,0.013309873,0.012734674,0.011745923,0.010657685,0.009623061,0.008635296,0.007670022,0.006752576,0.005856372,0.004888869,0.003899607,0.003061286,0.002461745,0.002071177,0.001823182,0.001653435,0.001489082,0.001304028,0.001165348,0.001161047,0.001312998,0.001492066,0.00147649,0.001251541,0.000974303,0.000686524,0.000382377,0.000138876,1.53E-05,0,3.06E-05,7.64E-05,5.60E-05,8.22E-06,1.21E-05,7.19E-05,0.000128877,0.00011682,4.96E-05,0,0,3.63E-06,8.20E-06,1.78E-05,3.46E-05,5.74E-05,8.49E-05,0.000113382,0.000141377,0.000169034,0.000193529,0.000215673,0.000238646,0.000264203,0.000296501,0.000340905,0.000403783,0.000491627,0.000606588,0.000754342,0.000941187,0.001154769,0.001357055,0.001490219,0.001500215,0.001378256,0.00117032,0.000944419,0.000750353,0.000601873,0.000492922,0.000416475,0.000364778,0.00033107,0.000309166,0.000291362,0.000273501,0.000254667,0.000235089,0.000217526,0.000203152,0.000193867,0.000194253,0.000205336,0.000225797,0.000255342,0.000293863,0.000343509,0.000400935,0.000450067,0.000470848,0.000452862,0.000406154,0.000354105,0.000307699,0.000262394,0.000213835,0.000163962,0.000120701,9.11E-05,7.33E-05,6.16E-05,5.11E-05,3.90E-05,2.63E-05,1.53E-05,7.86E-06,5.57E-06,5.80E-06,7.56E-06,9.88E-06,9.91E-06,7.64E-06,4.57E-06,1.06E-06,1.63E-07,6.46E-07,6.81E-07,0
2253,control,0,0.000117163,0.000242243,0.000375433,0.000515279,0.000667171,0.000838923,0.001030771,0.001236776,0.001449372,0.001662867,0.001872461,0.002070073,0.002240964,0.002362717,0.002417455,0.002413178,0.002381099,0.002355057,0.002356848,0.002382509,0.00239333,0.002334026,0.002184511,0.001992534,0.001823527,0.001694971,0.001591506,0.00150501,0.001434138,0.001372912,0.001313178,0.001258402,0.00122383,0.001215876,0.001231727,0.001272524,0.001337471,0.001420443,0.00151609,0.001623595,0.001749938,0.001897651,0.00205243,0.002193958,0.002304943,0.002382502,0.002454128,0.002558206,0.002715367,0.00292541,0.003171163,0.003432785,0.0036969,0.003944986,0.004157247,0.004319608,0.00442203,0.004470199,0.00448044,0.004459402,0.004406442,0.004315197,0.004183103,0.004027522,0.003868269,0.003717636,0.003587436,0.00347766,0.003385748,0.003315634,0.003261411,0.003216615,0.003181805,0.003153712,0.00313403,0.003123825,0.003114247,0.003101928,0.003086057,0.003067066,0.003054587,0.003048782,0.003045809,0.003055298,0.003082905,0.003131437,0.003204729,0.00329059,0.003379617,0.003479479,0.003596206,0.003733551,0.00388781,0.004040665,0.004178992,0.004301134,0.004407089,0.004490258,0.004541039,0.004587616,0.004678948,0.004786111,0.004835875,0.004832168,0.00482756,0.004846921,0.004886623,0.004927942,0.004968966,0.005041568,0.00518409,0.005403226,0.005636855,0.005813621,0.005950724,0.006107934,0.006318768,0.006520368,0.00655168,0.006427503,0.006361411,0.006397237,0.006420052,0.006470212,0.006720462,0.007217814,0.007846186,0.008458728,0.00894427,0.0092954,0.009681144,0.010240594,0.010895496,0.011521943,0.011985644,0.01214633,0.012105671,0.012081484,0.012046604,0.011741196,0.011048691,0.010238319,0.009582883,0.009039309,0.00850031,0.008092733,0.007983383,0.008148712,0.008455735,0.008794648,0.009188409,0.009710638,0.010321683,0.01091007,0.011403108,0.01178518,0.012091345,0.012375874,0.012611179,0.012633451,0.012375826,0.01206025,0.011904602,0.011874154,0.011838873,0.011796156,0.011845142,0.01195496,0.011828796,0.011172953,0.010127837,0.009044597,0.008074507,0.00718367,0.006329818,0.005539032,0.004785319,0.00395382,0.003075604,0.002343687,0.001869114,0.001610791,0.001477408,0.00139349,0.001291959,0.001175101,0.001141468,0.001273111,0.001562048,0.001849828,0.00188006,0.001621253,0.00125201,0.00084998,0.000446703,0.000147588,1.28E-05,1.87E-08,4.24E-05,0.000100744,8.18E-05,3.10E-05,3.83E-05,0.000107385,0.000169137,0.000147653,6.21E-05,0,0,8.54E-06,1.59E-05,2.74E-05,4.65E-05,7.24E-05,0.000104604,0.000140019,0.000177306,0.000216801,0.000254637,0.000290759,0.000328286,0.000368431,0.000415669,0.000476416,0.000558189,0.000669645,0.000814606,0.000999699,0.001230409,0.001487484,0.001720655,0.001859677,0.001843941,0.001671137,0.001403235,0.00112163,0.000881328,0.000694737,0.000553456,0.000451212,0.000381282,0.000336393,0.000309189,0.000289983,0.000273178,0.000257068,0.000240425,0.00022527,0.000212443,0.000203487,0.000204106,0.000216508,0.000239538,0.000273387,0.000318179,0.000376074,0.000442649,0.000498225,0.000519748,0.000496997,0.000442193,0.000381259,0.000325577,0.0002697,0.000210214,0.000150739,0.000100573,6.81E-05,5.08E-05,4.18E-05,3.57E-05,2.84E-05,2.05E-05,1.39E-05,9.64E-06,8.90E-06,9.80E-06,1.05E-05,1.10E-05,9.36E-06,6.30E-06,3.57E-06,9.90E-07,4.86E-07,2.33E-06,2.83E-06,0
2825,control,0,0.000123679,0.000262126,0.000412651,0.000571066,0.000739612,0.000923498,0.001122606,0.001332901,0.001548882,0.001766716,0.001983731,0.002192903,0.002378672,0.002517755,0.00259159,0.002605614,0.002587162,0.002569025,0.002575978,0.00260643,0.002620085,0.002558031,0.002396799,0.002183244,0.001987927,0.001836414,0.001716372,0.001618476,0.001541174,0.001477843,0.001416644,0.001356619,0.001311519,0.001289289,0.001288208,0.001309012,0.001351511,0.001411562,0.001486042,0.00157622,0.001690077,0.001830282,0.001982005,0.002122842,0.002234536,0.002315613,0.002392574,0.002499981,0.002656116,0.002862341,0.003106624,0.003372946,0.003647587,0.003911103,0.00414326,0.004328583,0.004455048,0.00452573,0.004554923,0.004547519,0.004500203,0.004406664,0.004266604,0.0040983,0.003923157,0.003755637,0.003609776,0.003489568,0.003393314,0.003322077,0.003268686,0.00322467,0.003187953,0.003155653,0.003130454,0.003114603,0.003100517,0.00308405,0.003063728,0.003038992,0.003017786,0.003003962,0.002999025,0.003010373,0.003035647,0.003068667,0.003114491,0.003181282,0.003273814,0.003386794,0.003509174,0.003638426,0.003774094,0.003916068,0.004062105,0.004195216,0.004307599,0.004401669,0.004458914,0.004487578,0.00453651,0.004601015,0.004642318,0.004673052,0.00471524,0.004754356,0.004757872,0.004722722,0.004720491,0.004813851,0.004973654,0.005156682,0.005356359,0.005567682,0.005765379,0.005920035,0.006027723,0.006090391,0.006095172,0.006066614,0.006042262,0.006010288,0.006003486,0.006136064,0.006456733,0.006920652,0.00747348,0.008053737,0.008555174,0.008913547,0.009282155,0.009876122,0.010607512,0.011237494,0.011678978,0.011946223,0.012085466,0.012113671,0.011953027,0.011537471,0.010948503,0.010310852,0.009616981,0.008832856,0.008145803,0.007825845,0.007836286,0.008002735,0.008279787,0.008679797,0.009202832,0.009833359,0.010513925,0.011167433,0.011737589,0.012201623,0.012576441,0.012884366,0.013088666,0.013094668,0.012903133,0.01268808,0.012574757,0.012521518,0.012488119,0.012494589,0.012518214,0.01248132,0.012263691,0.011735736,0.010894709,0.00986297,0.008775439,0.007726452,0.0067461,0.005816141,0.004906597,0.00400319,0.003103696,0.002247929,0.001600121,0.001325243,0.001323227,0.001320857,0.001179275,0.001025086,0.001046985,0.001212155,0.001387449,0.001498059,0.001476906,0.001304762,0.001023112,0.000668082,0.000323564,9.89E-05,1.11E-05,0,3.78E-07,7.06E-06,1.73E-05,3.82E-05,7.12E-05,0.000100678,0.000104581,7.00E-05,2.14E-05,0,0,1.16E-05,1.94E-05,2.97E-05,4.87E-05,7.71E-05,0.000111767,0.000147384,0.000182516,0.000219452,0.00025752,0.000297109,0.000339355,0.000383276,0.000431649,0.000491007,0.000569687,0.000676316,0.000814166,0.000987956,0.001201371,0.00143548,0.001642597,0.001758014,0.00172733,0.001550712,0.001289207,0.001020495,0.000794853,0.000622206,0.000493159,0.000400824,0.00033881,0.000300332,0.000279071,0.000266546,0.000257111,0.000248377,0.000238656,0.000229887,0.00022299,0.000218383,0.000220825,0.000232928,0.000253937,0.000284825,0.000327091,0.000382805,0.000447041,0.000500377,0.000520177,0.00049724,0.000444419,0.00038647,0.000333271,0.000278483,0.000219244,0.000160624,0.000111889,8.08E-05,6.55E-05,5.94E-05,5.67E-05,5.29E-05,4.82E-05,4.43E-05,4.10E-05,3.95E-05,3.90E-05,3.88E-05,3.94E-05,3.92E-05,3.79E-05,3.64E-05,3.35E-05,3.13E-05,2.95E-05,2.12E-05,0
2480,control,0,0.000114405,0.000241669,0.000379236,0.000524302,0.000679065,0.000847678,0.001031134,0.001228352,0.001435863,0.001650175,0.001869071,0.002086884,0.002288452,0.002448975,0.002546611,0.002581792,0.002577375,0.002565388,0.002574052,0.002608321,0.002634508,0.002594235,0.002455785,0.002256431,0.002065011,0.001911465,0.001786028,0.001679354,0.001590906,0.001515923,0.001443796,0.001373556,0.001317258,0.001281123,0.001263084,0.001264394,0.001286082,0.001325122,0.001378449,0.001447511,0.001541475,0.00166486,0.001804664,0.001938088,0.002043334,0.002114689,0.002176336,0.002263588,0.002397708,0.00258304,0.002809953,0.003065137,0.003337598,0.00360938,0.003859909,0.004071974,0.004231023,0.004336923,0.004400547,0.004424649,0.004405425,0.004336336,0.00421604,0.004061111,0.003892248,0.003725227,0.003575822,0.003449906,0.003347277,0.00326846,0.003205965,0.003152237,0.003104548,0.003058628,0.003017336,0.002984321,0.002953842,0.00292242,0.002887673,0.002848086,0.002810959,0.002780212,0.002757389,0.002748736,0.002752245,0.002763726,0.00278773,0.002830575,0.002897196,0.002983966,0.00308228,0.003191886,0.003313128,0.003446325,0.003589633,0.003724529,0.003839683,0.003935801,0.003996068,0.004025737,0.004066269,0.004118465,0.004155219,0.004183725,0.004215685,0.004240617,0.004233555,0.004188861,0.00416704,0.004227087,0.004352158,0.004511484,0.004700662,0.004909988,0.005106582,0.005255699,0.005349141,0.005393476,0.005399055,0.005390205,0.005358161,0.005266529,0.005179347,0.005241486,0.005497178,0.005897268,0.006402097,0.00696827,0.007506241,0.007953643,0.008425971,0.00909634,0.009885217,0.010586593,0.011138387,0.01156558,0.011887371,0.012078386,0.012052214,0.011758543,0.011270849,0.010680112,0.009970665,0.009129015,0.008355089,0.007920112,0.007798673,0.00783454,0.008004411,0.008346167,0.008863759,0.009525791,0.010269991,0.011021238,0.011714415,0.012314874,0.012830591,0.013268812,0.01358613,0.013706896,0.0136354,0.013512133,0.013449138,0.013434345,0.013457386,0.013537455,0.013636762,0.01367888,0.013565647,0.01317961,0.012478836,0.011527814,0.010448728,0.009362343,0.008322017,0.007313237,0.006304338,0.005305191,0.004340609,0.003425365,0.002681613,0.002281123,0.002167172,0.002095814,0.00192466,0.001741901,0.001702822,0.001784242,0.001871486,0.001911057,0.001866952,0.001703415,0.001409895,0.001007752,0.000595027,0.000290598,0.000117571,3.56E-05,6.13E-06,1.43E-06,4.87E-06,2.62E-05,5.42E-05,7.04E-05,6.40E-05,3.58E-05,7.25E-06,0,0,6.29E-06,1.21E-05,2.26E-05,4.13E-05,6.78E-05,9.88E-05,0.000128509,0.000155642,0.000182236,0.00020881,0.000237738,0.000270947,0.000308637,0.000355126,0.000416994,0.000501919,0.00061812,0.000770456,0.000967802,0.001218223,0.001505771,0.001781491,0.001970389,0.001999657,0.001852879,0.001588674,0.001296742,0.001041211,0.000839637,0.00068531,0.000570674,0.000488172,0.000431039,0.000392242,0.000362529,0.00033667,0.000312815,0.000290196,0.0002715,0.000257674,0.000249043,0.000249538,0.00026106,0.000283534,0.000317892,0.000365426,0.000429622,0.000507086,0.000577473,0.000612966,0.000597968,0.000544538,0.000481985,0.000424226,0.000364849,0.000298299,0.000229547,0.000170523,0.000129758,0.000105245,9.08E-05,8.02E-05,6.89E-05,5.72E-05,4.63E-05,3.71E-05,3.20E-05,3.08E-05,3.21E-05,3.52E-05,3.74E-05,3.87E-05,3.89E-05,3.64E-05,3.31E-05,2.92E-05,1.95E-05,0
2454,control,0,0.000126373,0.000269385,0.000424637,0.000588045,0.00076177,0.000949188,0.001148035,0.001354932,0.001566365,0.001778749,0.001991363,0.002203646,0.002404964,0.002569639,0.002670319,0.002703614,0.002694893,0.002680805,0.002690628,0.002727527,0.002755136,0.00271308,0.00257369,0.002386487,0.002228468,0.002120068,0.002031965,0.001943133,0.001853412,0.001765848,0.001682247,0.001612942,0.001574412,0.001570284,0.001591247,0.001631822,0.001690693,0.001764897,0.001853034,0.001958687,0.002090351,0.002251843,0.002430064,0.002594584,0.002705671,0.002741248,0.002731611,0.002745021,0.00283114,0.00299059,0.003193051,0.003416451,0.003657181,0.003906375,0.004143612,0.004345549,0.00449356,0.004590457,0.004655449,0.004695751,0.004703615,0.004667144,0.004581429,0.004460221,0.004323238,0.00418372,0.004050579,0.003921412,0.003792228,0.003672208,0.003568885,0.003479691,0.003398424,0.00331927,0.003246977,0.003189929,0.00314446,0.003102015,0.003055485,0.003003071,0.002953609,0.002912593,0.002880368,0.002863547,0.002866143,0.002887972,0.002931502,0.002997522,0.003085062,0.00318682,0.003288961,0.003388153,0.003492794,0.003611775,0.003743958,0.003870291,0.003974622,0.00405212,0.004092303,0.004106569,0.004131578,0.00416663,0.004190478,0.004215814,0.004257596,0.004301886,0.004313758,0.004276688,0.00424549,0.004289519,0.004409336,0.004577057,0.00477657,0.004987137,0.005181632,0.005341417,0.005463031,0.005548737,0.005602189,0.005626386,0.005580191,0.005404575,0.005176018,0.005092989,0.005243908,0.005576767,0.006024457,0.006527253,0.007006056,0.007411706,0.007834014,0.008407116,0.009064786,0.009643184,0.010100424,0.010461442,0.01073191,0.010877282,0.010823927,0.010540116,0.010094587,0.00955918,0.008924034,0.0081918,0.00753219,0.007161852,0.007058064,0.007099624,0.0072716,0.007595562,0.008063271,0.008648543,0.009299478,0.009948524,0.010540618,0.011049079,0.011482181,0.011846125,0.012100093,0.012176174,0.012077255,0.011922435,0.011813405,0.011751328,0.011733197,0.011775779,0.011844113,0.011867198,0.011754453,0.011402749,0.010784247,0.009964259,0.00904789,0.00813436,0.007265878,0.006430482,0.005609299,0.00481286,0.004055982,0.003356154,0.002820074,0.002572567,0.002544991,0.002537708,0.002461446,0.002433045,0.002602387,0.002914469,0.003219579,0.00345062,0.003537104,0.003341371,0.002798156,0.002011887,0.001213611,0.000606965,0.000239985,5.96E-05,3.17E-06,0,1.04E-06,1.46E-05,3.45E-05,4.76E-05,4.61E-05,2.81E-05,6.82E-06,0,0,1.35E-05,2.75E-05,4.60E-05,7.24E-05,0.000105919,0.00014428,0.00018419,0.000224257,0.000266405,0.000311954,0.000363113,0.000422636,0.000492027,0.000576643,0.00068574,0.000830127,0.001022651,0.00127626,0.001608408,0.00203039,0.002513982,0.002975189,0.003290066,0.003342717,0.003107247,0.00267938,0.002202888,0.00177641,0.001427788,0.00115018,0.000936183,0.000777873,0.000664068,0.000583493,0.000524097,0.000476854,0.000436942,0.00040149,0.000371855,0.000349901,0.000336281,0.000334794,0.000348837,0.000379932,0.000430548,0.000503234,0.00060136,0.000719625,0.000828431,0.000883896,0.000861937,0.000781782,0.000686988,0.000598587,0.000506126,0.000400886,0.000293392,0.000203167,0.000142267,0.000107359,8.80E-05,7.50E-05,6.14E-05,4.58E-05,3.07E-05,1.83E-05,1.05E-05,6.79E-06,5.95E-06,7.90E-06,1.10E-05,1.44E-05,1.76E-05,1.92E-05,1.97E-05,1.97E-05,1.45E-05,0
2162,control,0,0.000100514,0.000212577,0.000339873,0.000481393,0.000643283,0.000835358,0.001058553,0.001302696,0.001552768,0.001798818,0.002036161,0.002257832,0.002450232,0.002589854,0.002655647,0.002654547,0.002619318,0.002589137,0.002593333,0.002628952,0.002652051,0.002599762,0.002441865,0.00222152,0.002009957,0.001832851,0.001680823,0.001550375,0.001443666,0.001353947,0.001264744,0.001174214,0.001102257,0.001059469,0.001044865,0.001061215,0.0011044,0.00116483,0.001236273,0.001316424,0.001414493,0.001536159,0.001667836,0.001791738,0.001890685,0.001960894,0.002032273,0.002140413,0.002301965,0.002520751,0.002783808,0.003072082,0.003369749,0.003652336,0.003899304,0.004098042,0.004235505,0.004316642,0.004357717,0.004363489,0.00433243,0.00425223,0.004115311,0.003943707,0.003759885,0.003575439,0.003405559,0.003254295,0.003125344,0.003026089,0.002946551,0.002880096,0.002828763,0.002786807,0.002757136,0.002739451,0.002719659,0.002694701,0.002662585,0.002621412,0.002583405,0.002551204,0.002526842,0.00252191,0.002529637,0.002543604,0.002575035,0.00263138,0.002715101,0.002816525,0.002921546,0.003034526,0.003157787,0.003289728,0.003431429,0.003567072,0.003694514,0.003812503,0.003875398,0.003898088,0.003971925,0.004077442,0.004126419,0.004136994,0.004159859,0.004181223,0.004156119,0.004084279,0.004067122,0.004180899,0.004371065,0.004574728,0.004783536,0.005001213,0.005214568,0.005397669,0.005557742,0.005668231,0.005625551,0.005477996,0.00541141,0.005424714,0.005419246,0.005485016,0.005774559,0.006286386,0.006924335,0.007574446,0.008059283,0.008290006,0.008573766,0.00930361,0.010350127,0.011330231,0.012034977,0.012399263,0.012564372,0.012709803,0.012742429,0.012426162,0.011763184,0.011008183,0.010240672,0.009342222,0.008466879,0.008009158,0.007994919,0.008178402,0.008433343,0.008752575,0.009193575,0.009801802,0.010523342,0.011260653,0.011938902,0.012523764,0.013042935,0.013551224,0.014004506,0.014196067,0.014056197,0.013874774,0.013879274,0.013973687,0.01404456,0.014131908,0.014284511,0.014440117,0.014369158,0.013795217,0.012741031,0.011484971,0.010244573,0.009097111,0.008046523,0.007081888,0.006152322,0.005152192,0.004036014,0.002925605,0.002095065,0.001752754,0.001755892,0.001749486,0.001536585,0.001279442,0.001261987,0.001474262,0.001745785,0.001924904,0.001845201,0.001535027,0.001162702,0.000760738,0.000370429,0.000118434,2.33E-05,6.17E-07,2.28E-05,5.33E-05,4.61E-05,4.11E-05,8.50E-05,0.000155324,0.000187193,0.000129609,3.43E-05,0,0,1.10E-05,1.24E-05,1.48E-05,2.64E-05,4.97E-05,8.15E-05,0.000113785,0.000146729,0.000183935,0.000221403,0.000259346,0.000298886,0.0003382,0.00038047,0.000431902,0.000503742,0.000606944,0.000740632,0.000909438,0.001121217,0.001359284,0.001578395,0.001711883,0.001698965,0.001535561,0.001278638,0.001007505,0.000779545,0.000606312,0.000476842,0.000384287,0.000322818,0.000287857,0.000271107,0.00025954,0.000247698,0.000233864,0.000217108,0.000202355,0.000190366,0.000182229,0.000185399,0.000201859,0.000228573,0.000264068,0.000308895,0.000368273,0.000437074,0.000493405,0.00051581,0.000494815,0.000441817,0.000383131,0.000330372,0.000279549,0.000226623,0.000171062,0.000121383,8.84E-05,7.08E-05,6.22E-05,5.62E-05,4.92E-05,4.34E-05,3.93E-05,3.63E-05,3.80E-05,4.29E-05,4.93E-05,5.55E-05,5.76E-05,5.70E-05,5.37E-05,4.59E-05,4.09E-05,3.85E-05,2.74E-05,0
2750,control,0,0.000130483,0.000273567,0.000424597,0.000579733,0.000741503,0.000914216,0.001097375,0.001289322,0.001488533,0.001693228,0.001900745,0.002103938,0.002286795,0.002425803,0.002502343,0.00252037,0.002505158,0.002487562,0.002491126,0.002516107,0.002525631,0.002463237,0.002306994,0.002103316,0.001920905,0.001784114,0.001678888,0.001593734,0.00152604,0.001469757,0.001415883,0.001364996,0.001328626,0.001312979,0.00131571,0.001337115,0.001378813,0.001438445,0.001513411,0.001606025,0.001723979,0.001869071,0.002026377,0.002172142,0.002287289,0.00236998,0.002444788,0.002546491,0.002695363,0.002892927,0.003127143,0.003382329,0.003645905,0.003900864,0.004126708,0.004306481,0.004428667,0.00449575,0.004521022,0.004509549,0.004458256,0.00436355,0.004227379,0.004065805,0.003899065,0.003742377,0.003609009,0.00350224,0.003418385,0.003356387,0.003309996,0.003270879,0.003236437,0.003204597,0.00317736,0.003157785,0.003141143,0.003123442,0.003103474,0.003081469,0.003064242,0.003055076,0.00305342,0.003065065,0.00309212,0.003132325,0.003187694,0.003259109,0.003347714,0.003455273,0.00357848,0.003714112,0.00385868,0.004006046,0.004149474,0.004276944,0.004379812,0.004457933,0.004507583,0.004541207,0.004589507,0.00464782,0.004688895,0.004717921,0.004751975,0.004790335,0.004817372,0.004822547,0.004837096,0.004907433,0.00504197,0.005225701,0.005433599,0.005632824,0.005805567,0.005949901,0.006068998,0.006155947,0.006191942,0.006189135,0.006170534,0.006131665,0.006118873,0.00624031,0.006542292,0.006991765,0.007534992,0.008107756,0.008634727,0.009080963,0.009531986,0.010093407,0.010700498,0.011220941,0.011607296,0.011855947,0.011983437,0.011993571,0.011826709,0.011423526,0.010832943,0.010174454,0.009501249,0.008815602,0.008221973,0.007893472,0.007841237,0.007975276,0.008259515,0.008681242,0.00922574,0.009875865,0.010573552,0.011234175,0.0117974,0.012243406,0.012588833,0.0128489,0.012988089,0.012936152,0.012702906,0.012429232,0.012233217,0.012109619,0.012027143,0.011990609,0.011984541,0.011937813,0.011718315,0.011203762,0.010417567,0.009477436,0.008485673,0.007508745,0.006570888,0.005667724,0.004779234,0.003903245,0.003076309,0.002348309,0.001805981,0.001528209,0.001447115,0.001398541,0.00128894,0.001176244,0.001171575,0.001278279,0.001428211,0.001555841,0.001579697,0.001451143,0.001186533,0.000828344,0.000463738,0.000199229,6.15E-05,8.81E-06,6.75E-06,1.84E-05,2.18E-05,2.71E-05,4.46E-05,6.68E-05,7.60E-05,5.77E-05,2.32E-05,0,0,9.14E-06,1.90E-05,3.35E-05,5.58E-05,8.50E-05,0.000118605,0.000152974,0.000186113,0.00021937,0.000252809,0.000287486,0.000325596,0.000367685,0.000417532,0.000481808,0.000567073,0.000680811,0.000828799,0.001018113,0.001252947,0.001514162,0.001751388,0.001894628,0.001882748,0.001710841,0.001441765,0.001158951,0.000916999,0.000728903,0.00058679,0.000483246,0.000410884,0.000361913,0.000330302,0.000308641,0.000291315,0.000276122,0.000261631,0.00024914,0.000239767,0.000233823,0.000234785,0.000245049,0.000264946,0.000296176,0.000339941,0.000397597,0.000465186,0.000523851,0.000548357,0.000526953,0.000472774,0.000412231,0.000356329,0.000297794,0.000233053,0.000168869,0.000115776,8.10E-05,6.23E-05,5.30E-05,4.75E-05,4.12E-05,3.38E-05,2.71E-05,2.16E-05,1.83E-05,1.63E-05,1.47E-05,1.39E-05,1.30E-05,1.16E-05,1.07E-05,9.75E-06,9.84E-06,1.11E-05,9.02E-06,0
2737,control,0,0.000146925,0.000306608,0.000473823,0.000643373,0.000817045,0.000999402,0.001189782,0.001385412,0.001583876,0.001783088,0.001979507,0.002164544,0.002322194,0.002432345,0.00248235,0.002481226,0.002455882,0.002434834,0.002436043,0.002452961,0.002445157,0.002361366,0.002191486,0.001989165,0.001819824,0.001701006,0.001616229,0.001554411,0.001511677,0.001480496,0.001452637,0.001429212,0.001420518,0.001431567,0.001459953,0.001506466,0.001572474,0.001655163,0.001752883,0.001868457,0.002007755,0.002169927,0.002338189,0.002489759,0.00261003,0.0027017,0.002790984,0.002910367,0.003075312,0.003283792,0.003522035,0.003772562,0.004021614,0.004252485,0.004446756,0.004591124,0.004676972,0.004708611,0.004700605,0.004658067,0.004579038,0.004462761,0.004313181,0.004147765,0.003987133,0.003844458,0.003730378,0.003645572,0.003583804,0.003543183,0.003516986,0.003496295,0.00347932,0.0034648,0.003455076,0.003453451,0.003454284,0.003453679,0.003452058,0.003449911,0.003453522,0.00346549,0.003484459,0.003516852,0.003564803,0.003624749,0.003698652,0.003787175,0.003891021,0.004012962,0.004149527,0.004296456,0.004449705,0.004601518,0.004744915,0.004869492,0.004967855,0.005043183,0.005094849,0.005132984,0.005183909,0.005241551,0.005280812,0.005309979,0.00534693,0.005391016,0.005427786,0.005446954,0.005478656,0.005566963,0.005715997,0.005906097,0.006109014,0.006293529,0.006449372,0.00657912,0.006685173,0.00676242,0.006794647,0.006792944,0.006783929,0.006774674,0.006813318,0.0069868,0.007318521,0.007770263,0.008290206,0.008816733,0.00928447,0.009664711,0.010030755,0.010474881,0.010939927,0.011310425,0.011548488,0.011653825,0.011646109,0.011536054,0.011274799,0.01081693,0.010219698,0.009597948,0.008999259,0.008422826,0.007955319,0.007738619,0.007770742,0.007967355,0.008292938,0.00872492,0.009238794,0.009813619,0.01039387,0.010908561,0.011316398,0.011609168,0.011807677,0.011929036,0.01194532,0.01180413,0.011524421,0.011232296,0.011023606,0.010878841,0.010760905,0.010673232,0.010598547,0.01046657,0.010158192,0.009581346,0.008785308,0.007885265,0.006965116,0.006074706,0.005227911,0.004417278,0.003625745,0.002852666,0.002133505,0.00151811,0.001086244,0.000899162,0.000884368,0.000888644,0.000828986,0.000762051,0.00079065,0.000917909,0.001080803,0.001215106,0.001241598,0.001120118,0.000880013,0.00057141,0.000274286,8.03E-05,7.79E-06,5.18E-07,6.12E-06,2.26E-05,3.46E-05,4.45E-05,6.19E-05,8.13E-05,8.74E-05,6.63E-05,2.85E-05,0,0,1.42E-05,2.78E-05,4.51E-05,6.95E-05,9.97E-05,0.000134365,0.00017071,0.000207054,0.000244439,0.00028179,0.000319757,0.000360582,0.000403824,0.000452649,0.000513352,0.000591592,0.000694627,0.000827403,0.000994932,0.001199704,0.001422273,0.001616499,0.001722469,0.001690518,0.001522321,0.0012768,0.001025745,0.000814291,0.000651589,0.000529617,0.000442622,0.000384063,0.000346492,0.000324912,0.000312371,0.000303481,0.000296204,0.000288226,0.000280247,0.000273229,0.00026739,0.00026708,0.000275241,0.000291983,0.000319402,0.000358718,0.000410823,0.000471631,0.000522899,0.000542146,0.00052024,0.000469094,0.000412106,0.000358536,0.000301815,0.000240431,0.000181264,0.000133508,0.000103801,8.93E-05,8.33E-05,8.01E-05,7.51E-05,6.81E-05,6.11E-05,5.43E-05,4.82E-05,4.24E-05,3.57E-05,2.98E-05,2.47E-05,2.06E-05,1.83E-05,1.65E-05,1.57E-05,1.56E-05,1.14E-05,0
2836,control,0,0.000108487,0.000230379,0.000363792,0.000505656,0.000658545,0.000827402,0.001012556,0.0012112,0.001418836,0.001632065,0.001849035,0.0020641,0.002261968,0.002417533,0.002508888,0.002537725,0.002528834,0.002515121,0.002524242,0.0025596,0.002585426,0.002541917,0.002398377,0.002194606,0.002000395,0.001844789,0.001717549,0.001609562,0.001520343,0.001444795,0.001371472,0.001298932,0.001240266,0.001203284,0.001186518,0.00119089,0.001216953,0.001261172,0.001319672,0.001393155,0.00149051,0.0016161,0.001756599,0.001889301,0.001993761,0.002066362,0.002132407,0.002226758,0.002369335,0.00256335,0.002798958,0.003062387,0.003341065,0.003615794,0.00386554,0.00407306,0.004224789,0.004321886,0.00437647,0.004392716,0.00436699,0.004291933,0.004166043,0.004006114,0.003833016,0.00366248,0.003509961,0.003381109,0.003275892,0.003195441,0.003132602,0.003079533,0.003033909,0.002992269,0.002956868,0.0029301,0.002905642,0.002879641,0.002849782,0.002815241,0.002783636,0.002758584,0.002741567,0.00273964,0.002751387,0.002772132,0.002806246,0.002860037,0.002937527,0.003034832,0.003143851,0.00326405,0.003395214,0.003536208,0.00368332,0.00381947,0.003935933,0.004032625,0.004091963,0.004123476,0.004173705,0.00423871,0.004281113,0.004309265,0.004343497,0.004374664,0.004376011,0.004342597,0.004334689,0.004410359,0.004552648,0.004729536,0.004931765,0.005145967,0.005344861,0.005503629,0.005620123,0.005691586,0.005700553,0.005670001,0.00563343,0.005574167,0.005527515,0.005618609,0.005908339,0.006358013,0.00691347,0.007512724,0.008053407,0.008476002,0.008923474,0.00958967,0.010387262,0.011095435,0.011630886,0.011998669,0.012237105,0.012359803,0.012286792,0.011938757,0.011374986,0.010719819,0.009988808,0.009159217,0.008405613,0.007995035,0.007916132,0.008013366,0.008241932,0.008615142,0.009138383,0.009799313,0.010540116,0.011276728,0.011941632,0.012504502,0.01297877,0.013382749,0.013675285,0.013758046,0.013625634,0.013447525,0.013358006,0.013332379,0.013335813,0.013385196,0.013462415,0.013493441,0.013345369,0.012867707,0.012048085,0.011010961,0.009896283,0.008803641,0.007769468,0.006781636,0.005808763,0.004836561,0.003876093,0.002971203,0.002267606,0.001917918,0.001839422,0.001784539,0.001617236,0.00143905,0.00141817,0.001534189,0.001672498,0.001760398,0.001726277,0.001543678,0.001244778,0.000860553,0.000474283,0.000199884,6.28E-05,9.31E-06,1.92E-06,1.01E-05,1.35E-05,2.74E-05,5.61E-05,8.45E-05,9.07E-05,6.11E-05,1.82E-05,0,0,8.55E-06,1.49E-05,2.45E-05,4.27E-05,6.99E-05,0.00010282,0.000136404,0.000169105,0.000202996,0.000237763,0.000274091,0.00031333,0.000355435,0.000403875,0.000465245,0.000547932,0.000660519,0.000807124,0.000994426,0.001228032,0.001489982,0.001730513,0.001878353,0.001870085,0.001699186,0.001427701,0.001140949,0.000896344,0.000707124,0.000564605,0.000461169,0.000389719,0.000342996,0.000314017,0.00029411,0.000277752,0.000262735,0.000247853,0.000235097,0.000225427,0.000219583,0.000221923,0.000234614,0.000257054,0.00029008,0.000335328,0.000395534,0.000466199,0.0005272,0.000553229,0.000532402,0.00047793,0.000417013,0.000361366,0.000304212,0.000241035,0.000177084,0.000123205,8.76E-05,6.82E-05,5.85E-05,5.24E-05,4.54E-05,3.79E-05,3.13E-05,2.64E-05,2.43E-05,2.45E-05,2.62E-05,2.92E-05,3.11E-05,3.14E-05,3.08E-05,2.87E-05,2.67E-05,2.50E-05,1.79E-05,0
3256,control,0,0.000128358,0.000269792,0.000422133,0.000582938,0.000755017,0.00094244,0.00114377,0.001354566,0.001569751,0.001785841,0.001999791,0.002203963,0.00238288,0.002514464,0.002582401,0.002594047,0.002576509,0.002560706,0.002569545,0.002600036,0.002612371,0.002550682,0.002393129,0.002183659,0.001989194,0.00183591,0.00171527,0.001621229,0.001552966,0.001501985,0.001453696,0.001404937,0.001367671,0.001348839,0.001347391,0.001365547,0.0014038,0.001458226,0.001526505,0.001610953,0.001720151,0.001856529,0.002004672,0.002143386,0.002258369,0.002351685,0.002447831,0.002573084,0.002739053,0.002948652,0.00319453,0.003461853,0.003735803,0.003995981,0.004222107,0.004400127,0.004519437,0.00458311,0.004604028,0.004585785,0.004526193,0.004421739,0.004274154,0.004102427,0.003927258,0.00376199,0.003620892,0.003509032,0.00342485,0.003367307,0.003326013,0.003291733,0.003263681,0.003239042,0.00321985,0.003208045,0.00319608,0.003181046,0.003162653,0.003140237,0.00312169,0.003111283,0.003110491,0.00312521,0.003150826,0.003180906,0.003222057,0.003284022,0.003373354,0.003485826,0.003610113,0.003742258,0.003878473,0.00401658,0.004155985,0.004280405,0.004381075,0.004461299,0.004503668,0.004517346,0.004553425,0.004609837,0.004650425,0.004686918,0.004735748,0.004778804,0.00478346,0.004747902,0.00474638,0.004840355,0.004994388,0.005163242,0.005346987,0.005548223,0.005739474,0.005882475,0.005969591,0.006010434,0.00600776,0.005990569,0.005985191,0.005977444,0.006006238,0.006174895,0.006511783,0.006970095,0.007509567,0.008079893,0.008577565,0.008934183,0.009297699,0.009886897,0.010618142,0.011248423,0.01169208,0.011969655,0.012119322,0.012141097,0.011952221,0.011502769,0.010898635,0.010266507,0.009581247,0.008803452,0.008133086,0.007843812,0.007883159,0.008068237,0.008364459,0.008798406,0.009369202,0.010049632,0.010775071,0.011466443,0.01206459,0.012544221,0.012921094,0.013213023,0.013378025,0.013324913,0.013062828,0.012769163,0.012571561,0.012436335,0.012335823,0.012295175,0.012281977,0.012215685,0.011998688,0.011522382,0.01076289,0.009804112,0.008765132,0.007745006,0.006780748,0.005854542,0.004938391,0.004029937,0.003131342,0.002268886,0.001601328,0.001308059,0.001296992,0.00128516,0.001122609,0.000931049,0.000901213,0.00100738,0.001123644,0.0011891,0.001162497,0.001037295,0.000835787,0.000564696,0.00028814,0.000105414,2.89E-05,3.22E-06,1.28E-06,6.31E-06,1.21E-05,3.39E-05,6.54E-05,8.84E-05,8.59E-05,5.15E-05,1.13E-05,0,0,8.36E-06,1.28E-05,1.94E-05,3.31E-05,5.39E-05,7.91E-05,0.000103406,0.000125925,0.00015002,0.000176022,0.000204606,0.000236501,0.000270329,0.000308472,0.00035638,0.000420964,0.000509736,0.000625394,0.000773121,0.000959447,0.001171675,0.001371055,0.001500658,0.001506813,0.001380635,0.001169497,0.00094168,0.000745927,0.000594441,0.000479202,0.000393812,0.000333294,0.000292927,0.000267853,0.000250456,0.000235987,0.000222801,0.000209688,0.000198949,0.000191242,0.000185728,0.000185757,0.000193516,0.000208796,0.000232831,0.000267108,0.000314692,0.000372964,0.000425277,0.00045066,0.000438628,0.000398233,0.000351055,0.000306723,0.000259944,0.000207459,0.000152695,0.000104179,7.06E-05,5.19E-05,4.31E-05,3.93E-05,3.68E-05,3.50E-05,3.39E-05,3.22E-05,3.12E-05,3.11E-05,3.13E-05,3.17E-05,3.06E-05,2.87E-05,2.67E-05,2.38E-05,2.29E-05,2.41E-05,1.89E-05,0
3409,control,0,9.39E-05,0.000200222,0.000321843,0.000458189,0.000615593,0.000802699,0.001019663,0.001257707,0.001503159,0.001745741,0.001982247,0.002210658,0.002420637,0.002585643,0.00267648,0.00269254,0.002665038,0.002636883,0.002642456,0.002684368,0.002722625,0.00269141,0.002554122,0.002355206,0.002171985,0.002026357,0.001895062,0.001764822,0.001638887,0.001518952,0.00140016,0.001290959,0.001215282,0.001180812,0.001179934,0.001209642,0.00126391,0.00133375,0.001414173,0.00150411,0.00161323,0.001748777,0.001899274,0.002040707,0.002136446,0.002163033,0.002153773,0.002175405,0.00227334,0.00245048,0.002677093,0.002929581,0.003201837,0.003478044,0.003737151,0.003959298,0.004124684,0.004237681,0.004318682,0.0043743,0.004398792,0.004373157,0.004284628,0.004152095,0.0039971,0.00383082,0.0036652,0.003499345,0.003335816,0.003189599,0.003063042,0.002954473,0.002861793,0.002776266,0.002703429,0.00264811,0.002598706,0.002548591,0.002490881,0.002422785,0.002358024,0.002300285,0.002250471,0.002219656,0.002205754,0.002207316,0.002233694,0.002286363,0.00236348,0.002453016,0.002538011,0.002623434,0.002720139,0.002834957,0.002969899,0.00310605,0.003235044,0.003349274,0.0034048,0.003418899,0.003478722,0.003566749,0.00360284,0.00360659,0.003628118,0.003654028,0.003633197,0.003553129,0.003507381,0.003582948,0.003747389,0.00394609,0.004161602,0.004386554,0.004607535,0.004806911,0.004992677,0.005133199,0.005127245,0.005010489,0.004920697,0.004813442,0.004609886,0.004477289,0.004622063,0.005039781,0.005614028,0.006224315,0.006704878,0.006974837,0.007311102,0.008065395,0.009117691,0.010121786,0.010887799,0.011352424,0.011639679,0.011907539,0.01206186,0.011871112,0.011317137,0.010627119,0.009885704,0.008992043,0.008089727,0.00755702,0.007439013,0.007517196,0.007677451,0.007920569,0.008307004,0.008880846,0.009592493,0.010349508,0.011075249,0.011730266,0.012336105,0.012938321,0.013488749,0.013788668,0.013762204,0.013669452,0.013729012,0.01386925,0.013996039,0.01414864,0.014373675,0.014613353,0.014643892,0.014189076,0.013256377,0.012102522,0.010937561,0.0098463,0.008842419,0.007920342,0.00703243,0.006080872,0.005028716,0.003988594,0.00320445,0.002864129,0.002845764,0.002837416,0.002670437,0.002507421,0.002619589,0.002978532,0.00338511,0.003678383,0.003674127,0.003306455,0.002673456,0.001871885,0.001069715,0.000479935,0.000149897,1.69E-05,2.54E-06,1.55E-05,7.71E-06,7.29E-06,4.97E-05,0.000117761,0.00015169,0.000105132,2.50E-05,0,0,1.15E-05,1.69E-05,2.57E-05,4.48E-05,7.59E-05,0.000115938,0.000157378,0.000200213,0.000247397,0.000296035,0.000347945,0.000405705,0.000469718,0.000546026,0.000643804,0.000777252,0.000961471,0.001203327,0.001517663,0.001917304,0.002374414,0.002809012,0.003100597,0.003136078,0.002894851,0.002470671,0.002003518,0.001592394,0.001262127,0.001002408,0.000805208,0.000662707,0.000566329,0.000502733,0.000454643,0.000413462,0.000375429,0.000338688,0.000307925,0.00028446,0.000269943,0.000271957,0.000293289,0.000332399,0.000388585,0.000462975,0.000561828,0.000678671,0.000781578,0.000830923,0.000805552,0.000723937,0.000629639,0.000543558,0.000457997,0.000364298,0.000266733,0.00018253,0.000125737,9.30E-05,7.47E-05,6.12E-05,4.66E-05,3.23E-05,1.95E-05,1.01E-05,8.46E-06,1.24E-05,1.97E-05,2.85E-05,3.47E-05,3.90E-05,4.04E-05,3.64E-05,3.36E-05,3.24E-05,2.33E-05,0
2294,control,0,0.000120548,0.000255135,0.000400361,0.000552808,0.000714786,0.000889961,0.001076908,0.001272807,0.001474507,0.001679097,0.001885229,0.002089418,0.002278467,0.002427828,0.00251493,0.00254059,0.002529879,0.002515915,0.002524753,0.002557983,0.00257965,0.002532276,0.0023907,0.002201245,0.002035112,0.001914164,0.001817569,0.001730185,0.001651266,0.001579597,0.00151138,0.001451776,0.001414776,0.001405179,0.001417215,0.001448414,0.001498546,0.001564726,0.001644973,0.001741942,0.001863719,0.002013391,0.002177161,0.002328405,0.002438069,0.002494423,0.002525363,0.002582156,0.002698678,0.002875406,0.003091562,0.003329186,0.003580607,0.003832607,0.004064883,0.004257693,0.00439587,0.004481839,0.004531352,0.004550074,0.004532595,0.004470649,0.004362285,0.004222902,0.004072587,0.003925231,0.003791999,0.003673567,0.0035667,0.003475808,0.003401155,0.003337349,0.003280081,0.003225078,0.003175959,0.003138534,0.003108252,0.003079044,0.003046837,0.003010737,0.002978704,0.002954923,0.002939367,0.002938308,0.002953742,0.002983698,0.003031012,0.003097794,0.003185008,0.003289088,0.003400619,0.003517006,0.00364127,0.003775318,0.003915471,0.004044936,0.004151317,0.004232501,0.004278567,0.004301072,0.004337802,0.004386091,0.00441899,0.004446781,0.004487064,0.004530679,0.004549277,0.004529686,0.004520998,0.004583767,0.004716332,0.004892308,0.005093811,0.005299358,0.005486659,0.005641302,0.005761464,0.005844732,0.005882712,0.005886365,0.005851886,0.005746112,0.005626392,0.005647243,0.005877847,0.006273696,0.006773175,0.007314387,0.007815462,0.008230359,0.008659423,0.009241481,0.00990629,0.010486245,0.010926766,0.011238721,0.011440836,0.01152438,0.011419091,0.011073597,0.010550694,0.009951934,0.009292271,0.008565515,0.007920157,0.007569594,0.007502201,0.007596476,0.007823005,0.008190835,0.008693085,0.009309141,0.009983683,0.010641925,0.011226793,0.011714098,0.012116329,0.012445019,0.012660538,0.012688218,0.012532594,0.012331023,0.012196088,0.012118755,0.012079015,0.012090601,0.012128637,0.012121119,0.011955815,0.011515772,0.010795724,0.009891168,0.008912372,0.007946478,0.007028358,0.006148801,0.005285331,0.004437549,0.003625803,0.002884428,0.002322608,0.002056153,0.00201322,0.001993607,0.001895949,0.001816047,0.001897574,0.002111456,0.002338755,0.002509408,0.002548117,0.002368715,0.001953761,0.001375334,0.000791398,0.000358586,0.000115415,1.63E-05,0,1.26E-06,4.23E-06,1.83E-05,4.14E-05,6.19E-05,6.59E-05,4.49E-05,1.43E-05,0,0,1.18E-05,2.32E-05,3.86E-05,6.20E-05,9.25E-05,0.000128299,0.000165739,0.000203307,0.000242808,0.000284576,0.000329807,0.000380642,0.000437863,0.000506011,0.000593046,0.000707996,0.000861467,0.001062559,0.001323401,0.001652071,0.002024669,0.002373423,0.002600799,0.002618017,0.002410322,0.002057986,0.001675364,0.001339411,0.001069973,0.000859057,0.00069946,0.00058391,0.000503043,0.000447986,0.000408608,0.000377597,0.000351522,0.000327988,0.000308089,0.000293082,0.000283494,0.000283383,0.000295768,0.000321358,0.000362194,0.00042047,0.000499084,0.000593306,0.000678176,0.000718859,0.00069754,0.000630368,0.00055238,0.000479667,0.000403376,0.000317345,0.00023022,0.000157414,0.000108975,8.20E-05,6.80E-05,5.92E-05,5.00E-05,3.92E-05,2.91E-05,2.07E-05,1.54E-05,1.26E-05,1.14E-05,1.19E-05,1.31E-05,1.41E-05,1.55E-05,1.60E-05,1.65E-05,1.73E-05,1.33E-05,0
3175,control,0,0.000137268,0.000287884,0.000447276,0.000610667,0.0007794,0.000957875,0.001146856,0.001344929,0.001549601,0.00175842,0.001968293,0.002171427,0.002351813,0.002487614,0.00256267,0.002581749,0.002568815,0.002553289,0.002557868,0.002581628,0.002587526,0.002521531,0.002363456,0.002157723,0.001970652,0.001827942,0.001719289,0.001635714,0.00157456,0.001528242,0.001485508,0.001444075,0.001413047,0.001398007,0.001398164,0.0014161,0.001454271,0.001510144,0.001581138,0.001669406,0.001782488,0.001921951,0.00207251,0.002212066,0.002325894,0.002416458,0.002507859,0.002627243,0.002787307,0.002990061,0.003227984,0.003486752,0.003751966,0.004005022,0.004226767,0.004403315,0.0045242,0.004590862,0.004614456,0.004598096,0.004539686,0.004437738,0.004294931,0.004128193,0.003958338,0.003800447,0.003668507,0.003567012,0.003492721,0.003442819,0.003407833,0.003378617,0.003353603,0.003330609,0.003311487,0.003299124,0.003288126,0.003275441,0.003260855,0.003243635,0.003229546,0.003221818,0.003221068,0.003233776,0.003259769,0.003294365,0.003340537,0.003402612,0.003484113,0.003585497,0.003701989,0.003831323,0.003970213,0.004113648,0.004257117,0.004386543,0.004492555,0.004578776,0.00463913,0.004678312,0.004723869,0.004775288,0.004813137,0.004842967,0.004873523,0.004900356,0.004909541,0.004896057,0.004901736,0.004972708,0.005102239,0.005268596,0.005458738,0.005651974,0.005822771,0.005951149,0.006032016,0.006072572,0.006085436,0.006087294,0.006069143,0.006019624,0.006014346,0.00616171,0.006468669,0.006885988,0.007381974,0.007916627,0.008421765,0.008852438,0.009283631,0.009828771,0.010424311,0.010925686,0.011300673,0.011573649,0.01174974,0.011797508,0.011649743,0.011280843,0.010764032,0.010179682,0.009529517,0.008818848,0.008201412,0.007873596,0.007812888,0.00790645,0.008137821,0.00852102,0.009039062,0.00965576,0.010311238,0.01093678,0.011481407,0.011923298,0.012274702,0.012542815,0.012693402,0.012679204,0.012519713,0.012329499,0.012197125,0.012113691,0.012067164,0.012066673,0.012073128,0.012012385,0.011794335,0.011333875,0.010624452,0.009727905,0.008737036,0.007744991,0.006791035,0.005861712,0.00493427,0.00402832,0.00318264,0.002415534,0.001813252,0.001496429,0.001408729,0.001358979,0.001235011,0.001096486,0.001054548,0.001100687,0.001161431,0.001195665,0.001169193,0.001055739,0.000854412,0.000584165,0.000313109,0.00012597,3.43E-05,3.18E-06,1.36E-06,5.37E-06,1.40E-05,3.32E-05,5.35E-05,6.37E-05,5.80E-05,3.65E-05,1.21E-05,0,0,9.74E-06,1.96E-05,3.35E-05,5.45E-05,8.14E-05,0.000111563,0.000140968,0.000168153,0.000194569,0.000220179,0.000246898,0.000276857,0.000309705,0.000348718,0.000399579,0.000467855,0.000560001,0.000679737,0.000832742,0.001024243,0.001240424,0.001442423,0.001573863,0.001581486,0.001456384,0.001246332,0.001019665,0.000824398,0.000673304,0.00056037,0.000479368,0.000423249,0.000385537,0.000361408,0.000344023,0.00032893,0.000314676,0.000300121,0.000287161,0.000276841,0.000269381,0.000268541,0.000276379,0.000292853,0.00031946,0.000357303,0.000408398,0.000469726,0.000524361,0.000549944,0.000534915,0.000489252,0.000436479,0.000387259,0.000335984,0.000279534,0.000222892,0.00017524,0.000143357,0.000125092,0.000114585,0.000106531,9.67E-05,8.55E-05,7.46E-05,6.45E-05,5.69E-05,5.13E-05,4.70E-05,4.42E-05,4.17E-05,3.94E-05,3.76E-05,3.45E-05,3.09E-05,2.64E-05,1.70E-05,0
3233,control,0,0.00011704,0.000249113,0.000395132,0.000551519,0.000720103,0.000905014,0.001104212,0.00131162,0.001520761,0.001728351,0.00193233,0.002125172,0.002291129,0.002408476,0.002462625,0.002464242,0.002443049,0.002429523,0.002443523,0.002478388,0.002491559,0.00242689,0.002266745,0.002060508,0.001875207,0.001732679,0.001621686,0.001535542,0.001472889,0.00142562,0.001380408,0.001335501,0.001304849,0.001296972,0.001310467,0.00134562,0.001401247,0.001472965,0.00155827,0.001658511,0.001780907,0.001927093,0.002081484,0.002222803,0.002336811,0.002426232,0.002518078,0.002643171,0.002814523,0.003030485,0.003279345,0.00354583,0.003815414,0.004067793,0.004283146,0.004447606,0.004551503,0.004599869,0.004608166,0.00458212,0.004518748,0.00441221,0.004263628,0.004092521,0.00391991,0.003758612,0.003621523,0.003512125,0.00342813,0.003370432,0.003331451,0.003301735,0.003279396,0.003262519,0.003253745,0.003254324,0.003255674,0.003253691,0.003248013,0.003238991,0.003234827,0.003239311,0.003253793,0.003285226,0.003329354,0.003377909,0.003437112,0.003518721,0.003629149,0.003761579,0.003902537,0.004047421,0.004194433,0.004343177,0.004490984,0.004620732,0.004726969,0.004813777,0.004860937,0.004880302,0.004929553,0.005000807,0.005046101,0.005083246,0.005141838,0.00520076,0.005217844,0.005192133,0.005207806,0.005330804,0.005516356,0.005708164,0.005904002,0.006110807,0.006308563,0.006465738,0.006578978,0.006648931,0.006649773,0.006609232,0.006600211,0.006628897,0.006701144,0.006902165,0.007279503,0.007790853,0.008374181,0.008958168,0.009423177,0.00970117,0.009980031,0.01051796,0.011218661,0.011804263,0.012161352,0.012298912,0.012286969,0.012173559,0.011886243,0.011354251,0.010680531,0.010018089,0.009350419,0.008619948,0.00801612,0.007815825,0.007960103,0.008247974,0.008618911,0.009072386,0.009607669,0.010220416,0.010856983,0.011439383,0.01191772,0.012277607,0.012541745,0.01274295,0.012847756,0.012745059,0.012435831,0.012124928,0.011948162,0.011839547,0.011738508,0.011668586,0.011615963,0.011502404,0.011201588,0.010580734,0.009656912,0.008587268,0.007514109,0.006511597,0.005594288,0.004741619,0.003924289,0.003108327,0.002264815,0.001450014,0.000869552,0.000694379,0.000787967,0.000840598,0.000709041,0.000557225,0.000609639,0.000823467,0.001045296,0.001186588,0.001166572,0.000988109,0.000731555,0.000435115,0.000164401,1.74E-05,0,0,2.76E-06,2.29E-05,4.08E-05,6.28E-05,0.000100247,0.000137634,0.000145286,0.000101252,3.41E-05,0,0,1.41E-05,2.03E-05,2.66E-05,4.13E-05,6.60E-05,9.87E-05,0.000134807,0.00017284,0.000215741,0.000262415,0.000310641,0.000359908,0.000408027,0.00045607,0.000510065,0.000578612,0.000670554,0.00078792,0.000931855,0.001103266,0.001282772,0.001425791,0.001478374,0.001402893,0.001211961,0.000965504,0.000728151,0.000536828,0.000394593,0.000289553,0.000215903,0.000169813,0.000145379,0.000137353,0.000138568,0.000143336,0.000149004,0.000152914,0.000155462,0.000156939,0.000157267,0.000161265,0.000172217,0.000189104,0.000213252,0.000247036,0.000291911,0.000342427,0.000380926,0.000389823,0.000365422,0.000319853,0.000271813,0.000227142,0.000179727,0.000128807,7.96E-05,3.93E-05,1.54E-05,7.25E-06,7.57E-06,1.27E-05,1.83E-05,2.35E-05,2.93E-05,3.41E-05,3.72E-05,3.81E-05,3.71E-05,3.57E-05,3.28E-05,2.84E-05,2.48E-05,2.22E-05,2.27E-05,2.56E-05,2.13E-05,0
2198,control,0,0.000115689,0.000243563,0.00038169,0.000526516,0.000680192,0.000847931,0.001030574,0.001225298,0.001427688,0.001634795,0.001843875,0.002046578,0.002225934,0.002359275,0.002430596,0.002446473,0.002432136,0.002417115,0.002424386,0.002453184,0.002466215,0.002407889,0.00225478,0.002048089,0.001852602,0.001695726,0.001571933,0.00147605,0.001406407,0.00135414,0.00130424,0.001251784,0.001207256,0.001178675,0.001167074,0.001175781,0.001206289,0.001255071,0.00131829,0.001396401,0.001497225,0.001623333,0.001759991,0.001887383,0.001994543,0.002087286,0.002189712,0.002323386,0.002495062,0.002706587,0.002954185,0.003225884,0.003505473,0.003770977,0.00400244,0.004186756,0.004314176,0.004386401,0.004413766,0.004399463,0.004341992,0.004238196,0.004089802,0.00391509,0.00373527,0.003565714,0.003422217,0.003311395,0.003232365,0.003182331,0.003148978,0.003122206,0.003101365,0.003084567,0.00307326,0.003068154,0.003062119,0.003052982,0.003041219,0.003026673,0.003015905,0.003011484,0.003014421,0.003031814,0.003061167,0.00309607,0.003140931,0.00320278,0.003286632,0.003391702,0.003512968,0.003649605,0.003797274,0.003949378,0.004100464,0.00423601,0.004350232,0.004446555,0.004510507,0.004550197,0.00460852,0.004680122,0.004727199,0.004757262,0.004790873,0.00482232,0.004831319,0.004815861,0.004830152,0.004923776,0.00507743,0.005259744,0.005459376,0.005662292,0.005846614,0.005992069,0.006097093,0.006158562,0.006156528,0.006117286,0.006094109,0.006093129,0.006143512,0.006330476,0.006685654,0.007172093,0.007743621,0.008340972,0.008867646,0.009269871,0.009684536,0.01029406,0.011014326,0.011637704,0.012083562,0.012352591,0.012487618,0.012514317,0.01236097,0.011949683,0.011341559,0.010670562,0.009962574,0.009192646,0.008513992,0.008170172,0.008149198,0.008303227,0.008582787,0.008989116,0.009521161,0.010165979,0.010864901,0.011536271,0.012120403,0.012594085,0.012974787,0.013283817,0.013485045,0.013489058,0.013297913,0.013079982,0.012962105,0.012909895,0.012878682,0.012881709,0.012903581,0.012870293,0.012646609,0.012093181,0.011221487,0.010166002,0.00905731,0.007980119,0.006962116,0.005991094,0.005036137,0.004081259,0.003142889,0.002271973,0.001607127,0.001285903,0.001223661,0.001181867,0.001024576,0.000835806,0.000769328,0.000821443,0.000904609,0.000950094,0.000889819,0.000734556,0.000548256,0.000341395,0.000143395,2.66E-05,1.54E-06,0,2.05E-06,1.51E-05,2.52E-05,4.05E-05,6.92E-05,9.81E-05,0.000104593,7.29E-05,2.49E-05,0,0,9.73E-06,1.64E-05,2.55E-05,4.26E-05,6.79E-05,9.88E-05,0.000130595,0.000161643,0.000193817,0.00022587,0.00025781,0.000290661,0.00032346,0.000358713,0.000401821,0.000459301,0.000537803,0.000638436,0.000763283,0.00091506,0.001079473,0.00122123,0.001293229,0.00125653,0.00111409,0.000913357,0.000712414,0.000548854,0.000429109,0.000344193,0.000287464,0.000252635,0.000233912,0.000226668,0.000224116,0.000222115,0.000219477,0.000215044,0.000210438,0.000206239,0.000203003,0.00020539,0.000215466,0.00023208,0.000256001,0.00028856,0.000331789,0.000381706,0.000422252,0.00043592,0.000416201,0.000373279,0.000326749,0.000284106,0.000240127,0.000192949,0.000146453,0.000107807,8.34E-05,7.14E-05,6.65E-05,6.40E-05,6.01E-05,5.56E-05,5.18E-05,4.84E-05,4.64E-05,4.52E-05,4.42E-05,4.37E-05,4.20E-05,3.89E-05,3.58E-05,3.19E-05,2.89E-05,2.64E-05,1.84E-05,0
2473,control,0,0.000126771,0.000267889,0.000419792,0.000578964,0.000746108,0.0009227,0.001106383,0.001294976,0.001486609,0.001679577,0.001872758,0.002061699,0.002232698,0.002363455,0.002436368,0.002456444,0.002448757,0.002442281,0.002457479,0.002491955,0.002509721,0.002458384,0.002319738,0.002141585,0.001990437,0.001884863,0.001805177,0.00173785,0.001681296,0.001632784,0.001588684,0.001553929,0.001540323,0.001551128,0.001580468,0.001625874,0.001687487,0.001763407,0.001853217,0.001960646,0.002092826,0.002251267,0.002421367,0.00257709,0.002692865,0.002760452,0.002806793,0.00287885,0.003005755,0.003185388,0.003397714,0.003626043,0.003863157,0.004096729,0.004307683,0.004478172,0.004595084,0.004661384,0.00469248,0.004693555,0.004659506,0.004584823,0.004470361,0.004331901,0.004188925,0.004054256,0.003938007,0.003840271,0.003755879,0.003687285,0.003634178,0.003590073,0.003550105,0.003510789,0.003476075,0.003452184,0.003434978,0.003418717,0.003400722,0.003380515,0.0033651,0.003358664,0.003360693,0.003376169,0.003406275,0.003447934,0.003504008,0.003578541,0.00367401,0.003787563,0.003909276,0.004034437,0.004164613,0.004301263,0.004440373,0.004564855,0.004662136,0.004733129,0.004772894,0.0047916,0.004821259,0.004860913,0.004891244,0.004924632,0.004974771,0.005028937,0.005057639,0.00504832,0.005050233,0.005121315,0.0052546,0.005420668,0.005606337,0.005797289,0.005972022,0.006111612,0.00621019,0.006273414,0.006311687,0.006334793,0.006320883,0.006240782,0.006166234,0.006236763,0.006491029,0.006876516,0.007342424,0.007838842,0.008297163,0.008674605,0.009049786,0.00954198,0.010089036,0.010538815,0.010853028,0.011059219,0.011167758,0.011149979,0.01094351,0.010536754,0.010021663,0.009477695,0.008887904,0.008249069,0.007716689,0.007476866,0.007488339,0.007631246,0.007890359,0.008277685,0.00877433,0.009348748,0.009947438,0.010507038,0.010983549,0.011360349,0.011649923,0.011860368,0.011957417,0.011890643,0.011680818,0.011444589,0.011267414,0.011137299,0.011043302,0.010998204,0.010963603,0.010867169,0.010631014,0.010181766,0.009514362,0.008691318,0.007798796,0.006916777,0.00607896,0.00527292,0.004480652,0.00371468,0.002994046,0.002338982,0.001850923,0.001644057,0.001645281,0.001655727,0.001581227,0.001521457,0.001613111,0.001820094,0.002024506,0.00217044,0.002207365,0.00205656,0.001690395,0.001177046,0.000667441,0.000301293,0.000107095,2.68E-05,2.52E-06,5.91E-06,1.45E-05,3.64E-05,5.93E-05,7.18E-05,6.76E-05,4.50E-05,1.64E-05,0,0,1.19E-05,2.24E-05,3.62E-05,5.72E-05,8.43E-05,0.000116363,0.000151002,0.000186391,0.000224377,0.000265826,0.000311106,0.000361545,0.000417159,0.000481527,0.000561969,0.0006663,0.000804295,0.000984776,0.001217933,0.0015105,0.001840423,0.002145692,0.002339579,0.002344974,0.002151231,0.001832009,0.001488608,0.00118759,0.000945446,0.000754403,0.000608745,0.000503097,0.000429085,0.00037939,0.000345608,0.000320851,0.000301803,0.000285494,0.000271702,0.000261113,0.000253497,0.000252342,0.000261115,0.00028099,0.000314734,0.000365029,0.000434149,0.00051793,0.00059393,0.000630755,0.000613033,0.000554831,0.000486171,0.000420742,0.000350312,0.000270307,0.000189787,0.000122669,7.82E-05,5.45E-05,4.39E-05,3.98E-05,3.63E-05,3.12E-05,2.63E-05,2.17E-05,1.79E-05,1.48E-05,1.18E-05,9.59E-06,8.26E-06,7.45E-06,8.11E-06,9.33E-06,1.15E-05,1.46E-05,1.27E-05,0
2261,control,0,0.000102949,0.000214797,0.000335474,0.000463812,0.000604986,0.000766889,0.000951771,0.001156508,0.001375036,0.001601777,0.001832967,0.002063142,0.002278387,0.002452046,0.002556857,0.002590515,0.002579411,0.002560754,0.002565624,0.002601598,0.002636934,0.002609944,0.002482418,0.002289252,0.002100462,0.001945451,0.001813088,0.001693945,0.001588117,0.001492223,0.001397886,0.001306917,0.001233626,0.0011849,0.001158749,0.001157144,0.00118138,0.001226425,0.001284917,0.001355028,0.001446326,0.001565437,0.001701168,0.001831703,0.001933479,0.001997671,0.002048864,0.002126728,0.002257647,0.00244786,0.002684701,0.002951073,0.003234609,0.003516781,0.003775985,0.003993998,0.004156467,0.004264764,0.004331536,0.004362197,0.004354962,0.004300889,0.004194267,0.004048925,0.003884105,0.003715881,0.003560109,0.003420856,0.003299199,0.003199536,0.003116414,0.003044663,0.002984067,0.002929948,0.00288294,0.002844277,0.00280736,0.002768765,0.002725014,0.002675002,0.002627534,0.0025835,0.002540802,0.002509341,0.00249656,0.002507749,0.002545651,0.002596218,0.002649021,0.002711507,0.002792738,0.002900073,0.003031925,0.003172004,0.003307201,0.003434073,0.003549482,0.003642747,0.003704301,0.003759781,0.003849803,0.003950064,0.003997297,0.003986461,0.003959206,0.003946873,0.003957321,0.003973027,0.00397936,0.004001478,0.004094334,0.004285034,0.004516203,0.004704922,0.00485203,0.005011698,0.005217102,0.005408821,0.005441624,0.005325064,0.005229106,0.005174909,0.005078518,0.005018992,0.005178346,0.005606263,0.006201105,0.006830074,0.007389813,0.007871031,0.008414632,0.009124189,0.009923037,0.010714497,0.011389098,0.011814504,0.012059695,0.01229597,0.012484896,0.012372265,0.011812395,0.011029659,0.010298702,0.009611222,0.008882452,0.008253671,0.007918396,0.007879528,0.008026043,0.008270778,0.00864361,0.009211993,0.009936525,0.010699252,0.011405324,0.012019358,0.012564313,0.013080916,0.013534728,0.013768409,0.013705041,0.01353615,0.013479627,0.013540727,0.013620557,0.013712516,0.013905128,0.014173356,0.01422799,0.013755074,0.012840486,0.011793634,0.010774014,0.00978409,0.008806586,0.007871177,0.006950233,0.005949736,0.004924513,0.004047757,0.003398045,0.002944165,0.002635593,0.00242614,0.002247909,0.002067427,0.001946018,0.001969332,0.002151771,0.002359389,0.002359516,0.002101222,0.001714525,0.001259256,0.000773591,0.000370249,0.000122841,2.36E-05,3.16E-05,6.84E-05,4.68E-05,3.20E-06,3.00E-06,6.05E-05,0.000117586,0.000108157,4.54E-05,0,0,1.48E-06,5.34E-06,1.56E-05,3.34E-05,5.75E-05,8.58E-05,0.00011432,0.000141649,0.000167719,0.000190487,0.000212138,0.000236647,0.000267012,0.000308791,0.000368309,0.000453255,0.000571546,0.000728073,0.000933518,0.001197922,0.001507012,0.001811087,0.002029845,0.002083764,0.001951025,0.001687841,0.001387317,0.001119538,0.00090638,0.000743313,0.00062254,0.000535202,0.000473403,0.000428696,0.000391399,0.00035639,0.000322116,0.000289179,0.000261081,0.000239341,0.000226176,0.000225903,0.000239353,0.000265741,0.000304605,0.000355729,0.000422165,0.000500537,0.000571331,0.000606912,0.000590539,0.000534296,0.000469153,0.000410941,0.000354209,0.000291654,0.000225855,0.000168233,0.000127443,0.000101194,8.30E-05,6.68E-05,4.91E-05,3.10E-05,1.47E-05,3.71E-06,4.16E-07,1.32E-06,4.24E-06,8.48E-06,1.05E-05,1.01E-05,7.88E-06,3.97E-06,1.94E-06,1.24E-06,5.42E-07,0
3010,control,0,0.000105795,0.000227175,0.000364252,0.000514098,0.000680048,0.000869112,0.001082606,0.001314949,0.001556594,0.00180062,0.002044457,0.002283853,0.002505702,0.002683802,0.002791153,0.002826261,0.002816132,0.002799693,0.002810504,0.002853727,0.00289141,0.002857863,0.002713927,0.002497008,0.002282658,0.002104333,0.001952036,0.001817138,0.001701103,0.001599981,0.001500817,0.001402141,0.001320334,0.001264484,0.001232881,0.001227103,0.001246242,0.001284278,0.001335492,0.001399083,0.001485482,0.001601781,0.001735959,0.001865709,0.001966452,0.002029332,0.002081355,0.002162511,0.00229767,0.002493501,0.002738186,0.00301504,0.00331091,0.003605011,0.003875951,0.004106235,0.004279682,0.004397523,0.004473562,0.00451217,0.00450943,0.00445354,0.004337861,0.004179692,0.004000466,0.003815458,0.003641286,0.003483918,0.00334645,0.003234693,0.003142548,0.003063971,0.00299776,0.002938288,0.002887921,0.002848525,0.002811024,0.002770924,0.002723844,0.002667073,0.002610086,0.002557232,0.002511976,0.002484174,0.002470609,0.002466446,0.002479237,0.002516599,0.002581519,0.002664281,0.002751963,0.002847312,0.002954587,0.003077388,0.003216351,0.003352364,0.003476956,0.003588081,0.003653574,0.003682038,0.003736829,0.003810384,0.003849786,0.003865992,0.003885406,0.003894341,0.003858577,0.003777961,0.003736297,0.003801486,0.003938257,0.004104255,0.004300287,0.004522574,0.004736777,0.004904832,0.005025676,0.005095336,0.005078406,0.005004925,0.004937219,0.004845365,0.004730468,0.004732978,0.004955227,0.00536925,0.005912846,0.006513885,0.007037764,0.007402967,0.007816237,0.008560307,0.009528665,0.010424469,0.011124233,0.011621357,0.011980553,0.012250602,0.012337301,0.012113894,0.011615752,0.010980539,0.01021918,0.009282779,0.008379236,0.007854369,0.007702852,0.007725793,0.007862761,0.008140464,0.008589164,0.00921429,0.009962813,0.010749741,0.011498461,0.012167014,0.012767266,0.013325805,0.01379866,0.014047451,0.01403354,0.013956519,0.013980792,0.014065764,0.014165647,0.014309683,0.014493989,0.014652732,0.014636995,0.014246209,0.01343867,0.012363829,0.011198958,0.010062126,0.008991296,0.007970497,0.006960032,0.005922234,0.004843399,0.003778266,0.002928646,0.00250099,0.002399561,0.002319473,0.002094329,0.00185938,0.001831159,0.001974398,0.002137161,0.002230377,0.002166761,0.001925586,0.001559898,0.001099137,0.00063088,0.000287472,9.56E-05,1.45E-05,0,4.87E-07,1.88E-07,9.79E-06,4.37E-05,8.29E-05,9.51E-05,5.99E-05,1.03E-05,0,0,7.03E-06,9.76E-06,1.51E-05,2.90E-05,5.29E-05,8.25E-05,0.00011091,0.000137498,0.000165115,0.000193188,0.000223587,0.000257843,0.00029563,0.000340366,0.000398459,0.000480252,0.00059557,0.000747205,0.000943588,0.00119454,0.001485622,0.001768324,0.001965795,0.002002677,0.001860438,0.001595406,0.001298496,0.00103757,0.000831684,0.000673982,0.000557053,0.000473774,0.000417793,0.00038075,0.000351897,0.000325622,0.000299492,0.000273157,0.000250873,0.000234053,0.000223819,0.000225092,0.00023942,0.000265431,0.000302703,0.000352401,0.000418835,0.00049764,0.000567666,0.000602081,0.000585816,0.000531061,0.000467874,0.000410995,0.000355085,0.000293523,0.000228266,0.000170416,0.000129997,0.000105804,9.13E-05,7.97E-05,6.69E-05,5.43E-05,4.31E-05,3.46E-05,3.16E-05,3.34E-05,3.87E-05,4.57E-05,5.06E-05,5.33E-05,5.32E-05,4.86E-05,4.35E-05,3.80E-05,2.54E-05,0
2671,control,0,0.00011392,0.000242282,0.000382362,0.000530878,0.000689759,0.000862884,0.001050117,0.001249358,0.001456977,0.001669603,0.001885995,0.002102918,0.002307182,0.002473398,0.002576941,0.00261599,0.002613795,0.002604044,0.002615724,0.00265398,0.00268515,0.002650121,0.002516934,0.002325099,0.002145829,0.002006852,0.001892643,0.001790252,0.001699675,0.001619159,0.001542223,0.001471078,0.001418593,0.001390169,0.001381708,0.0013925,0.001423251,0.001471089,0.001532957,0.001610642,0.00171328,0.001845665,0.001995146,0.00213625,0.002241246,0.002299479,0.002337088,0.002399519,0.002516856,0.002692481,0.002910948,0.003156584,0.003420491,0.003687565,0.003937243,0.004150108,0.00431029,0.004418312,0.004487326,0.004521627,0.004516161,0.004462463,0.004357661,0.004216661,0.004059565,0.003901586,0.003756382,0.003627464,0.003513842,0.003419092,0.003340973,0.003273798,0.003213849,0.003156407,0.003104418,0.00306285,0.003027046,0.002991737,0.002952653,0.002908039,0.002865333,0.00282886,0.002799936,0.002785323,0.002785763,0.002798677,0.002827598,0.002876362,0.002947089,0.003035233,0.003131751,0.003236072,0.003351369,0.003480091,0.003619552,0.003751572,0.003863482,0.003953404,0.004007899,0.004035226,0.004073383,0.004121711,0.004154825,0.00418029,0.004211062,0.0042381,0.004236437,0.004197214,0.004173422,0.004223421,0.004340452,0.004500036,0.004692823,0.004901014,0.005093491,0.005244896,0.005350735,0.005413817,0.00543636,0.005432644,0.005387989,0.005263389,0.005124784,0.005130906,0.005343226,0.005716189,0.00620065,0.00674558,0.007266347,0.007708523,0.008176302,0.008820738,0.009567084,0.010233234,0.010765842,0.011183866,0.011499961,0.011689652,0.011674203,0.01140446,0.010940127,0.010364294,0.00967582,0.008872878,0.00813363,0.007700508,0.007559309,0.007578041,0.007735118,0.008056553,0.008541933,0.009166899,0.009875883,0.010594863,0.011259839,0.01183781,0.012336343,0.012762802,0.013075386,0.013199242,0.013133764,0.01300955,0.012937969,0.012915965,0.012934424,0.013009148,0.013108044,0.013160892,0.013065735,0.012699612,0.01202698,0.01112189,0.010103083,0.009079637,0.008098483,0.007148093,0.006202201,0.005267508,0.004367088,0.003523278,0.002849189,0.002488929,0.002382751,0.002315012,0.002168122,0.002032206,0.002049797,0.002190366,0.00233821,0.0024363,0.002430902,0.00225215,0.001876315,0.001352207,0.00081545,0.000408852,0.000167406,5.16E-05,9.55E-06,4.66E-08,1.92E-06,1.65E-05,3.90E-05,5.48E-05,5.36E-05,3.24E-05,7.80E-06,0,0,8.35E-06,1.66E-05,2.90E-05,4.91E-05,7.63E-05,0.000107899,0.00013947,0.000169709,0.000200522,0.000232693,0.000268192,0.000309088,0.000356176,0.00041382,0.000489219,0.000591083,0.000729052,0.000910644,0.00114759,0.001449516,0.001797737,0.002133021,0.002365325,0.00240808,0.002240192,0.001930032,0.001583601,0.001276099,0.001028992,0.000836043,0.000690005,0.000583406,0.000507837,0.000454913,0.00041501,0.000381774,0.000352337,0.000325274,0.000302571,0.000285551,0.000274886,0.000274279,0.00028599,0.000310421,0.000349014,0.000403738,0.000478076,0.000568103,0.000650851,0.000693378,0.000677199,0.000616393,0.000544511,0.000477927,0.00040898,0.000330706,0.000249785,0.00018071,0.000133232,0.000105068,8.86E-05,7.66E-05,6.39E-05,5.01E-05,3.71E-05,2.64E-05,2.00E-05,1.75E-05,1.79E-05,2.07E-05,2.37E-05,2.61E-05,2.77E-05,2.72E-05,2.58E-05,2.35E-05,1.63E-05,0
2966,control,0,0.00011601,0.000248505,0.000393848,0.000547372,0.000709439,0.000882837,0.0010675,0.001262492,0.001465042,0.001672032,0.001882781,0.002095001,0.002296025,0.002460334,0.002562801,0.002601584,0.002600877,0.00259447,0.002609682,0.002650649,0.002683699,0.002649676,0.002519508,0.002338815,0.002181109,0.002068578,0.001977383,0.00188922,0.001802789,0.001719482,0.001639924,0.00157276,0.001532948,0.001524491,0.001539778,0.001574365,0.001627577,0.001697082,0.001780864,0.001881089,0.002005591,0.002158441,0.002327483,0.002484462,0.002593607,0.002636071,0.00264037,0.002668559,0.002764504,0.00292742,0.003130533,0.003355421,0.003598197,0.003848667,0.004087091,0.00429176,0.004444906,0.004547996,0.004617685,0.004660242,0.004668424,0.004630904,0.004543286,0.004419204,0.004278496,0.004136052,0.004003032,0.003879025,0.003760451,0.003654411,0.00356601,0.003491185,0.00342307,0.003356435,0.003296223,0.003249759,0.003213101,0.003178742,0.003140812,0.003097837,0.003057504,0.003024019,0.002997428,0.002984738,0.002990294,0.003013454,0.003055887,0.003117883,0.003198423,0.003292373,0.00339007,0.003490676,0.003602063,0.003730225,0.003870573,0.00400424,0.004117931,0.004208573,0.004266592,0.004301112,0.004343205,0.004389229,0.004416287,0.004435409,0.004465006,0.004498456,0.004508039,0.004478612,0.004454769,0.004496864,0.004611031,0.004777105,0.004976123,0.005181205,0.00536755,0.00552387,0.005649424,0.005739689,0.00578505,0.005789979,0.00573643,0.005579452,0.005380516,0.005316294,0.005475274,0.005815018,0.006268039,0.006771234,0.00724911,0.00765972,0.008090209,0.008658763,0.009296651,0.009854924,0.01029165,0.010621448,0.010859604,0.010994111,0.010961831,0.010716592,0.01029854,0.00977533,0.009157812,0.008452887,0.007805607,0.00741709,0.007283818,0.007301156,0.007444818,0.007721903,0.008126157,0.008643337,0.009229517,0.009820931,0.010365906,0.010839884,0.011251626,0.011611049,0.01188615,0.012013652,0.011989893,0.011922338,0.011903515,0.011926193,0.011974059,0.012056263,0.012149057,0.012190254,0.012073276,0.011678802,0.010998904,0.010129847,0.009183942,0.00824943,0.007361109,0.006509324,0.005671416,0.004845939,0.00405253,0.003325371,0.002767796,0.002487703,0.002420458,0.00238624,0.002298842,0.00225303,0.002379113,0.00263457,0.002891805,0.003079423,0.003115748,0.002889959,0.002376515,0.001677311,0.000983837,0.000466418,0.000165765,3.40E-05,1.54E-06,1.80E-06,6.67E-06,2.16E-05,4.41E-05,6.38E-05,6.85E-05,4.99E-05,1.95E-05,0,0,1.10E-05,2.24E-05,3.88E-05,6.43E-05,9.82E-05,0.000138383,0.000181469,0.000225249,0.000270353,0.000317375,0.000367935,0.000424437,0.000488262,0.000564403,0.000661647,0.000790083,0.000961189,0.001185553,0.001476419,0.001841153,0.002252498,0.002634979,0.002880937,0.002894595,0.002661678,0.00227133,0.001848778,0.001476401,0.001175337,0.0009385,0.00075908,0.000629331,0.000538525,0.000476411,0.000432351,0.000398274,0.000369913,0.000344645,0.000323052,0.000306377,0.00029594,0.000296309,0.000310854,0.000340439,0.00038707,0.00045307,0.000540576,0.000643466,0.000735039,0.000777719,0.000752445,0.000677555,0.000591165,0.00051095,0.000427671,0.000334638,0.000241858,0.000165914,0.000116134,8.88E-05,7.48E-05,6.57E-05,5.49E-05,4.13E-05,2.81E-05,1.80E-05,1.25E-05,1.01E-05,9.45E-06,1.12E-05,1.38E-05,1.64E-05,1.92E-05,2.10E-05,2.13E-05,2.02E-05,1.43E-05,0
2535,control,0,0.000100768,0.000213045,0.000335849,0.000466791,0.000608898,0.000768134,0.000946535,0.001142228,0.001350647,0.001567964,0.001792022,0.002017327,0.002228656,0.002399994,0.002507098,0.002548386,0.00254643,0.002534586,0.002543301,0.002580297,0.002613779,0.002583644,0.002452526,0.002252153,0.002050556,0.001881652,0.00174043,0.001620124,0.001520996,0.001437662,0.001356876,0.001274557,0.001201718,0.001146102,0.001108194,0.001091424,0.001098092,0.001124659,0.001165379,0.001219588,0.00129708,0.001403907,0.001527983,0.001648064,0.001745939,0.001819936,0.001893383,0.00199417,0.002137501,0.002329767,0.002567194,0.002838126,0.003128296,0.003416694,0.00368202,0.003907621,0.004079876,0.00419789,0.004270433,0.004300261,0.004285074,0.004218382,0.004097773,0.003938752,0.00376182,0.003584153,0.00342346,0.003287813,0.003179242,0.003097628,0.0030328,0.002976999,0.00292944,0.002886348,0.002848533,0.002817299,0.002786787,0.002754441,0.002718055,0.002676151,0.002635579,0.002598939,0.002567587,0.002549527,0.002544989,0.002551396,0.002572605,0.002610285,0.002665651,0.002738907,0.002828972,0.002939339,0.003068273,0.003208932,0.003354799,0.00349203,0.003613017,0.003715406,0.003783861,0.003828959,0.003891446,0.003964784,0.004009828,0.004026996,0.004035744,0.004040885,0.004032716,0.004006029,0.003996473,0.004047113,0.004161437,0.004329563,0.004533855,0.004741334,0.004925909,0.005078012,0.005202381,0.005285513,0.005289129,0.005234389,0.005174843,0.005102773,0.005039886,0.00509855,0.005352407,0.005783093,0.006339086,0.006953063,0.007528863,0.008018771,0.008551312,0.009282617,0.010129003,0.010911566,0.011551949,0.012025874,0.012366118,0.012605792,0.012670215,0.012441207,0.011919789,0.011238497,0.01047591,0.009625544,0.008808333,0.008266391,0.008045937,0.008037918,0.00819045,0.008503099,0.008989092,0.009649095,0.010427584,0.011231718,0.011981032,0.012636812,0.013210509,0.013719487,0.014121492,0.01431156,0.014267019,0.014148559,0.014106496,0.014136282,0.014199559,0.014305718,0.014455866,0.014589079,0.014540561,0.014118312,0.013314279,0.012276162,0.01114874,0.010023901,0.008936233,0.007884553,0.006836155,0.005768253,0.004717192,0.003748341,0.002973706,0.002508148,0.002297444,0.002152654,0.001946642,0.001721901,0.001598446,0.001592123,0.001643048,0.001679883,0.001612087,0.001423454,0.00116192,0.000839663,0.000499742,0.000235945,8.45E-05,2.22E-05,6.07E-06,7.75E-06,5.46E-06,5.53E-06,2.48E-05,5.55E-05,7.12E-05,5.17E-05,1.54E-05,0,0,4.50E-06,8.74E-06,1.74E-05,3.36E-05,5.71E-05,8.48E-05,0.000111511,0.000136034,0.000159798,0.000182208,0.000204983,0.000230263,0.000258945,0.000295025,0.000344178,0.000413657,0.000510596,0.000637947,0.000803063,0.001014167,0.001259449,0.001498256,0.001665777,0.001697708,0.001577604,0.001353774,0.001104086,0.000886517,0.000717766,0.000591859,0.000501076,0.000437402,0.000394095,0.000364564,0.00034068,0.000318174,0.000295836,0.000273739,0.000254808,0.000240205,0.000231255,0.000231991,0.000243478,0.000264814,0.000296151,0.000338523,0.000395407,0.000463646,0.000525154,0.000555636,0.000541221,0.000492649,0.000436574,0.000385987,0.000335376,0.000278865,0.000219571,0.000167915,0.00013181,0.000109332,9.46E-05,8.19E-05,6.78E-05,5.34E-05,4.03E-05,3.00E-05,2.49E-05,2.41E-05,2.66E-05,3.10E-05,3.38E-05,3.46E-05,3.36E-05,3.01E-05,2.61E-05,2.19E-05,1.40E-05,0
2702,control,0,0.000117445,0.000244836,0.000379321,0.000518381,0.0006652,0.000824735,0.000997284,0.001181149,0.001374311,0.00157486,0.001780286,0.001983545,0.002168479,0.002311437,0.002393807,0.002418501,0.002408389,0.002393025,0.002397046,0.002423121,0.002437638,0.002386033,0.002242415,0.002044633,0.001856765,0.001706991,0.001588457,0.001494295,0.001423333,0.001368325,0.001316364,0.001263375,0.001218081,0.001186865,0.001170152,0.001171389,0.001193684,0.001234554,0.001290092,0.001361529,0.001457352,0.001580513,0.0017166,0.001844242,0.001950057,0.002038031,0.002131067,0.002251886,0.002410151,0.002609764,0.002847745,0.003112124,0.003387617,0.003654046,0.003890787,0.004082812,0.004219718,0.004302122,0.004339093,0.004333486,0.004283978,0.004188842,0.004050322,0.00388463,0.003711967,0.003548177,0.003408621,0.003299747,0.003220337,0.003166901,0.003127927,0.003094338,0.003065776,0.003040174,0.003018017,0.003000955,0.002984309,0.00296601,0.002945905,0.002923784,0.002905637,0.002893887,0.002888359,0.002895157,0.002915046,0.002945211,0.002988247,0.003045139,0.003117764,0.003210292,0.003323451,0.003456806,0.003604232,0.003754897,0.003900928,0.004031313,0.004138165,0.004221356,0.004276127,0.004314402,0.004367569,0.00443151,0.004477216,0.004504864,0.004528861,0.004554197,0.004574522,0.00458185,0.004599827,0.004666408,0.004792067,0.004969046,0.005173409,0.005369212,0.005537413,0.005675978,0.005788179,0.005864948,0.005884156,0.005862877,0.00583528,0.005805042,0.005816748,0.005963397,0.006280094,0.006739041,0.007296894,0.007894581,0.008457546,0.008951409,0.009462532,0.010094001,0.010778879,0.011386904,0.011866555,0.012203063,0.012411054,0.012499018,0.012402108,0.012041184,0.011448186,0.010753832,0.010033379,0.009291354,0.008624822,0.008217106,0.008099087,0.008185972,0.008438638,0.008848191,0.009407225,0.010099305,0.010862245,0.011605137,0.012258075,0.012793656,0.013226766,0.013569971,0.013782124,0.0137865,0.013587737,0.013331434,0.013148414,0.013042102,0.012982406,0.012973788,0.013004994,0.013007024,0.012835607,0.012348385,0.011559304,0.010587445,0.009541354,0.008495086,0.007479085,0.006493285,0.005513651,0.004536775,0.003613278,0.002797535,0.002164925,0.001795377,0.001638644,0.001538067,0.001386827,0.001210962,0.001104129,0.001092497,0.001139458,0.001186871,0.001159665,0.0010385,0.00085209,0.000608706,0.000347661,0.000150628,5.00E-05,1.22E-05,5.01E-06,1.29E-05,1.42E-05,1.57E-05,3.07E-05,5.21E-05,6.21E-05,4.60E-05,1.65E-05,0,0,7.01E-06,1.48E-05,2.70E-05,4.57E-05,6.96E-05,9.67E-05,0.000123286,0.000147985,0.000172361,0.000195991,0.000220018,0.000246578,0.000276253,0.00031276,0.000361542,0.000428014,0.000518375,0.000636348,0.000788405,0.000981108,0.001201946,0.001412074,0.001553074,0.001568554,0.001446966,0.001235816,0.001005903,0.00080807,0.000656167,0.000543459,0.000462625,0.000406271,0.000367784,0.000342107,0.000322504,0.000304846,0.000288194,0.000271915,0.000257824,0.000246929,0.000239681,0.000239423,0.000247668,0.000264219,0.000290309,0.000327135,0.000377443,0.000438846,0.000494497,0.000521484,0.000507593,0.000462794,0.000410996,0.000363173,0.000313261,0.000257017,0.000199068,0.000149307,0.000115199,9.48E-05,8.24E-05,7.29E-05,6.27E-05,5.20E-05,4.24E-05,3.39E-05,2.81E-05,2.48E-05,2.32E-05,2.28E-05,2.17E-05,1.97E-05,1.78E-05,1.52E-05,1.34E-05,1.27E-05,9.01E-06,0
2695,control,0,0.000113906,0.000240956,0.000378743,0.000523813,0.000678046,0.000846549,0.001031176,0.001230649,0.001441443,0.001660395,0.001885336,0.002110586,0.002321024,0.002491552,0.002599083,0.002642213,0.002642933,0.002633691,0.002643742,0.002679718,0.002709242,0.002673363,0.002537265,0.002334032,0.00213186,0.001965075,0.0018287,0.001715469,0.001624932,0.001551004,0.001480471,0.00140867,0.001344808,0.001295754,0.001262109,0.001247699,0.001255848,0.001283789,0.001326435,0.001384053,0.001466319,0.001578567,0.001708087,0.001833017,0.001936102,0.002017289,0.002099191,0.002207345,0.00235534,0.002549704,0.002787682,0.003057457,0.003344188,0.003627406,0.003886351,0.004104917,0.004270147,0.004380992,0.004445991,0.004467597,0.004443546,0.004369375,0.004244321,0.004083442,0.003907092,0.003732516,0.003577065,0.003448739,0.003348398,0.003274559,0.003216964,0.003167408,0.003124884,0.003086058,0.00305149,0.003022913,0.002995268,0.002965855,0.002932712,0.002894094,0.002855886,0.002821268,0.002792054,0.002775844,0.002773024,0.002780479,0.002801633,0.002839321,0.002895498,0.002970261,0.003061862,0.003172232,0.003299153,0.003436764,0.003579382,0.00371276,0.003827818,0.00392402,0.003990685,0.00403516,0.004089447,0.004150739,0.004191695,0.004212157,0.004222844,0.004226103,0.004214738,0.004185428,0.004172871,0.004217501,0.004321315,0.00447584,0.004668996,0.004870598,0.005048927,0.005187041,0.00528534,0.005342047,0.005346972,0.005316998,0.005266368,0.005182821,0.005120936,0.005195936,0.005449141,0.005850374,0.006364368,0.006941496,0.007500371,0.007993546,0.008517851,0.009201193,0.00996942,0.010666629,0.011243236,0.011699385,0.01204469,0.012268975,0.012299095,0.012063255,0.011587149,0.010963353,0.010234229,0.009410092,0.008634039,0.008128974,0.007915568,0.007892212,0.008031108,0.008344023,0.008831435,0.009476581,0.010223581,0.010989205,0.011699921,0.012318734,0.012853715,0.013314035,0.013659898,0.013814422,0.013769994,0.013656514,0.013596188,0.013594764,0.013635655,0.013726893,0.01384821,0.013936534,0.013866552,0.01348894,0.012777269,0.01182646,0.010759393,0.009677679,0.00862399,0.007592306,0.006555012,0.005514577,0.004513671,0.003591186,0.002840561,0.002382553,0.00217311,0.002028882,0.001830061,0.001616941,0.001492894,0.001463266,0.001472138,0.001472545,0.001409149,0.001260818,0.001041937,0.000757193,0.000453122,0.000214348,7.20E-05,8.82E-06,0,5.22E-08,3.58E-08,5.02E-06,2.13E-05,3.94E-05,4.50E-05,2.99E-05,7.35E-06,0,0,4.28E-06,9.32E-06,1.86E-05,3.48E-05,5.69E-05,8.18E-05,0.000104784,0.000124714,0.000143004,0.000159995,0.000177935,0.000198959,0.000223738,0.000255767,0.000300254,0.000363503,0.00045179,0.000568226,0.000720072,0.000915959,0.00114687,0.001376897,0.001546651,0.001594442,0.001500155,0.001304703,0.001079534,0.000879919,0.000723552,0.000606178,0.000520773,0.000459705,0.00041658,0.000385769,0.000360391,0.00033653,0.000312996,0.000289933,0.000270161,0.000254974,0.000245302,0.000244358,0.00025314,0.000271221,0.000299187,0.000338143,0.000391206,0.000455966,0.000516089,0.000548154,0.000537838,0.000494334,0.000442664,0.000395636,0.000348178,0.00029456,0.000237837,0.000187868,0.000152152,0.000129255,0.000113785,0.000100325,8.54E-05,7.00E-05,5.55E-05,4.35E-05,3.62E-05,3.32E-05,3.36E-05,3.61E-05,3.80E-05,3.84E-05,3.75E-05,3.42E-05,2.98E-05,2.44E-05,1.51E-05,0
2255,control,0,7.17E-05,0.000151358,0.000244657,0.000352157,0.000482247,0.000647941,0.0008532,0.001089309,0.001340871,0.001596127,0.001850303,0.00210023,0.002335036,0.002525563,0.002636901,0.002664199,0.002639807,0.00261042,0.002614322,0.0026606,0.002714914,0.002707527,0.002589553,0.002395276,0.002200697,0.002033597,0.001878011,0.001724228,0.001575555,0.001432828,0.001289655,0.001152531,0.001044696,0.000975829,0.000942034,0.000943927,0.000977981,0.001033885,0.001100269,0.001170823,0.00125591,0.001366072,0.001492827,0.001615702,0.001702508,0.001732955,0.001737588,0.001774499,0.001884,0.002072815,0.002317452,0.002595021,0.002894807,0.003197021,0.003479449,0.00372274,0.003908574,0.004040505,0.004136265,0.004203798,0.004240867,0.004227794,0.004148091,0.00401676,0.003853862,0.003673705,0.003491981,0.003310037,0.003133598,0.002978007,0.002842765,0.00272689,0.002631731,0.002549163,0.002480876,0.002426884,0.002375136,0.002320769,0.002256987,0.002181467,0.002107676,0.002034942,0.001960845,0.001901023,0.001864049,0.0018582,0.001889712,0.001937663,0.001983782,0.002031165,0.002088176,0.002170886,0.002285542,0.002416245,0.002549343,0.002683565,0.002821971,0.00294576,0.00302152,0.003085739,0.003215425,0.003365279,0.003418547,0.003375119,0.00331478,0.003279303,0.003267717,0.003258969,0.003248978,0.003273168,0.003386421,0.0036118,0.003873544,0.004074561,0.004234665,0.004437934,0.004739849,0.005034184,0.005046949,0.004797695,0.004627749,0.004572202,0.004393733,0.004164185,0.004222554,0.004679684,0.005363759,0.00606261,0.00660314,0.006968949,0.007448954,0.00828833,0.009370023,0.010494164,0.011431477,0.011941832,0.012196027,0.012564761,0.013011484,0.013076687,0.012475459,0.011566446,0.01077262,0.010017742,0.009119676,0.0082994,0.007864035,0.007794739,0.007882302,0.007983614,0.008186637,0.008647631,0.009345622,0.010139187,0.010913644,0.011625029,0.012308788,0.013045442,0.013800907,0.014295879,0.014362594,0.014300145,0.014436478,0.014727044,0.014980433,0.01519852,0.015569209,0.016097116,0.01633865,0.015787303,0.014592322,0.013287927,0.012130674,0.011078104,0.010068179,0.009146158,0.008266401,0.00721901,0.006015884,0.004948587,0.00419446,0.003704563,0.003380213,0.003153304,0.002937763,0.002724599,0.00264515,0.002809248,0.003201589,0.003585941,0.003569735,0.003105197,0.002468522,0.001771579,0.001055308,0.000479229,0.000138072,1.97E-05,6.73E-05,0.000139919,9.42E-05,6.87E-06,8.87E-06,0.00011764,0.000219613,0.000194497,7.54E-05,0,0,4.12E-06,6.85E-06,1.42E-05,3.06E-05,5.74E-05,9.27E-05,0.00013053,0.000170387,0.00021191,0.000249147,0.000283668,0.000320151,0.000362186,0.000416561,0.000490959,0.000598078,0.000750148,0.000950915,0.001213127,0.001549321,0.00193901,0.002317085,0.002579827,0.002628207,0.00244093,0.002092302,0.001700871,0.001355046,0.001079709,0.000868084,0.000711918,0.000601475,0.000527738,0.000477601,0.000435725,0.000395385,0.000354201,0.000312876,0.000276971,0.000248273,0.000231204,0.000233705,0.000256572,0.000296766,0.000351406,0.000419574,0.000506184,0.000605024,0.000689787,0.000728354,0.000702444,0.00062815,0.000544547,0.000471493,0.000403927,0.000332442,0.000256957,0.000190758,0.000145296,0.000116988,9.73E-05,7.81E-05,5.56E-05,3.30E-05,1.32E-05,1.34E-06,6.07E-08,3.59E-06,1.14E-05,2.05E-05,2.51E-05,2.52E-05,2.12E-05,1.28E-05,7.42E-06,5.62E-06,3.15E-06,0
2835,control,0,0.000138979,0.000291409,0.000453595,0.000620517,0.000793806,0.000978476,0.001174271,0.001377272,0.001583018,0.00178857,0.0019903,0.002178982,0.00233833,0.002448497,0.002497468,0.002495641,0.00247091,0.002452043,0.002457142,0.002479007,0.002476165,0.002396309,0.002227395,0.002020757,0.00184113,0.00170839,0.001610516,0.001539643,0.001492412,0.001459679,0.001429652,0.00140081,0.001384042,0.001386004,0.001405876,0.001445554,0.001505841,0.001583049,0.001674737,0.001782655,0.001912959,0.002065554,0.002224066,0.002367847,0.002485779,0.002583438,0.002686472,0.002821419,0.002998177,0.003215326,0.003462542,0.003723666,0.003983049,0.004221333,0.004420156,0.004567762,0.004656218,0.00468998,0.004683038,0.004640213,0.004560064,0.004441031,0.004286387,0.004114627,0.003946594,0.003795425,0.003673224,0.003582422,0.003518534,0.003479612,0.003456518,0.003439531,0.00342767,0.003419758,0.003417856,0.003423595,0.003429608,0.003432624,0.00343356,0.003432744,0.003436816,0.003448401,0.003467328,0.00350078,0.003548187,0.003603838,0.003671486,0.003755743,0.003859294,0.003982118,0.004118374,0.004264547,0.004416501,0.004567487,0.004711929,0.004838077,0.004940708,0.005024358,0.005080604,0.005118661,0.00517523,0.005242462,0.005285495,0.005315083,0.005353565,0.005395233,0.005419444,0.00542155,0.005449493,0.00555132,0.005712212,0.005900799,0.006098419,0.006286685,0.0064523,0.006586434,0.006690348,0.00676028,0.0067727,0.006746554,0.006736155,0.006755186,0.006829314,0.007030567,0.007385737,0.007859207,0.008399065,0.008940928,0.009399336,0.009731563,0.010054943,0.010523401,0.011065354,0.011507908,0.011784536,0.01189416,0.011878238,0.011769811,0.011513774,0.011048048,0.010436378,0.009807936,0.009193925,0.008571859,0.008057984,0.007841366,0.007905452,0.008126775,0.008457683,0.008880467,0.009380842,0.009946871,0.010525238,0.011044115,0.011460521,0.011764349,0.011977684,0.012125089,0.012179372,0.012066913,0.011796583,0.011521172,0.011349928,0.011242627,0.011149242,0.011079495,0.011021259,0.010904575,0.010604134,0.010008853,0.009160647,0.008196248,0.007221992,0.006293932,0.005423379,0.004597931,0.003794974,0.002998674,0.002222613,0.00152292,0.001024834,0.000824893,0.00082976,0.0008361,0.000736688,0.000617909,0.000620582,0.000738096,0.000885903,0.000992175,0.00097708,0.000832797,0.000622897,0.000383087,0.000162889,3.82E-05,1.42E-06,1.38E-06,1.08E-05,3.36E-05,4.77E-05,5.95E-05,8.27E-05,0.000108559,0.000115224,8.42E-05,3.30E-05,0,0,1.34E-05,2.35E-05,3.59E-05,5.59E-05,8.32E-05,0.000115827,0.000150245,0.000184871,0.000221219,0.000257816,0.00029453,0.000332698,0.000370975,0.000411465,0.000459772,0.000521972,0.000604952,0.000710899,0.000841645,0.00099836,0.001164202,0.001301248,0.001362478,0.001311925,0.001156968,0.000948219,0.000742704,0.000575107,0.000450529,0.000360187,0.000298678,0.000260459,0.000239432,0.000231346,0.000229748,0.000229879,0.000229962,0.000227976,0.000224948,0.000221575,0.000218094,0.000219205,0.00022767,0.00024279,0.00026599,0.000298463,0.000341087,0.000389528,0.000427778,0.00043868,0.000416858,0.00037274,0.000325123,0.000280717,0.000234219,0.000185154,0.000138425,0.000100654,7.79E-05,6.83E-05,6.59E-05,6.60E-05,6.43E-05,6.12E-05,5.84E-05,5.52E-05,5.24E-05,4.89E-05,4.42E-05,3.97E-05,3.50E-05,3.03E-05,2.70E-05,2.39E-05,2.24E-05,2.18E-05,1.60E-05,0
2355,control,0,0.0001153,0.000242833,0.000378938,0.000520901,0.000671613,0.000835408,0.001012891,0.001203665,0.001405935,0.001616766,0.001834444,0.002055551,0.002266488,0.002440888,0.002552412,0.002596728,0.002595444,0.002582478,0.002588593,0.002622192,0.002652334,0.002619653,0.002489552,0.002299207,0.002119812,0.001980342,0.001865178,0.001760292,0.00166538,0.001579213,0.001496336,0.001419557,0.001361115,0.001325811,0.001309492,0.001311753,0.001334301,0.001374817,0.001429895,0.00150138,0.001598735,0.001727039,0.001874051,0.002013974,0.002117976,0.002173997,0.002206852,0.002262183,0.002371893,0.002541058,0.002755014,0.002998281,0.003262451,0.003533109,0.003789125,0.004009926,0.004179036,0.004295963,0.004372635,0.004412977,0.004412254,0.004362801,0.004261905,0.004123337,0.003966843,0.003808635,0.003662958,0.003533646,0.003419648,0.003323586,0.003242791,0.003171924,0.003107425,0.003044486,0.002985644,0.002936131,0.002892533,0.00285007,0.002804392,0.002753894,0.002705794,0.00266388,0.002628349,0.002605459,0.002598427,0.00260756,0.0026349,0.0026789,0.002739155,0.002815627,0.002904692,0.00300696,0.003124015,0.003254175,0.003392473,0.00352381,0.003635133,0.003722095,0.00377694,0.003810043,0.00385147,0.00390013,0.003934037,0.003954814,0.003973537,0.003991882,0.00399673,0.003974503,0.003953761,0.003983868,0.004082572,0.004243992,0.004446024,0.004651553,0.004833444,0.004983371,0.005102057,0.005183541,0.005219552,0.005220265,0.005170483,0.005031427,0.004869491,0.004845764,0.005032964,0.005396909,0.005886531,0.006446039,0.007003787,0.007520369,0.008068742,0.008744086,0.009481978,0.010156216,0.010728927,0.011200139,0.011569407,0.011814148,0.011861113,0.011643637,0.011186044,0.01057868,0.009871577,0.009081071,0.008333114,0.007830068,0.007602375,0.007565921,0.007698449,0.008013825,0.008511075,0.009168132,0.009926617,0.010703545,0.011426099,0.012058063,0.012606316,0.013074496,0.013418518,0.013568095,0.013520053,0.013392966,0.01330565,0.01327816,0.013303714,0.013390277,0.013515806,0.013614376,0.013562336,0.013221516,0.012568517,0.011684101,0.010677595,0.009648042,0.008642094,0.007658365,0.006672724,0.005694367,0.004774247,0.003945356,0.003274786,0.002860938,0.002671309,0.002553943,0.002409063,0.002276457,0.002253978,0.002340965,0.002463611,0.002564898,0.002575296,0.002409992,0.002035129,0.001498423,0.000933335,0.000484649,0.000201459,5.68E-05,7.49E-06,0,0,3.56E-06,1.72E-05,3.15E-05,3.54E-05,2.31E-05,5.99E-06,0,0,5.53E-06,1.45E-05,2.98E-05,5.27E-05,8.16E-05,0.000113629,0.000144558,0.000172846,0.000199759,0.000226233,0.000255498,0.000290803,0.00033421,0.000391415,0.000469864,0.000577413,0.000723062,0.000915455,0.001168553,0.001493281,0.001871071,0.002240831,0.002506546,0.002572703,0.002411834,0.002093467,0.001730703,0.00140557,0.001143164,0.000938448,0.000783179,0.000668284,0.000584787,0.000523936,0.000475745,0.00043402,0.000396309,0.000361895,0.00033334,0.000312225,0.000299418,0.000298192,0.000310315,0.000336569,0.000378319,0.000436841,0.000515739,0.000611768,0.000701568,0.000749584,0.00073438,0.000670396,0.000594134,0.000523853,0.000451511,0.000369015,0.000283277,0.000209934,0.000158632,0.000126451,0.000105603,8.88E-05,7.10E-05,5.22E-05,3.44E-05,1.99E-05,1.14E-05,8.37E-06,8.98E-06,1.22E-05,1.57E-05,1.87E-05,2.07E-05,2.01E-05,1.82E-05,1.57E-05,1.01E-05,0
3335,control,0,0.000121017,0.000257402,0.000406005,0.000563458,0.00073277,0.000918866,0.001121003,0.001335541,0.001557562,0.001782551,0.002008822,0.002234258,0.0024472,0.002621463,0.002729057,0.002766172,0.002758159,0.002742635,0.002751139,0.002788942,0.002820287,0.002782758,0.002643037,0.002444456,0.002263254,0.002126091,0.002011885,0.001904356,0.001803845,0.001710507,0.001620348,0.001538788,0.001481419,0.001453685,0.00144955,0.001466806,0.001505185,0.0015609,0.001630542,0.001716066,0.001827006,0.001968608,0.002128313,0.00227879,0.002386602,0.002435248,0.00245264,0.002494123,0.002599143,0.002771923,0.00299085,0.003236073,0.003499799,0.003768559,0.004021253,0.004236471,0.00439672,0.00450381,0.004574116,0.004613626,0.004616526,0.004571963,0.004474836,0.004339452,0.004185777,0.004028323,0.003879349,0.003740091,0.003609257,0.003493862,0.003395552,0.00331043,0.003234636,0.003162616,0.003097531,0.003045022,0.003000069,0.002956019,0.0029069,0.002850621,0.002795958,0.002747756,0.002707081,0.002681584,0.00267396,0.002683844,0.002714937,0.002767679,0.002840964,0.002929271,0.003022557,0.00312024,0.00322758,0.003348396,0.003480743,0.003607969,0.003717011,0.003802752,0.003850618,0.003872833,0.00391112,0.003961363,0.003991947,0.004011001,0.004036391,0.004060678,0.004057331,0.004014451,0.003982488,0.004022726,0.004135994,0.004301161,0.004502127,0.004712904,0.004905488,0.00506425,0.005190554,0.005279736,0.005313168,0.005300694,0.00524389,0.005099517,0.004913227,0.004855004,0.005021926,0.005380323,0.005865826,0.00641105,0.006923129,0.007349871,0.007807677,0.008454093,0.009214117,0.009907923,0.010472051,0.010906803,0.011231746,0.011446302,0.011474426,0.011239361,0.010775879,0.010184636,0.009495288,0.008702834,0.007957412,0.007495411,0.007326853,0.007332858,0.007481394,0.007785879,0.008250945,0.008865613,0.009577269,0.01030579,0.01098228,0.011572672,0.012086433,0.012536241,0.012879642,0.013023751,0.012953112,0.012810974,0.012728752,0.012706355,0.012725445,0.012802431,0.012921369,0.013017777,0.012967167,0.012619588,0.011948646,0.011056743,0.010069684,0.009084195,0.00813817,0.007224307,0.006318602,0.005413897,0.004529038,0.003704146,0.003056511,0.002711836,0.002604761,0.002535054,0.002397134,0.002285031,0.002345304,0.002548824,0.002774562,0.002949458,0.002987554,0.00279114,0.00233752,0.001697347,0.001036131,0.000524725,0.000210655,5.45E-05,4.79E-06,3.56E-07,2.81E-07,5.41E-06,2.35E-05,4.52E-05,5.28E-05,3.46E-05,7.33E-06,0,0,8.90E-06,1.82E-05,3.21E-05,5.38E-05,8.25E-05,0.00011541,0.000147955,0.000179082,0.000210815,0.000244022,0.000281317,0.000325476,0.000377915,0.000443571,0.000530352,0.000648123,0.000807811,0.001018731,0.001295659,0.001650252,0.002061519,0.002461337,0.002744594,0.002809016,0.002627047,0.00227526,0.001876099,0.00151765,0.001226355,0.00099656,0.000820602,0.000690413,0.000596705,0.000529601,0.000478025,0.000434594,0.000395697,0.000359949,0.000330105,0.000308029,0.000294543,0.000293261,0.000306468,0.000334824,0.000379668,0.000442674,0.000527534,0.00063004,0.000724853,0.000774504,0.000757203,0.00068872,0.000607488,0.000532655,0.000455897,0.00036874,0.000278041,0.000200064,0.000145955,0.00011336,9.37E-05,7.88E-05,6.32E-05,4.66E-05,3.11E-05,1.87E-05,1.19E-05,1.00E-05,1.11E-05,1.46E-05,1.83E-05,2.16E-05,2.37E-05,2.31E-05,2.18E-05,2.02E-05,1.42E-05,0
3322,control,0,0.000122242,0.00025887,0.00040759,0.000564622,0.000732553,0.000916871,0.00111728,0.001329325,0.001547438,0.001767747,0.00198764,0.002200896,0.002392821,0.002539589,0.002620587,0.002639523,0.00262386,0.002607484,0.002616076,0.002649317,0.002668232,0.002613413,0.002458916,0.002249629,0.002056352,0.001905565,0.001784854,0.001684681,0.001603951,0.001536726,0.001471928,0.001408923,0.001360976,0.001335663,0.00133124,0.001348735,0.001388698,0.001447004,0.001519575,0.001607275,0.001718524,0.001856753,0.002007691,0.002148493,0.002259912,0.002339707,0.002413999,0.002517845,0.00267086,0.002875522,0.003119944,0.003387494,0.003664161,0.003930827,0.00416694,0.004356325,0.004486901,0.004561714,0.004595071,0.004592379,0.004550686,0.004463641,0.004330222,0.004167242,0.003995338,0.003829156,0.003682669,0.003559681,0.003458763,0.003381687,0.00332222,0.003272652,0.003231439,0.003195607,0.003166883,0.003147198,0.003129596,0.003109767,0.003085632,0.00305648,0.003030143,0.003010108,0.002997269,0.002999618,0.003017496,0.003047295,0.003093402,0.003159133,0.003245449,0.003349778,0.00346554,0.003591613,0.003726969,0.003867804,0.004009197,0.004137726,0.004246442,0.004334709,0.004388466,0.004420827,0.004476527,0.004546481,0.004588476,0.004610863,0.004638536,0.004666815,0.004673274,0.004652334,0.004654011,0.004730251,0.004871718,0.005053089,0.005257351,0.00546094,0.005643485,0.00579515,0.005920981,0.006011142,0.006025553,0.005981696,0.005942161,0.005906277,0.005885473,0.005981841,0.006267518,0.006718937,0.007273722,0.00785566,0.008362151,0.00874327,0.009142715,0.009741735,0.010457671,0.011092711,0.011561382,0.011847223,0.011995287,0.012050018,0.011945819,0.011585102,0.011002496,0.010338092,0.009645067,0.008901351,0.008230904,0.007860797,0.007802019,0.007928161,0.008183999,0.008556355,0.009046852,0.009658066,0.010338439,0.011002015,0.011584513,0.012061528,0.01245113,0.012779262,0.0130107,0.013040462,0.012853875,0.01262427,0.012495063,0.01243964,0.012408086,0.01241317,0.012455168,0.012469764,0.012305483,0.011797503,0.010961356,0.009955723,0.008915578,0.007910465,0.006957679,0.006049632,0.00516041,0.004261089,0.003361169,0.002529226,0.001907391,0.001609127,0.001542744,0.001492561,0.001343968,0.001189112,0.001181879,0.00131311,0.001487107,0.001621467,0.001614874,0.00143743,0.001145095,0.000778915,0.000411856,0.00015133,2.74E-05,0,2.75E-07,1.17E-05,1.38E-05,1.71E-05,4.07E-05,7.59E-05,9.37E-05,6.98E-05,2.34E-05,0,0,9.52E-06,1.65E-05,2.61E-05,4.36E-05,6.88E-05,9.94E-05,0.000130883,0.000161882,0.000194348,0.000227682,0.000262323,0.000299803,0.000339958,0.000385619,0.000442961,0.000519991,0.000625004,0.000761869,0.000936644,0.00115487,0.00140012,0.001625803,0.001765515,0.001760305,0.001603753,0.001352719,0.001085822,0.000856776,0.000678724,0.000543942,0.000445756,0.000377797,0.00033306,0.00030513,0.000286088,0.000270431,0.000255778,0.000240858,0.00022765,0.000217319,0.000210545,0.000211441,0.000222212,0.000242299,0.000272618,0.000314574,0.000370296,0.000435511,0.000491631,0.000515303,0.000495671,0.000444777,0.000387727,0.000335516,0.000282056,0.000223369,0.000163963,0.000113415,7.98E-05,6.19E-05,5.30E-05,4.76E-05,4.13E-05,3.42E-05,2.81E-05,2.36E-05,2.14E-05,2.08E-05,2.11E-05,2.25E-05,2.29E-05,2.21E-05,2.10E-05,1.90E-05,1.82E-05,1.85E-05,1.41E-05,0
3458,control,0,0.000127975,0.000272875,0.000432139,0.000600502,0.000779264,0.000973033,0.001181351,0.001399462,0.001619681,0.001836064,0.002045874,0.002243795,0.002416409,0.002541435,0.002600535,0.002601003,0.00257369,0.002553188,0.00256202,0.002594061,0.002605968,0.00253943,0.002378051,0.002180848,0.002022038,0.001914763,0.001830917,0.001753394,0.001679934,0.00160948,0.001541255,0.00148593,0.001463468,0.001479425,0.00152518,0.00159529,0.0016849,0.001788576,0.001905474,0.00203757,0.002190768,0.002366494,0.002550263,0.002716255,0.002832107,0.002880442,0.002894028,0.002938519,0.003056375,0.003242075,0.003461767,0.003692448,0.003929308,0.00416058,0.004367966,0.004533751,0.004642142,0.004699024,0.004726242,0.004731407,0.004707767,0.004642474,0.004530625,0.00439106,0.004245472,0.00410512,0.003978634,0.003862021,0.003750251,0.003652936,0.003574737,0.003510867,0.003455287,0.003402713,0.00336035,0.003334904,0.003317315,0.003299861,0.003278335,0.003251901,0.003230934,0.003219452,0.003217359,0.003233042,0.003266031,0.003311599,0.003375015,0.003462076,0.003574593,0.003701824,0.003824825,0.003940917,0.004059581,0.004190672,0.004334301,0.004469592,0.004586951,0.004687782,0.004746952,0.004772179,0.004819911,0.004881076,0.004910163,0.004932258,0.004982689,0.005039582,0.005050293,0.005002811,0.004986909,0.005086171,0.005264913,0.005461797,0.00566411,0.005874357,0.00607759,0.006248146,0.006381844,0.006473362,0.00649355,0.006464491,0.006428724,0.006347162,0.006228767,0.006231862,0.0064624,0.006871799,0.007370774,0.007878133,0.00827919,0.008507768,0.008742003,0.009231334,0.00988432,0.010434446,0.010775883,0.010921581,0.010948623,0.010912622,0.010742309,0.010357161,0.009832274,0.00929225,0.008712925,0.008033606,0.007437916,0.00720748,0.007293332,0.007496617,0.007756997,0.008081566,0.008478182,0.00894438,0.009434781,0.009893884,0.010289132,0.010608752,0.010873258,0.011113033,0.01130047,0.011336149,0.011209291,0.011089993,0.011087181,0.011125789,0.011147675,0.011179274,0.011208761,0.011163582,0.010923016,0.010362322,0.009505292,0.008504191,0.007499135,0.006570407,0.005735169,0.004970823,0.004244762,0.003519952,0.002765206,0.00203072,0.001513735,0.001382186,0.001515579,0.001621352,0.001571887,0.001546622,0.001779047,0.00219961,0.002602076,0.00287326,0.002906738,0.002624794,0.002069596,0.001361906,0.000697052,0.000254886,5.42E-05,1.02E-06,4.46E-06,1.94E-05,3.67E-05,6.50E-05,0.000108204,0.000146956,0.000152482,0.000105656,3.70E-05,0,0,1.84E-05,3.09E-05,4.65E-05,7.33E-05,0.000112467,0.000161446,0.000215241,0.000271949,0.000333044,0.000396676,0.000463256,0.000534469,0.000609322,0.000692137,0.000792406,0.000922038,0.001094459,0.001317518,0.001600043,0.001944725,0.002317326,0.002639462,0.002809384,0.002746645,0.002458033,0.002042716,0.001619557,0.001259836,0.000975248,0.000753912,0.000589753,0.000476278,0.00040389,0.000362115,0.00033779,0.000322,0.000310139,0.000298228,0.00028728,0.000277995,0.000271372,0.000274764,0.000292808,0.000325053,0.000372951,0.000438403,0.000523231,0.000619084,0.000697229,0.000724562,0.000688624,0.000609182,0.000521786,0.000440471,0.000356618,0.000267236,0.000181598,0.000113709,7.29E-05,5.50E-05,5.04E-05,5.05E-05,4.83E-05,4.33E-05,3.83E-05,3.46E-05,3.36E-05,3.33E-05,3.24E-05,3.23E-05,3.27E-05,3.33E-05,3.46E-05,3.44E-05,3.43E-05,3.39E-05,2.49E-05,0
3320,control,0,0.000128759,0.000272705,0.000428496,0.000591688,0.0007639,0.000949612,0.001148511,0.00135721,0.001571216,0.001787104,0.002002571,0.002211897,0.00240072,0.00254589,0.002627664,0.002649298,0.002636684,0.002622401,0.00263141,0.002663193,0.002679418,0.002622551,0.002468783,0.0022638,0.002077929,0.001936488,0.00182521,0.001733075,0.001658681,0.001596914,0.001538506,0.001483752,0.001444864,0.001428034,0.001430625,0.001453154,0.001496409,0.001557,0.001632032,0.001723365,0.001839091,0.001982021,0.002137642,0.002282097,0.002394429,0.002470997,0.002538183,0.002633632,0.002779005,0.002976029,0.003211365,0.003468455,0.003734879,0.003993295,0.004223891,0.004410443,0.004540325,0.004615917,0.004651243,0.004651021,0.004611649,0.004527494,0.004398191,0.00424036,0.004074721,0.003915694,0.003776385,0.003659904,0.003563805,0.003489555,0.003432071,0.00338388,0.003342508,0.003304709,0.00327295,0.003250718,0.003231951,0.00321197,0.003188505,0.003160446,0.003134947,0.003115993,0.00310479,0.003108629,0.003127356,0.003156543,0.003200184,0.003263553,0.003349365,0.003453773,0.003567702,0.003688942,0.003817952,0.003954453,0.004095407,0.004224703,0.004332492,0.004420019,0.004475002,0.004505313,0.00454931,0.004603834,0.004639978,0.004667419,0.004701952,0.004733495,0.004737206,0.004707627,0.004701089,0.004773511,0.004909745,0.00507934,0.00527257,0.005474707,0.005659165,0.005802535,0.00590149,0.005959854,0.005974781,0.005962454,0.005931332,0.005862965,0.005811517,0.005901841,0.006175995,0.006589109,0.007093556,0.007635429,0.008127149,0.008514794,0.008912067,0.009481629,0.010148354,0.010723508,0.011148755,0.011441616,0.0116252,0.011691599,0.011569543,0.011212507,0.010690858,0.010100008,0.00943817,0.008694618,0.008037837,0.007697569,0.007647741,0.007750849,0.007978154,0.008342204,0.008835548,0.009436286,0.01008973,0.010724222,0.011285149,0.011748612,0.012127727,0.012436826,0.012640294,0.012664463,0.012513578,0.012327519,0.012214573,0.012154518,0.012124363,0.012139145,0.012170127,0.012145772,0.011962529,0.011507546,0.010769611,0.009840446,0.008834782,0.007845339,0.006906162,0.006002451,0.005109729,0.004228707,0.003374102,0.002576648,0.001962732,0.001671046,0.001623746,0.001594038,0.001464803,0.001335125,0.001354569,0.001494766,0.001644797,0.001745144,0.001738597,0.00158194,0.001283658,0.000885268,0.000488051,0.000207017,6.54E-05,1.31E-05,6.85E-07,5.80E-06,1.26E-05,2.91E-05,5.32E-05,7.25E-05,7.33E-05,4.82E-05,1.47E-05,0,0,1.10E-05,2.00E-05,3.20E-05,5.15E-05,7.82E-05,0.000109542,0.000141296,0.000172179,0.000204151,0.000237255,0.000272643,0.000311965,0.00035488,0.000404474,0.000467169,0.000550717,0.00066364,0.000811036,0.001000368,0.001238013,0.001506872,0.001757729,0.001919616,0.001927507,0.001771153,0.001509582,0.001226973,0.000981381,0.000787836,0.000639354,0.000529608,0.000452093,0.000399504,0.000365313,0.000341374,0.000321985,0.000304604,0.000287572,0.000272648,0.00026101,0.000253073,0.000252845,0.000262782,0.000282814,0.000314386,0.000359201,0.000419643,0.000491661,0.000555477,0.000585015,0.000567251,0.000514419,0.000453614,0.000397182,0.000338617,0.000273615,0.000207797,0.00015213,0.000114986,9.45E-05,8.39E-05,7.69E-05,6.88E-05,5.94E-05,5.06E-05,4.30E-05,3.77E-05,3.45E-05,3.26E-05,3.23E-05,3.20E-05,3.15E-05,3.10E-05,2.93E-05,2.75E-05,2.54E-05,1.78E-05,0
3128,control,0,0.000112308,0.00024184,0.000385896,0.000540322,0.000706639,0.000889011,0.00108739,0.001299042,0.001518863,0.001742163,0.001968125,0.002195802,0.002413965,0.002595718,0.002711565,0.00275644,0.00275532,0.002746038,0.002760571,0.002805447,0.002846295,0.002819698,0.002689985,0.002500343,0.002328272,0.002199695,0.002090937,0.001983592,0.001877885,0.001776202,0.001677917,0.001591163,0.001532702,0.001507633,0.001508418,0.001530998,0.001574242,0.001634606,0.001708778,0.001798209,0.001912062,0.002056272,0.002219481,0.00237316,0.00247875,0.002514474,0.002509471,0.002528145,0.002617424,0.00277962,0.002988012,0.003222705,0.003479042,0.003745728,0.00400211,0.004225357,0.004396034,0.004515459,0.004600943,0.004659058,0.0046824,0.004657171,0.004576184,0.004452856,0.004307146,0.004154012,0.004005433,0.003861671,0.00372134,0.003593949,0.003485082,0.003391837,0.003308275,0.003228102,0.003155737,0.003098001,0.00305004,0.003003986,0.002952513,0.002893224,0.002834867,0.002782269,0.002736658,0.00270627,0.002694805,0.002702026,0.002731065,0.002782524,0.002854683,0.002939664,0.003025769,0.003113589,0.003212646,0.003330947,0.003466136,0.003598829,0.003715423,0.003810483,0.003867493,0.003896845,0.003939016,0.003989119,0.004016133,0.004030785,0.004053645,0.004076244,0.004067982,0.004015886,0.003974315,0.004008192,0.004117579,0.004279603,0.004479606,0.004693112,0.004890597,0.005055139,0.005187554,0.005281965,0.005318348,0.005303712,0.005233494,0.005055756,0.004816483,0.004703553,0.004829548,0.005158786,0.005619535,0.006142286,0.006633743,0.007040978,0.007483453,0.008122426,0.008879337,0.009568368,0.010126611,0.010559838,0.010892409,0.01112617,0.011187857,0.01100351,0.010600218,0.010059007,0.009396507,0.008609464,0.007858559,0.007386324,0.00719847,0.007171987,0.007274784,0.00752093,0.007917285,0.008458499,0.009100502,0.009772333,0.010410938,0.010983031,0.011496103,0.011963416,0.012347669,0.012559545,0.012577949,0.012532701,0.012541784,0.012597829,0.012681267,0.012807491,0.012960794,0.013081447,0.013048712,0.012710016,0.012037989,0.011142256,0.010156421,0.009180195,0.008251193,0.007359704,0.006479742,0.005599141,0.00472767,0.003905673,0.003261331,0.00292645,0.002831267,0.002770638,0.002643689,0.002559276,0.002670271,0.002929994,0.003196567,0.003391352,0.003422784,0.003178382,0.002636282,0.001892967,0.001143079,0.000571211,0.000223368,5.22E-05,1.31E-06,1.30E-07,1.19E-07,8.42E-06,3.05E-05,5.46E-05,6.31E-05,4.37E-05,1.25E-05,0,0,9.81E-06,1.94E-05,3.36E-05,5.67E-05,8.83E-05,0.000125738,0.000164617,0.000203394,0.000243385,0.000285341,0.000331515,0.000384483,0.000445799,0.000520532,0.000617381,0.000747514,0.000923074,0.001154451,0.001456788,0.001840584,0.002280778,0.0027013,0.002988336,0.003035548,0.002819279,0.002426443,0.001989057,0.00159857,0.001280844,0.001029761,0.000838011,0.000697506,0.000597772,0.000527668,0.000475485,0.000433025,0.000395878,0.000362062,0.000333539,0.000312012,0.000298951,0.000298754,0.000314247,0.000346026,0.000395474,0.00046472,0.000556981,0.000666512,0.000765819,0.000815271,0.000793028,0.000717195,0.000628513,0.000546888,0.000463378,0.000369426,0.000273374,0.000192606,0.000137943,0.000106279,8.82E-05,7.50E-05,6.02E-05,4.34E-05,2.75E-05,1.54E-05,9.34E-06,8.03E-06,9.88E-06,1.41E-05,1.91E-05,2.34E-05,2.67E-05,2.73E-05,2.63E-05,2.39E-05,1.64E-05,0
2552,control,0,7.39E-05,0.000144237,0.000217072,0.000295688,0.000391047,0.000518892,0.000685563,0.000884968,0.001106292,0.001340307,0.00157918,0.00181434,0.002031721,0.002203879,0.002300731,0.002320075,0.002293113,0.002261025,0.002255487,0.002286805,0.002329,0.002321304,0.002218433,0.002044923,0.001862094,0.001697958,0.001549442,0.001415007,0.001295569,0.001185481,0.001074271,0.000962755,0.000865643,0.000791409,0.000742489,0.00072653,0.000746471,0.000793377,0.00085143,0.000911533,0.000983127,0.001075588,0.001180473,0.001283756,0.001372769,0.00144567,0.001524554,0.001635089,0.001792331,0.002005869,0.002269548,0.002564557,0.002871665,0.003166537,0.003426923,0.003638621,0.003792238,0.003891069,0.003945774,0.003963697,0.003950269,0.003897237,0.003794109,0.003651788,0.003486923,0.003315869,0.00315666,0.003013265,0.002890225,0.002793256,0.002710998,0.002639821,0.002587256,0.002549265,0.002521185,0.002497048,0.002467418,0.002432662,0.002391365,0.002343961,0.002300904,0.002255311,0.002197446,0.002143561,0.002115729,0.002134936,0.002201286,0.002263386,0.002284438,0.002298018,0.002352215,0.002470658,0.002641733,0.002808897,0.002935698,0.00305003,0.003168253,0.003262128,0.003335401,0.003449951,0.003645557,0.003849683,0.003926237,0.003843857,0.003701501,0.003615945,0.003666643,0.003817002,0.003903117,0.003875298,0.003920129,0.004174773,0.004479887,0.004615865,0.004654721,0.004821432,0.005226585,0.005681966,0.005741125,0.005398471,0.005197561,0.005293031,0.005303876,0.005134127,0.005195347,0.005729412,0.00652964,0.00729937,0.007912021,0.008462421,0.009143861,0.00992885,0.010745366,0.011704088,0.012594508,0.012972473,0.013014633,0.013290127,0.013852486,0.014039297,0.0132834,0.012092805,0.01131589,0.010940598,0.010319245,0.009346315,0.008641752,0.008506567,0.008650187,0.008743858,0.008871288,0.009286579,0.009986774,0.010770578,0.011488707,0.01210658,0.012679329,0.013313272,0.013990764,0.014399573,0.014313787,0.014033387,0.013981046,0.014182982,0.014358368,0.014450446,0.014794548,0.015461322,0.01578436,0.015074051,0.013679606,0.012389726,0.011432407,0.010578057,0.009672705,0.008832772,0.008032047,0.006972823,0.005780326,0.004938193,0.004433038,0.003844928,0.003145382,0.002665909,0.002459355,0.002224443,0.001830731,0.001606433,0.001851193,0.002279986,0.002294428,0.001880288,0.001481494,0.001184765,0.000826406,0.000450219,0.000208005,0.00016451,0.00030705,0.00043129,0.00031704,9.22E-05,2.10E-05,0.000140907,0.000298358,0.000298778,0.000143941,0,0,0,1.10E-06,9.09E-06,2.28E-05,3.88E-05,5.87E-05,8.08E-05,0.000104041,0.000124083,0.000132428,0.000130437,0.000125635,0.000125397,0.000137237,0.000165243,0.00021443,0.000289416,0.000390334,0.00052576,0.000707017,0.000929177,0.001162215,0.001347654,0.001422594,0.001364296,0.001203158,0.001003631,0.000823331,0.000684038,0.000584567,0.000517208,0.00047119,0.000439107,0.000412699,0.000382987,0.000347498,0.00030744,0.000266645,0.000230299,0.000200198,0.000181922,0.000181217,0.000196277,0.000223914,0.0002604,0.000301998,0.000351259,0.000406182,0.000453789,0.000476718,0.000462014,0.000417166,0.000366996,0.000326073,0.000293107,0.000260294,0.000222955,0.000187194,0.000159847,0.000138115,0.000117125,9.30E-05,6.55E-05,3.83E-05,1.50E-05,1.98E-06,5.59E-07,4.28E-06,1.16E-05,1.87E-05,1.96E-05,1.50E-05,7.51E-06,4.77E-07,1.16E-08,0,0,0
2880,control,0,0.000119697,0.000253809,0.000399631,0.000553693,0.00071729,0.000893868,0.001083267,0.001283281,0.001490416,0.001701901,0.001916116,0.002127803,0.002322353,0.002476051,0.002568629,0.002601852,0.002598905,0.002590771,0.002603481,0.002639439,0.002663607,0.002619323,0.00247839,0.002279476,0.002090415,0.001940546,0.001820591,0.001721925,0.001644068,0.001581521,0.001522854,0.001465613,0.001420028,0.001392039,0.0013802,0.001386288,0.00141211,0.001455049,0.001512273,0.001585735,0.001684403,0.001812115,0.001955051,0.002090065,0.002197879,0.002276637,0.002350715,0.002451406,0.002595723,0.002787273,0.003018371,0.003275903,0.003547268,0.003814111,0.00405628,0.004257584,0.004405066,0.004499137,0.004550705,0.004562703,0.004531683,0.004452907,0.00432661,0.004169179,0.004001085,0.003837581,0.00369359,0.003574901,0.003480602,0.003410273,0.003356183,0.003310262,0.003270212,0.003232566,0.00319937,0.003173999,0.00315119,0.003127251,0.003100184,0.003068461,0.003038498,0.003014586,0.002998804,0.002997409,0.003008202,0.003025685,0.003054361,0.003102633,0.003176131,0.003270588,0.003376567,0.003492199,0.003616969,0.003751294,0.003893283,0.004024436,0.004133166,0.004221669,0.004276698,0.004303117,0.004338554,0.00438515,0.004421073,0.004454079,0.004491793,0.004520598,0.004515874,0.004474827,0.004459454,0.00452585,0.004651733,0.004804835,0.004986076,0.005189935,0.005380958,0.005519954,0.005596708,0.005625425,0.00563031,0.005631596,0.005605839,0.005524049,0.005467022,0.005569027,0.005847598,0.006246283,0.006735195,0.007279846,0.007797243,0.008225333,0.008667901,0.009289587,0.010014727,0.010643748,0.011127711,0.011505282,0.011784552,0.011919208,0.011826503,0.011486931,0.010996219,0.010426684,0.009739039,0.008927881,0.008206811,0.007831148,0.007752232,0.007814844,0.008007872,0.00837039,0.008895455,0.009544478,0.010257085,0.010963412,0.011604202,0.012148445,0.012603619,0.012974667,0.013220298,0.013277975,0.013161789,0.013001137,0.012894177,0.012830826,0.012809583,0.012848971,0.012899978,0.01288537,0.012730511,0.012343024,0.011674796,0.010768185,0.009733626,0.008690778,0.007692459,0.00672049,0.005748166,0.004796123,0.003884895,0.003018382,0.002318422,0.001957636,0.00187254,0.001814855,0.001649477,0.001473801,0.00143825,0.001509273,0.001573971,0.001593888,0.001551894,0.001416721,0.001168548,0.000822132,0.000467433,0.000210633,7.09E-05,1.34E-05,2.52E-07,0,4.15E-06,2.89E-05,5.41E-05,6.33E-05,5.23E-05,2.64E-05,3.57E-06,0,0,8.19E-06,1.48E-05,2.43E-05,4.07E-05,6.36E-05,9.02E-05,0.000115948,0.000139727,0.000163968,0.000189594,0.000218062,0.000250594,0.00028678,0.000329637,0.000384983,0.000459928,0.000562211,0.000696397,0.000870215,0.001091794,0.001348122,0.001595615,0.001767566,0.00179863,0.001672336,0.001439633,0.001180283,0.000952204,0.000771898,0.000633245,0.000529772,0.000455247,0.000403258,0.000367907,0.000341659,0.00031959,0.000299731,0.000280919,0.00026504,0.000253068,0.000245026,0.000244184,0.000252548,0.00027021,0.000298631,0.000339794,0.000396956,0.000467233,0.000532138,0.000565971,0.000554463,0.000508024,0.00045261,0.000400837,0.000346606,0.000284849,0.000220487,0.000164622,0.000125828,0.00010294,9.00E-05,8.12E-05,7.22E-05,6.26E-05,5.37E-05,4.56E-05,3.98E-05,3.67E-05,3.57E-05,3.65E-05,3.71E-05,3.71E-05,3.67E-05,3.47E-05,3.21E-05,2.90E-05,2.00E-05,0
2858,control,0,0.000114184,0.000242995,0.000384609,0.00053667,0.000700325,0.000877683,0.001067824,0.001268624,0.001476311,0.001687899,0.001901955,0.002113212,0.002306994,0.002459441,0.002550591,0.002583618,0.002582626,0.002578235,0.002595867,0.002637462,0.002667953,0.002630353,0.002495501,0.002301695,0.002116669,0.001969135,0.001849644,0.001749994,0.001670087,0.001604677,0.001542639,0.001482984,0.001437832,0.00141302,0.001405774,0.001416463,0.001445423,0.001489904,0.001548104,0.001622447,0.001722129,0.001851362,0.001996803,0.002135334,0.002245318,0.002321397,0.002387749,0.002479568,0.002617452,0.002804393,0.003029926,0.003281055,0.003547578,0.003812094,0.004054249,0.004257011,0.004406305,0.004502965,0.004558994,0.004577444,0.004553863,0.004481662,0.00436041,0.004207287,0.004042483,0.003880497,0.003736319,0.003615518,0.003517375,0.003442824,0.003385363,0.00333708,0.003294483,0.003253376,0.003217055,0.003189483,0.003164627,0.003138532,0.003108863,0.003074144,0.003041871,0.003017022,0.003001864,0.003001607,0.00301177,0.003026201,0.003050987,0.003097699,0.003174143,0.003272983,0.003380201,0.003492791,0.0036115,0.003740628,0.003880742,0.004010395,0.004117293,0.004204048,0.004251697,0.004265429,0.004292643,0.004336267,0.004370273,0.004407188,0.004457195,0.004497443,0.00449045,0.004433547,0.004408142,0.004481406,0.004615467,0.004763828,0.004936329,0.00514317,0.005346348,0.005492902,0.00556836,0.005591296,0.00559179,0.005596485,0.00558192,0.00550647,0.005441135,0.005530754,0.005803956,0.006200106,0.006685906,0.007227061,0.00772739,0.008111808,0.008512018,0.009140144,0.009912236,0.010580603,0.011076244,0.011447561,0.011716396,0.011839215,0.011725353,0.011359632,0.01086395,0.010315826,0.009640444,0.008810745,0.008077948,0.007738123,0.007714927,0.007812721,0.008018756,0.008387191,0.00891824,0.0095722,0.010287672,0.010996674,0.011640759,0.012188045,0.012645765,0.013021065,0.013270965,0.013322058,0.013188044,0.013015901,0.012907768,0.012839749,0.01280954,0.012844199,0.012889952,0.012865739,0.012709782,0.012335238,0.01167787,0.010771824,0.009734793,0.008695333,0.007709937,0.006755993,0.005803584,0.004869129,0.003953753,0.003054037,0.002326383,0.001982711,0.001944709,0.001914962,0.001739063,0.001552091,0.001547762,0.001673988,0.001777756,0.001813238,0.001770796,0.001619432,0.001336103,0.000939312,0.000537401,0.000251972,9.78E-05,2.72E-05,2.67E-06,7.51E-07,6.72E-06,3.96E-05,7.31E-05,8.56E-05,7.11E-05,3.62E-05,5.55E-06,0,0,6.65E-06,1.02E-05,1.65E-05,3.04E-05,5.21E-05,7.87E-05,0.000104851,0.000129159,0.000154717,0.000183066,0.000215341,0.000252036,0.000292332,0.000339209,0.000398888,0.00047939,0.000589297,0.000733489,0.000919845,0.001156352,0.001428233,0.001687842,0.001863454,0.001886801,0.001743094,0.001488752,0.001208785,0.000963231,0.000768069,0.000616021,0.000500557,0.000416493,0.000358077,0.000318967,0.00029084,0.00026826,0.000248894,0.000231362,0.000217413,0.00020756,0.000201191,0.000201463,0.000210775,0.000229447,0.000258958,0.00030148,0.000360445,0.000432704,0.000499164,0.000533697,0.000522217,0.000475626,0.000419932,0.000367503,0.000312109,0.000248789,0.000182638,0.000124901,8.47E-05,6.16E-05,5.03E-05,4.47E-05,4.00E-05,3.57E-05,3.20E-05,2.85E-05,2.66E-05,2.66E-05,2.80E-05,3.04E-05,3.18E-05,3.22E-05,3.20E-05,3.06E-05,2.97E-05,2.92E-05,2.19E-05,0
3156,control,0,0.000121244,0.000257288,0.000404775,0.000559271,0.000722299,0.00089853,0.001088802,0.001291176,0.001501897,0.001717706,0.001936491,0.002152654,0.002351335,0.002508183,0.002601574,0.002632457,0.002625134,0.002612388,0.002621256,0.002654641,0.002676687,0.00262843,0.002481362,0.002277506,0.002087545,0.001939616,0.001821155,0.001721016,0.001637769,0.001566773,0.001498744,0.001433569,0.001383326,0.001354633,0.00134534,0.001356148,0.001388283,0.001438723,0.001503934,0.00158512,0.001690716,0.001824476,0.001972893,0.002112284,0.002220755,0.002293494,0.002355891,0.00244541,0.002584575,0.002776185,0.003008289,0.003265811,0.003536778,0.003803659,0.004046254,0.004247451,0.004393624,0.004485801,0.004536572,0.004550235,0.004522957,0.004448317,0.004325181,0.004169364,0.004001578,0.003837638,0.0036921,0.00356939,0.003468036,0.003389185,0.003327383,0.003275184,0.003229692,0.003187484,0.003150969,0.003123456,0.003099385,0.003074333,0.003045683,0.003012239,0.002980846,0.002955201,0.002936626,0.002932475,0.00294327,0.002965246,0.003001672,0.003056788,0.003133002,0.003227282,0.003332557,0.003448158,0.003574907,0.003712134,0.003855773,0.003989474,0.004103469,0.004198119,0.004261057,0.004299289,0.004348444,0.004405661,0.004443084,0.00446777,0.004494879,0.004518352,0.004517537,0.004486599,0.004475527,0.004537381,0.00466418,0.00483205,0.005029317,0.005235679,0.005422737,0.005569655,0.005674182,0.005737139,0.005753034,0.005737779,0.005698213,0.005613605,0.005539812,0.005607861,0.005866381,0.006273611,0.006782094,0.007337996,0.007855727,0.008283613,0.008729337,0.009342721,0.010047922,0.010666586,0.011143956,0.011494212,0.011737169,0.011863305,0.01180043,0.011493812,0.010997303,0.010401519,0.009716778,0.008940244,0.00823543,0.007833016,0.00772265,0.00777719,0.00796734,0.008305828,0.008788459,0.009395539,0.010073057,0.010746732,0.011356556,0.011874656,0.012312061,0.01268133,0.012946468,0.01303405,0.012944395,0.012811317,0.012744073,0.01272917,0.012744972,0.012803355,0.012877926,0.012899048,0.01275394,0.012316817,0.011573717,0.010621116,0.009579756,0.008547679,0.007562794,0.006612535,0.005670244,0.004736674,0.003834699,0.00299682,0.002339394,0.001995287,0.001897188,0.001833248,0.001686603,0.001540861,0.001532866,0.00164069,0.001763914,0.00184369,0.001820367,0.001650797,0.001343845,0.000939159,0.00053342,0.000239014,8.06E-05,1.60E-05,4.03E-06,7.75E-06,1.25E-05,2.68E-05,4.97E-05,6.91E-05,7.10E-05,4.78E-05,1.54E-05,0,0,9.03E-06,1.74E-05,2.97E-05,5.01E-05,7.83E-05,0.000111355,0.000144581,0.000176412,0.0002083,0.000240308,0.000274018,0.000311376,0.00035259,0.000401248,0.000463934,0.00054843,0.000662952,0.000812486,0.001004605,0.001245315,0.001517261,0.001770985,0.0019345,0.001941877,0.001782823,0.001517303,0.001231078,0.00098304,0.000788452,0.000640553,0.000532372,0.000456464,0.000405148,0.000371566,0.000347483,0.000327363,0.000308825,0.000290656,0.000274833,0.000262571,0.000254731,0.000255438,0.000266866,0.000288807,0.000322383,0.000369052,0.000431069,0.000504115,0.00056835,0.000597447,0.000578072,0.000523113,0.000460587,0.0004032,0.000344358,0.000279373,0.000213888,0.00015901,0.000122458,0.00010191,9.06E-05,8.21E-05,7.20E-05,6.03E-05,4.94E-05,4.05E-05,3.52E-05,3.26E-05,3.19E-05,3.32E-05,3.43E-05,3.47E-05,3.46E-05,3.27E-05,3.00E-05,2.63E-05,1.75E-05,0
2282,control,0,0.000118002,0.000249724,0.00039281,0.000544071,0.000705146,0.000880397,0.001071416,0.001276868,0.001492505,0.001714417,0.001940247,0.002164369,0.002372031,0.002538912,0.002643064,0.00268403,0.002683761,0.00267439,0.00268503,0.002721142,0.002749304,0.002711331,0.002573691,0.002370281,0.00216937,0.002004328,0.001869285,0.001757007,0.001667412,0.001594614,0.001525455,0.001456011,0.001396422,0.001352884,0.001324906,0.001315787,0.001327689,0.00135749,0.001401488,0.001460852,0.001545335,0.001660076,0.00179214,0.001919694,0.002023908,0.002102332,0.002178121,0.002279543,0.002422092,0.002612112,0.002844894,0.003108159,0.003388728,0.003666898,0.003922434,0.004139632,0.004304529,0.004416067,0.004483346,0.004507948,0.004486903,0.004415056,0.004291302,0.004132126,0.00395828,0.003785874,0.003631826,0.003503688,0.003402316,0.003327026,0.003267818,0.003216688,0.003172075,0.003129669,0.00309141,0.003060252,0.003030271,0.002998647,0.002963291,0.002921844,0.002880852,0.002844455,0.002815368,0.002800473,0.002796657,0.002798702,0.002811901,0.002844313,0.002901742,0.002979907,0.003070214,0.003173274,0.003288889,0.003417228,0.00355765,0.003691214,0.00380623,0.0039047,0.00396896,0.004000884,0.004039737,0.004088403,0.004123894,0.00415151,0.004176707,0.004188234,0.004165274,0.004106851,0.004076401,0.004129303,0.004242226,0.004385339,0.004562446,0.004767971,0.004961955,0.00509969,0.005169852,0.00518726,0.005178092,0.005167702,0.005131074,0.005030563,0.004945484,0.005016926,0.005267274,0.005643068,0.0061206,0.006670313,0.007205402,0.007657607,0.008136575,0.008818051,0.009623111,0.010342181,0.010922699,0.011401702,0.011787449,0.012032708,0.012046613,0.01179476,0.011357163,0.010801295,0.010089648,0.009215564,0.008403931,0.00793732,0.007778631,0.007766482,0.007890443,0.008202593,0.008706326,0.00936204,0.010107188,0.010871577,0.011589521,0.012221815,0.012772798,0.013244934,0.013594368,0.013754172,0.013729593,0.013647484,0.013610428,0.013611988,0.013655294,0.013761332,0.01388104,0.013939355,0.013859596,0.013535879,0.012900965,0.011987112,0.010913154,0.009815603,0.008756624,0.007718079,0.00666809,0.005629035,0.004628831,0.003666542,0.002862322,0.002408858,0.002259284,0.002159632,0.001958482,0.001738833,0.00164901,0.001663024,0.001673354,0.001644959,0.001569043,0.001425041,0.001191422,0.000866472,0.000525437,0.000269275,0.000117407,3.87E-05,5.77E-06,0,6.94E-07,2.45E-05,5.03E-05,5.89E-05,4.59E-05,1.94E-05,3.87E-07,0,0,4.95E-06,9.42E-06,1.79E-05,3.36E-05,5.59E-05,8.11E-05,0.000103379,0.000121866,0.000138888,0.000155347,0.000174245,0.000197421,0.000224723,0.000259848,0.000308311,0.000376987,0.000472992,0.000599635,0.000765202,0.000979638,0.00123327,0.001487805,0.001679009,0.001738491,0.001642687,0.001434854,0.00119233,0.000975533,0.000803639,0.00067215,0.000574208,0.000502619,0.000451763,0.00041565,0.000386018,0.00035867,0.000332311,0.00030683,0.000285607,0.000269734,0.000259431,0.000258126,0.000267104,0.00028612,0.000315847,0.000357491,0.000415101,0.000486488,0.000553805,0.000591632,0.000583868,0.000539536,0.000485365,0.000435285,0.000384297,0.000326445,0.000264693,0.000209784,0.000170193,0.000144681,0.000127972,0.000114295,9.97E-05,8.51E-05,7.12E-05,5.89E-05,5.11E-05,4.81E-05,4.87E-05,5.13E-05,5.32E-05,5.42E-05,5.37E-05,4.96E-05,4.39E-05,3.66E-05,2.32E-05,0
3293,control,0,0.000155571,0.000323788,0.000499935,0.000679322,0.000862277,0.001051435,0.00124646,0.001445649,0.001646418,0.001846277,0.002041013,0.00222054,0.002368339,0.002466743,0.00250799,0.002504775,0.002483271,0.00246849,0.002474913,0.002493166,0.002483073,0.002398009,0.002231612,0.002035371,0.001870025,0.001752714,0.001671286,0.001618384,0.001590022,0.001576428,0.00156738,0.001562388,0.001569685,0.001592342,0.001628222,0.001679625,0.001747987,0.001830674,0.001927742,0.002043006,0.002182186,0.002343787,0.002510529,0.002661596,0.002786349,0.00289015,0.002997719,0.00313469,0.003309771,0.00352057,0.003756288,0.004001246,0.004242136,0.004461881,0.004643537,0.004776969,0.004854466,0.004879657,0.004865347,0.004814136,0.004724696,0.004598801,0.004442124,0.004273975,0.004115062,0.003977329,0.003871948,0.003800416,0.00375612,0.003735135,0.003727469,0.003723033,0.003720165,0.003716999,0.003716895,0.003723887,0.003731349,0.003736658,0.003741813,0.003746508,0.003756608,0.00377511,0.003801265,0.003840387,0.003890333,0.003945085,0.004008936,0.004087733,0.004186455,0.004306064,0.004439094,0.004580617,0.004726198,0.004870474,0.00501043,0.005132078,0.005226146,0.005300705,0.00535163,0.005381623,0.005418202,0.005461045,0.005493629,0.005527766,0.00557216,0.005616016,0.005638784,0.005634253,0.005652871,0.005744556,0.005889431,0.006052742,0.006224208,0.0063962,0.006550321,0.00666135,0.006718894,0.006737449,0.006744457,0.006760954,0.006772072,0.00676678,0.006820633,0.007023989,0.007358881,0.007767195,0.008222107,0.008691464,0.009115702,0.009450022,0.009761378,0.010166232,0.010609095,0.010944044,0.011142505,0.011241717,0.011253647,0.011147141,0.010862435,0.010403076,0.009877411,0.009360983,0.00882059,0.008244262,0.007787564,0.00762896,0.007709323,0.007900227,0.008191459,0.008600912,0.009103373,0.009651195,0.010183678,0.01064927,0.011019342,0.011284521,0.011460881,0.011555915,0.011541794,0.011392044,0.011142158,0.010895304,0.010713011,0.010567059,0.010445393,0.010361764,0.010267207,0.010085501,0.00976152,0.009262554,0.008594895,0.007791327,0.006915773,0.00604752,0.005219722,0.004414167,0.003610627,0.002834988,0.002119135,0.001470329,0.000977619,0.000768754,0.000782869,0.000812396,0.000743886,0.00065092,0.000656979,0.000747318,0.000833885,0.000877594,0.000862148,0.000769673,0.000597924,0.000370088,0.000157841,3.82E-05,3.34E-06,0,3.33E-08,3.65E-06,2.31E-05,5.48E-05,8.07E-05,8.72E-05,7.32E-05,4.40E-05,1.53E-05,0,0,1.16E-05,2.17E-05,3.51E-05,5.51E-05,8.01E-05,0.000108214,0.00013642,0.00016321,0.000190288,0.000217379,0.000246089,0.000278112,0.000311758,0.000349822,0.000397662,0.000459663,0.00054213,0.000648433,0.00078264,0.000948879,0.001133328,0.001300795,0.001403497,0.001397461,0.001278799,0.001091563,0.000893446,0.000723802,0.000591874,0.000491335,0.000417968,0.000366888,0.000333184,0.000313381,0.000300834,0.000291234,0.000283352,0.000275056,0.000267408,0.000260689,0.000253944,0.000251217,0.000255424,0.000266933,0.000287964,0.000319667,0.00036386,0.000418129,0.000466709,0.000489993,0.000478491,0.000439878,0.00039358,0.000348268,0.000299313,0.000245915,0.000193198,0.000148929,0.000119748,0.000104038,9.68E-05,9.37E-05,8.97E-05,8.45E-05,7.88E-05,7.18E-05,6.49E-05,5.84E-05,5.09E-05,4.38E-05,3.73E-05,3.26E-05,3.00E-05,2.75E-05,2.60E-05,2.50E-05,1.76E-05,0
3340,control,0,0.000141738,0.000296621,0.000459902,0.00062709,0.000800258,0.000983829,0.001177274,0.001377878,0.001582792,0.001789666,0.001995126,0.002190599,0.002359735,0.002481471,0.002541752,0.002548282,0.002526955,0.002506967,0.002509125,0.002529288,0.002527389,0.002449832,0.002281053,0.002069995,0.001883091,0.001743284,0.001638791,0.001560772,0.001506334,0.001466934,0.001430484,0.00139497,0.001370735,0.001363963,0.001373546,0.001401423,0.001449069,0.001513537,0.001593038,0.00169038,0.001812704,0.001960422,0.002117137,0.002260922,0.002378471,0.002473615,0.002571155,0.002698014,0.002865876,0.003075595,0.003318402,0.003578854,0.003842004,0.004088907,0.004300266,0.004462632,0.004566571,0.004615173,0.004621245,0.004588637,0.00451533,0.004400175,0.004246941,0.004073939,0.003902196,0.003745632,0.003617174,0.003520411,0.003451289,0.0034069,0.003377523,0.003353499,0.003333488,0.003315825,0.003302635,0.003296529,0.003291335,0.003283918,0.003274711,0.003263659,0.003257288,0.003259187,0.003269823,0.003295035,0.0033331,0.003378124,0.003433883,0.003507049,0.00360278,0.0037203,0.003851804,0.003992589,0.004138211,0.004284423,0.004428131,0.004555047,0.00465634,0.004736669,0.004787965,0.004816491,0.004857001,0.004908989,0.004948794,0.004985776,0.00503165,0.005075191,0.005093583,0.005082247,0.005095961,0.005188191,0.005340412,0.005518106,0.00571064,0.005907282,0.006084973,0.00621856,0.006301207,0.006342473,0.006355839,0.006361928,0.006361243,0.006345523,0.006382979,0.006575414,0.006926254,0.007380971,0.007903795,0.008451563,0.008946644,0.009337675,0.009720018,0.010239244,0.010827668,0.011309992,0.011639154,0.011844055,0.011940962,0.011905066,0.011665722,0.011201137,0.010612617,0.010000596,0.009350113,0.008649021,0.00806692,0.007816645,0.007853095,0.008035916,0.008342868,0.008789014,0.009356053,0.010005536,0.010673353,0.011288381,0.011802714,0.012199303,0.012494204,0.012698991,0.012777841,0.012674794,0.012415945,0.012139476,0.011941261,0.01179847,0.011691755,0.011635356,0.011588097,0.011467703,0.011185923,0.010667015,0.009911477,0.00898691,0.007987635,0.007003473,0.006069856,0.005169763,0.004280593,0.003418232,0.00260693,0.0018641,0.001299674,0.001049868,0.001036608,0.001035589,0.000925372,0.000795007,0.000787392,0.000885073,0.00099184,0.001058981,0.001051745,0.000949776,0.000759653,0.000501247,0.000246449,8.49E-05,2.12E-05,3.09E-06,2.62E-06,8.93E-06,2.11E-05,4.46E-05,6.98E-05,8.31E-05,7.61E-05,4.78E-05,1.53E-05,0,0,1.19E-05,2.22E-05,3.58E-05,5.68E-05,8.44E-05,0.000116065,0.000147458,0.000177191,0.000207407,0.000237926,0.000269888,0.000304941,0.000342091,0.000384206,0.000437171,0.000506844,0.000600107,0.000720497,0.000872619,0.001060204,0.001267169,0.001452794,0.001561574,0.001544529,0.001399202,0.001177653,0.000947389,0.000753222,0.000605062,0.000494916,0.000416362,0.000362993,0.000328648,0.000308759,0.000296286,0.000286394,0.000277437,0.000267775,0.000259102,0.000252332,0.000247148,0.000247395,0.00025555,0.000271562,0.000297138,0.000333481,0.00038237,0.00044045,0.000490559,0.000511439,0.000493588,0.000447578,0.000395758,0.00034722,0.000295941,0.000239865,0.000184354,0.000138018,0.000107896,9.22E-05,8.49E-05,8.09E-05,7.60E-05,7.01E-05,6.46E-05,5.88E-05,5.39E-05,4.96E-05,4.54E-05,4.18E-05,3.83E-05,3.50E-05,3.26E-05,2.95E-05,2.72E-05,2.53E-05,1.78E-05,0
3309,control,0,0.000117395,0.000249646,0.000394915,0.000549478,0.000715849,0.000899934,0.001102491,0.001319531,0.001544747,0.001773269,0.002002671,0.002228339,0.002436829,0.002603078,0.002702547,0.002734737,0.002725661,0.002711309,0.002721216,0.002758913,0.002787804,0.002746449,0.002602344,0.002396102,0.002200486,0.002044895,0.001916517,0.001804689,0.001709266,0.001626388,0.001546396,0.001469472,0.001409218,0.001372711,0.001357632,0.001365057,0.001395688,0.001445169,0.001508616,0.001586312,0.001687518,0.001817417,0.001963126,0.002101064,0.00220756,0.002275653,0.002331664,0.002415464,0.002551914,0.002745494,0.002983203,0.003248107,0.003527628,0.003803493,0.004055044,0.004264812,0.004418378,0.004517322,0.004575371,0.004597421,0.004579914,0.004514447,0.004397331,0.004244183,0.00407554,0.003906694,0.003752337,0.003616603,0.003499487,0.003404741,0.003327733,0.003262214,0.003206387,0.003155916,0.003112661,0.003079336,0.003049253,0.003017696,0.002981014,0.00293736,0.002894667,0.002856565,0.002824534,0.002807469,0.00280655,0.002819465,0.002850691,0.002901905,0.002972637,0.003059296,0.003155529,0.00326277,0.003382884,0.003514078,0.003652208,0.003782754,0.003897182,0.003992916,0.00405339,0.004089986,0.004146321,0.004213914,0.004252046,0.004266993,0.004281343,0.004293149,0.00428323,0.004245561,0.004227713,0.004281303,0.004401994,0.004570686,0.004771513,0.004976827,0.005161386,0.005313621,0.005438643,0.00552613,0.005537093,0.005487475,0.00542675,0.005339823,0.005243454,0.005262,0.005482841,0.005885117,0.006407696,0.006977054,0.007491422,0.007898962,0.008339266,0.008989206,0.009765709,0.010475542,0.011037779,0.011434606,0.011704571,0.011885283,0.011906542,0.011661488,0.011162567,0.010532784,0.009829118,0.009037586,0.008287433,0.00781842,0.007656704,0.007682937,0.00784691,0.008145302,0.008587538,0.009177559,0.009866285,0.010570083,0.011219277,0.011781263,0.012269365,0.012705278,0.013051854,0.013203233,0.013133609,0.01300241,0.01295283,0.012969053,0.013010523,0.013090682,0.013210064,0.013310342,0.013240942,0.012823286,0.012051872,0.011073764,0.010029884,0.009003957,0.008021898,0.007077497,0.006142528,0.005190537,0.004237733,0.003348361,0.002656249,0.00228221,0.002151812,0.002059621,0.001889408,0.001721275,0.001698666,0.001811665,0.001965722,0.002082061,0.002061461,0.001859587,0.001515469,0.00107289,0.000620777,0.000279998,8.69E-05,1.01E-05,1.13E-07,4.21E-06,3.28E-06,5.23E-06,2.59E-05,5.82E-05,7.50E-05,5.45E-05,1.58E-05,0,0,7.59E-06,1.39E-05,2.37E-05,4.12E-05,6.61E-05,9.56E-05,0.00012484,0.0001528,0.000181165,0.0002096,0.000239813,0.000273964,0.000312561,0.000359204,0.000420248,0.000504281,0.000620108,0.000772437,0.000970207,0.001222164,0.001513209,0.00179402,0.001988624,0.002023711,0.001881649,0.001619246,0.001325866,0.001066734,0.0008608,0.000702342,0.000584548,0.000500169,0.000441778,0.000401782,0.00037117,0.000344343,0.000318839,0.000293905,0.000272387,0.000255763,0.000245177,0.000244779,0.000256343,0.000279351,0.00031435,0.000362603,0.000427185,0.000504129,0.000573285,0.000607314,0.000591019,0.000536586,0.000473356,0.000415718,0.000357701,0.000293237,0.000226291,0.000168297,0.000128259,0.000104461,9.01E-05,7.85E-05,6.56E-05,5.18E-05,3.90E-05,2.90E-05,2.38E-05,2.25E-05,2.38E-05,2.70E-05,2.96E-05,3.08E-05,3.08E-05,2.84E-05,2.58E-05,2.30E-05,1.55E-05,0
2246,control,0,9.21E-05,0.000191593,0.000302604,0.00042572,0.000568396,0.000741013,0.000945201,0.001172686,0.001410851,0.001650142,0.001885759,0.002113122,0.002320722,0.002482656,0.00257102,0.00258621,0.002560003,0.002533717,0.002538746,0.002578402,0.002616893,0.002591705,0.00246573,0.00227708,0.002096234,0.001946733,0.00181337,0.00168802,0.001572956,0.001466328,0.001360665,0.00126096,0.001186683,0.001145291,0.001133017,0.001151094,0.001197179,0.001262531,0.001338606,0.001421889,0.001521837,0.001645974,0.001783397,0.001913766,0.002010954,0.002061548,0.002094515,0.002158868,0.002286224,0.002481422,0.002724252,0.002992864,0.00327566,0.003553619,0.003805638,0.004014816,0.004166212,0.004264275,0.004326006,0.004358268,0.004359689,0.004316541,0.004218053,0.004080283,0.003922726,0.003757906,0.003599534,0.003448333,0.003306907,0.003186191,0.003083213,0.002995153,0.002923599,0.002861902,0.002811585,0.002773447,0.002736739,0.002697389,0.002650942,0.002595743,0.002543911,0.002495533,0.002447785,0.002413433,0.002398876,0.002410282,0.00245395,0.002513143,0.002573618,0.002639815,0.002717967,0.002818758,0.002944084,0.003077451,0.003206996,0.00333108,0.003450277,0.003550593,0.00360769,0.003655049,0.003760509,0.003886846,0.003936259,0.003910422,0.003875034,0.003862155,0.003868293,0.003873672,0.003878822,0.003918926,0.004037783,0.00424992,0.004489716,0.004675451,0.004823768,0.005002704,0.005256532,0.005501231,0.005517425,0.005324045,0.005200214,0.005177917,0.005073838,0.00494994,0.005072906,0.005526049,0.006166292,0.006813919,0.00732133,0.007671872,0.008105248,0.008830534,0.009748311,0.010683307,0.011444935,0.011837786,0.012000004,0.012230128,0.012491427,0.012413246,0.011789885,0.010940093,0.010212705,0.009541747,0.008786951,0.008138382,0.00783694,0.007854984,0.008021415,0.008217406,0.008505974,0.009004213,0.009681132,0.010408629,0.011087912,0.011683824,0.012230061,0.012793461,0.01333922,0.013635315,0.013556107,0.013368927,0.01335807,0.013487925,0.013601096,0.013701918,0.013936722,0.014295768,0.01441014,0.013869483,0.012801918,0.011643105,0.010599863,0.009638894,0.008711175,0.007853863,0.007030354,0.006075476,0.005008699,0.004072548,0.003417356,0.003009735,0.002758658,0.002585236,0.002405588,0.002217569,0.002143468,0.002280338,0.002612472,0.002942142,0.00294537,0.00257901,0.002062661,0.001484434,0.000884324,0.000404442,0.000126245,3.07E-05,6.58E-05,0.000122763,8.41E-05,1.26E-05,1.57E-05,0.000103907,0.000185237,0.000161686,6.20E-05,0,0,4.60E-06,7.76E-06,1.52E-05,2.99E-05,5.22E-05,8.09E-05,0.000111375,0.000143258,0.000177114,0.000208419,0.000238434,0.000271099,0.000308926,0.000357701,0.000424181,0.000518674,0.000651958,0.000828127,0.001058961,0.001356953,0.001705201,0.002046589,0.002289666,0.002344818,0.00218981,0.001888569,0.001545571,0.001240166,0.000995585,0.00080558,0.000663123,0.000560445,0.00049005,0.00044135,0.000401208,0.000363557,0.000326452,0.000289983,0.000258607,0.000233712,0.000217977,0.000217752,0.000234205,0.000265414,0.000309885,0.000367252,0.000442255,0.00053063,0.000609117,0.000648104,0.000630228,0.000568291,0.000496237,0.00043172,0.000369935,0.000302953,0.000231401,0.000167551,0.000122782,9.48E-05,7.63E-05,6.03E-05,4.30E-05,2.61E-05,1.15E-05,2.07E-06,5.68E-07,2.85E-06,7.71E-06,1.31E-05,1.48E-05,1.36E-05,9.91E-06,3.77E-06,1.41E-06,2.19E-06,2.07E-06,0
3223,control,0,0.000110036,0.000236122,0.000378368,0.000533052,0.000701648,0.000890101,0.001100075,0.001326804,0.001561886,0.001799709,0.002037774,0.002270448,0.002483732,0.002653148,0.00275542,0.002791646,0.002788297,0.002780795,0.002798313,0.002843912,0.002880784,0.002847047,0.002707081,0.002496351,0.002285715,0.002109321,0.00196249,0.001839835,0.001741763,0.001661611,0.00158445,0.001505695,0.001437633,0.001388736,0.001359539,0.001353706,0.001372477,0.001410916,0.001462884,0.001527248,0.001613798,0.001728855,0.001860069,0.001986741,0.00209142,0.002173057,0.002256404,0.002369562,0.002526781,0.00273383,0.002985017,0.00326622,0.003561558,0.003848817,0.004107593,0.004323153,0.004482522,0.004586611,0.004646939,0.004667286,0.004645338,0.004573305,0.004447439,0.004284159,0.004104178,0.003923344,0.003758952,0.003618288,0.003503533,0.00341698,0.003349596,0.003293614,0.003248563,0.003210393,0.003180028,0.003157922,0.003135729,0.003109982,0.003078074,0.003037619,0.002996034,0.002956758,0.002922838,0.002904274,0.002899441,0.00290359,0.002923152,0.002963938,0.0030274,0.003108063,0.00319908,0.0033036,0.003422529,0.003553342,0.003692441,0.003824339,0.003943053,0.004048248,0.004117231,0.004159107,0.004223707,0.004300704,0.004342083,0.004354479,0.004362063,0.004360605,0.004330758,0.004274515,0.004251859,0.004311731,0.004432141,0.004588139,0.004775995,0.0049787,0.00516525,0.005311959,0.005422847,0.005491036,0.005473918,0.005394546,0.005327776,0.005270446,0.005221048,0.00527797,0.005519466,0.005929925,0.006457157,0.007030589,0.007533486,0.007901815,0.008309513,0.008982273,0.009824374,0.010597389,0.011200238,0.011615046,0.011895803,0.01209674,0.012144551,0.011921401,0.011439171,0.01082138,0.010109003,0.00927478,0.008474847,0.00798653,0.007824485,0.007841269,0.007980252,0.008243119,0.008647749,0.009206745,0.009875803,0.01057306,0.011227064,0.011801655,0.012309661,0.01277834,0.013173611,0.013375833,0.013347914,0.013262857,0.013270326,0.013338771,0.013419287,0.013529272,0.013672828,0.013796974,0.013752014,0.013342107,0.012547587,0.011527726,0.010441891,0.00938072,0.008368741,0.007395317,0.006427158,0.005426368,0.004393403,0.00339777,0.00261077,0.002187956,0.002042292,0.001926469,0.001701104,0.001460869,0.001370244,0.001415174,0.001497243,0.001540578,0.001455273,0.001242483,0.000978455,0.000678702,0.000376706,0.000157427,4.32E-05,1.95E-06,7.94E-07,8.19E-06,7.62E-06,1.12E-05,3.57E-05,7.23E-05,9.00E-05,6.37E-05,1.71E-05,0,0,5.38E-06,6.78E-06,9.91E-06,1.99E-05,3.79E-05,6.05E-05,8.25E-05,0.000103033,0.000124132,0.00014529,0.000167464,0.000191672,0.000217312,0.000246305,0.00028341,0.000336738,0.00041363,0.000514854,0.000645028,0.000812177,0.001008555,0.001201943,0.001339872,0.001369949,0.001277495,0.001098948,0.000896394,0.000718441,0.000579815,0.000475618,0.000400178,0.000347868,0.000313484,0.000291255,0.000273985,0.000257568,0.000240239,0.000221904,0.000205668,0.000192635,0.00018393,0.00018365,0.000193042,0.000210708,0.000236468,0.000271618,0.000319232,0.000375901,0.000426296,0.000451297,0.000440131,0.000401029,0.000355414,0.000314337,0.000274235,0.000230226,0.000183067,0.000140279,0.000109792,9.15E-05,8.05E-05,7.16E-05,6.16E-05,5.13E-05,4.22E-05,3.53E-05,3.24E-05,3.28E-05,3.58E-05,4.01E-05,4.28E-05,4.32E-05,4.17E-05,3.78E-05,3.40E-05,2.98E-05,2.01E-05,0
2419,control,0,0.000149549,0.000313936,0.000487866,0.000665185,0.000846284,0.001035016,0.001231054,0.001431655,0.001633583,0.001834414,0.002030869,0.002214244,0.002368569,0.002474946,0.002522787,0.002522275,0.002499536,0.00248183,0.002486348,0.002505061,0.00249635,0.002410047,0.002237753,0.002033075,0.001860702,0.001738774,0.001652514,0.001591986,0.001553329,0.001528266,0.001507034,0.001489182,0.001484486,0.001498043,0.00152789,0.001575221,0.001640948,0.001722205,0.001818261,0.001932309,0.002070036,0.002230296,0.002396062,0.002545315,0.002664998,0.002759265,0.002854428,0.002980323,0.003149209,0.003358549,0.00359599,0.003845195,0.004092287,0.004319992,0.004510906,0.004653332,0.004738684,0.004770798,0.004763616,0.004721093,0.004640846,0.004522248,0.004369622,0.004201687,0.004039683,0.003896358,0.003782604,0.003699879,0.003642275,0.003607384,0.003587375,0.003572663,0.003561079,0.003551153,0.003546039,0.003549384,0.003554744,0.003558301,0.003560802,0.003562082,0.003568036,0.003582151,0.003604918,0.003642606,0.003693329,0.003749533,0.003814682,0.00389729,0.004003243,0.004129951,0.004266896,0.004408563,0.0045528,0.004698438,0.004843211,0.00497107,0.005072842,0.005156267,0.005214,0.005247475,0.005286734,0.005332645,0.005368062,0.005406679,0.005458363,0.005507393,0.005527,0.005513629,0.005529972,0.005632451,0.005792854,0.005967923,0.006151217,0.006340686,0.006513562,0.006638204,0.006702896,0.006724928,0.006735697,0.006753934,0.006758039,0.006736615,0.006776398,0.006981832,0.007334352,0.00776494,0.00824257,0.008734919,0.009173751,0.009506696,0.009816629,0.010245038,0.010728371,0.011092666,0.011305441,0.011417727,0.011442856,0.011338787,0.011039471,0.010557286,0.010015902,0.00948393,0.008905448,0.008269409,0.007767432,0.007604196,0.007701694,0.00790854,0.00821372,0.008638872,0.009156971,0.009719716,0.010267849,0.010749547,0.011136045,0.011418415,0.011612377,0.011727005,0.011733877,0.011601149,0.011366134,0.011140937,0.010986488,0.010866772,0.010768797,0.010707379,0.010626698,0.010443331,0.010101488,0.009565865,0.008839038,0.007962699,0.007017859,0.006097073,0.00523603,0.00440974,0.003596893,0.002823881,0.002106748,0.001445272,0.000952194,0.000771844,0.000821882,0.000868523,0.000795094,0.000708766,0.000755962,0.000897928,0.001019309,0.001079596,0.001064077,0.000949759,0.000735093,0.000455245,0.000199879,5.63E-05,8.04E-06,2.98E-07,1.68E-06,8.14E-06,3.16E-05,6.74E-05,9.55E-05,0.000101591,8.48E-05,5.18E-05,1.86E-05,0,0,1.63E-05,2.97E-05,4.56E-05,6.89E-05,9.91E-05,0.000134,0.000169945,0.000205489,0.000242354,0.000279872,0.000318841,0.000360691,0.000403633,0.000450054,0.000505989,0.00057737,0.000671527,0.000792052,0.000942288,0.001124109,0.001319171,0.001485721,0.001570973,0.001531859,0.001372196,0.001146485,0.000919078,0.000729857,0.000585774,0.000478567,0.000403188,0.000353853,0.00032405,0.00030936,0.000302863,0.000299461,0.000297133,0.000293267,0.00028871,0.000284204,0.000279582,0.000279559,0.000287312,0.000302697,0.00032782,0.000364263,0.000413237,0.000470507,0.000518228,0.000535789,0.000515363,0.000467897,0.00041485,0.000364479,0.000310851,0.000253305,0.000198261,0.000154069,0.00012711,0.000114784,0.000110641,0.000109277,0.000105718,0.000100007,9.40E-05,8.71E-05,8.02E-05,7.31E-05,6.52E-05,5.83E-05,5.25E-05,4.80E-05,4.53E-05,4.21E-05,3.88E-05,3.44E-05,2.31E-05,0
3467,control,0,0.000123298,0.000259069,0.000406439,0.000562369,0.000729093,0.000911989,0.00111216,0.001325708,0.001545564,0.001766234,0.001984066,0.002192037,0.002375714,0.002513236,0.002587042,0.002602772,0.002587174,0.002572243,0.002581846,0.002614212,0.002631769,0.00257948,0.002433553,0.002236144,0.002053298,0.001909255,0.001793533,0.001699237,0.001625619,0.001566312,0.001510406,0.001457487,0.001419945,0.001403377,0.001405835,0.001429717,0.0014751,0.001537074,0.001612059,0.001700646,0.001810826,0.001945955,0.002092015,0.002228373,0.002337578,0.002417289,0.00249362,0.002599865,0.002752735,0.002954139,0.003192371,0.003451288,0.003718083,0.003973787,0.004199571,0.004382249,0.004509891,0.004584851,0.004620069,0.004618808,0.004579012,0.004495089,0.004365269,0.004207692,0.004043142,0.003884855,0.003746732,0.003632146,0.003539927,0.003471976,0.003420192,0.003377121,0.003341948,0.0033104,0.003285264,0.003269295,0.003254138,0.003236596,0.003215485,0.003189146,0.00316554,0.003147348,0.003135034,0.003137021,0.003151827,0.00317563,0.003214445,0.003271137,0.003346924,0.003439637,0.003542657,0.003657531,0.00378438,0.003918916,0.004057782,0.00418673,0.004298508,0.004394354,0.00445575,0.004491343,0.004547981,0.004616566,0.004653967,0.004669775,0.004688292,0.004705851,0.004701205,0.004668528,0.004661699,0.004733392,0.004867712,0.005035891,0.005223576,0.005412986,0.005585578,0.005725766,0.005834803,0.005904046,0.005897752,0.005841326,0.005797195,0.005753994,0.005717028,0.005788889,0.006040598,0.006448655,0.006956338,0.007494902,0.007964302,0.008310863,0.008680598,0.009265944,0.009985003,0.010631588,0.011115648,0.011419501,0.011596571,0.01170147,0.011665606,0.011380501,0.010870794,0.010270866,0.009626162,0.008901807,0.008224187,0.007837987,0.007755045,0.007837137,0.008029215,0.008332245,0.008758246,0.009306463,0.009925007,0.010540749,0.011097429,0.011568519,0.011970615,0.012327126,0.012603835,0.012701547,0.012600143,0.012459832,0.012412689,0.012423286,0.012443663,0.0124918,0.012567636,0.012611938,0.012485217,0.012030163,0.011253241,0.010294284,0.009282832,0.008296114,0.007357009,0.006457317,0.005565229,0.004651188,0.003730335,0.002865855,0.002196846,0.001856607,0.001771398,0.001720003,0.001571127,0.001402423,0.001367561,0.001464923,0.001598196,0.001685148,0.001635778,0.001433243,0.001135844,0.000776474,0.000420524,0.000170712,4.90E-05,8.28E-06,6.37E-06,1.81E-05,1.97E-05,2.67E-05,5.32E-05,8.57E-05,9.70E-05,6.68E-05,1.98E-05,0,0,8.02E-06,1.34E-05,2.20E-05,3.81E-05,6.12E-05,8.90E-05,0.000116689,0.000143385,0.000170869,0.000197812,0.000225923,0.000257172,0.000290978,0.000330897,0.00038269,0.000453736,0.000552235,0.000680998,0.000846723,0.001057398,0.00129959,0.001531808,0.001690824,0.001714862,0.001590737,0.00136735,0.001119532,0.000902588,0.000731567,0.000600342,0.000503452,0.000434871,0.000388987,0.000359461,0.000337052,0.000316992,0.000297738,0.000278215,0.00026118,0.000247354,0.000237257,0.000235902,0.000245348,0.000264792,0.000294763,0.000336213,0.000392665,0.000460849,0.000521981,0.000552606,0.000539819,0.000493077,0.000437573,0.000385787,0.000333234,0.00027582,0.000216395,0.000164595,0.000128999,0.000107929,9.57E-05,8.65E-05,7.61E-05,6.51E-05,5.48E-05,4.56E-05,4.03E-05,3.82E-05,3.78E-05,3.83E-05,3.78E-05,3.68E-05,3.54E-05,3.18E-05,2.88E-05,2.63E-05,1.80E-05,0
2953,control,0,0.000122376,0.000258273,0.000403894,0.000556084,0.000716983,0.000889816,0.001073503,0.001266354,0.001466514,0.001671978,0.001881005,0.002088231,0.002278735,0.002428069,0.002515289,0.002542492,0.002534256,0.002522108,0.002531287,0.002563863,0.002584396,0.00253544,0.002390996,0.002194715,0.002016262,0.001881105,0.001774277,0.001683579,0.001607594,0.001542184,0.001479659,0.001421774,0.001380897,0.001362679,0.001363468,0.001382459,0.001420614,0.001475684,0.001545511,0.001632726,0.001745743,0.001887563,0.002044173,0.002190627,0.002303316,0.002375804,0.002433128,0.002515752,0.00264928,0.002835664,0.003060652,0.003308808,0.003570016,0.003828661,0.004063956,0.004257244,0.004394908,0.004478773,0.004522431,0.004530743,0.00449933,0.004422353,0.004300131,0.004148363,0.003987026,0.003831138,0.003693989,0.003578887,0.003483009,0.003407307,0.003347802,0.00329719,0.003251793,0.003208379,0.003169675,0.003139914,0.003114617,0.00308908,0.003060724,0.003029117,0.003001539,0.002982122,0.002971097,0.002973844,0.002991234,0.003020633,0.003064978,0.003127772,0.003211639,0.003314886,0.003430201,0.003554296,0.00368642,0.003825354,0.003966722,0.004094807,0.004198508,0.004277152,0.004322837,0.004346814,0.004384629,0.004434599,0.004471439,0.004502794,0.004543205,0.004584469,0.004602462,0.004587023,0.00458407,0.004648578,0.004778226,0.004949654,0.005147907,0.005352058,0.005537175,0.005686172,0.005796768,0.005869589,0.005902291,0.005908743,0.00588753,0.005815086,0.005750486,0.005827974,0.006097549,0.006516565,0.007034253,0.00759464,0.008117367,0.00855596,0.009005605,0.009598784,0.010265884,0.010843395,0.011280285,0.011590363,0.011787473,0.011854212,0.01172045,0.011343664,0.010795043,0.010176269,0.009499774,0.008762665,0.008116449,0.007770652,0.007710593,0.007817259,0.008064883,0.008463436,0.009002785,0.009658317,0.010371495,0.011062323,0.011669237,0.012167215,0.012568619,0.012884272,0.013074716,0.013068947,0.012877506,0.012639898,0.012469517,0.012361274,0.012297495,0.012289916,0.012309846,0.012283268,0.012101657,0.011653217,0.010928791,0.010015373,0.009019486,0.008029003,0.0070805,0.006164921,0.005260241,0.004372022,0.003526204,0.002753925,0.002159913,0.001861735,0.001790895,0.001746431,0.001621044,0.001499496,0.001518185,0.001658126,0.001818388,0.001938845,0.00195811,0.001815116,0.001499199,0.001056055,0.000603052,0.000268059,8.43E-05,1.10E-05,0,9.28E-07,4.77E-06,1.90E-05,4.16E-05,6.08E-05,6.37E-05,4.34E-05,1.41E-05,0,0,8.26E-06,1.65E-05,2.91E-05,4.95E-05,7.71E-05,0.000109336,0.000142223,0.000173925,0.00020635,0.000240394,0.0002772,0.000318536,0.000364949,0.000420358,0.000491805,0.000586925,0.000714352,0.000881149,0.001096605,0.001367183,0.001673248,0.001958623,0.002142396,0.002151193,0.001973606,0.00167736,0.001358022,0.001079883,0.000859467,0.000689109,0.000561405,0.000469453,0.000405315,0.000361948,0.000331063,0.000306483,0.000285526,0.000266575,0.000250873,0.000239455,0.000232395,0.000232902,0.000243522,0.000264917,0.000298941,0.000347375,0.000412452,0.000490273,0.000560115,0.000592973,0.000574169,0.00051747,0.000452236,0.000391579,0.000327728,0.000255673,0.000182656,0.000121174,7.98E-05,5.67E-05,4.50E-05,3.83E-05,3.18E-05,2.45E-05,1.79E-05,1.28E-05,9.77E-06,8.66E-06,8.51E-06,9.62E-06,1.06E-05,1.10E-05,1.16E-05,1.18E-05,1.25E-05,1.42E-05,1.17E-05,0
2915,control,0,0.000136637,0.000286065,0.000444117,0.000606751,0.000774277,0.000949236,0.00113256,0.001324759,0.001524499,0.001729352,0.001936103,0.002137186,0.002316983,0.00245373,0.002531165,0.002554436,0.002547995,0.002540237,0.002551662,0.002581546,0.002595846,0.002542372,0.00240096,0.002216062,0.002052715,0.001932943,0.001842731,0.001771036,0.001714565,0.001667733,0.001624915,0.001589241,0.001570628,0.001572044,0.001589662,0.001623827,0.001676378,0.001745399,0.001829134,0.001930032,0.002055091,0.002206066,0.002368884,0.002520253,0.002639476,0.00272152,0.00279035,0.002884063,0.003025487,0.003214459,0.003435692,0.003673543,0.003918695,0.00415688,0.004369591,0.004541431,0.004660398,0.004728111,0.004757323,0.004751845,0.004708558,0.004624518,0.004501123,0.004353782,0.004202046,0.004060453,0.003941802,0.003847927,0.003773807,0.003719062,0.003679048,0.003646083,0.003616412,0.003586784,0.003560531,0.003542471,0.003527857,0.003512774,0.003496116,0.003477157,0.003462032,0.003453328,0.00344948,0.003456527,0.003478001,0.003513524,0.003565147,0.003630039,0.003706797,0.003799042,0.003905899,0.004026594,0.00416,0.004299466,0.004437229,0.004561517,0.004662959,0.004742311,0.004799231,0.004842927,0.004893959,0.004945941,0.004977759,0.004994153,0.005010223,0.005031892,0.005051365,0.005055201,0.005060282,0.0051052,0.005209075,0.005368655,0.00555616,0.005731327,0.005878752,0.006003156,0.006108261,0.006185655,0.006217639,0.006213123,0.006184062,0.006117281,0.006057362,0.006112908,0.006335046,0.006699404,0.007156416,0.007646822,0.008113614,0.008532555,0.008957181,0.009449093,0.009955124,0.010389064,0.010723818,0.010950933,0.011081155,0.011122073,0.011027997,0.01074389,0.010287134,0.009743443,0.009173934,0.008591586,0.008066647,0.007732365,0.00761707,0.007666109,0.007852782,0.008162074,0.008579709,0.009091145,0.00964839,0.010184735,0.010651865,0.011031266,0.011336416,0.011578302,0.01173103,0.011748325,0.011633213,0.011480647,0.011379734,0.011330383,0.011308162,0.011313546,0.01133457,0.011317109,0.011146795,0.010715297,0.010046394,0.009237835,0.008370802,0.007500942,0.006650175,0.0058179,0.004985177,0.004152259,0.003370243,0.002690233,0.002168549,0.001861413,0.0017291,0.001654814,0.001561294,0.00147163,0.001459118,0.001535928,0.001654068,0.001753987,0.00175681,0.001603569,0.001302858,0.000908951,0.000515166,0.00022199,6.37E-05,1.19E-05,1.76E-06,8.12E-06,1.19E-05,1.82E-05,3.34E-05,5.26E-05,6.21E-05,4.97E-05,2.23E-05,0,0,5.50E-06,1.31E-05,2.65E-05,4.73E-05,7.35E-05,0.000103189,0.000133632,0.000162576,0.000190268,0.000216983,0.000245029,0.000277093,0.000313915,0.000359764,0.000420975,0.00050314,0.000613303,0.00075769,0.000944492,0.001179764,0.001447377,0.001700402,0.001870042,0.00189172,0.001752845,0.001508724,0.001239863,0.001002112,0.000811386,0.000663146,0.000551991,0.00047136,0.000414194,0.000374615,0.000345228,0.000320862,0.000299556,0.000279979,0.000263201,0.000249864,0.000240246,0.000237931,0.000245383,0.000263383,0.000293734,0.000337364,0.000395761,0.00046577,0.000529512,0.000561382,0.000547239,0.000497772,0.000438917,0.000383287,0.000325168,0.000260789,0.000196327,0.000142318,0.000105539,8.39E-05,7.16E-05,6.34E-05,5.42E-05,4.31E-05,3.23E-05,2.31E-05,1.73E-05,1.39E-05,1.13E-05,9.87E-06,8.84E-06,8.21E-06,8.55E-06,8.82E-06,9.27E-06,9.88E-06,7.37E-06,0
3250,control,0,0.00012023,0.000255736,0.000403157,0.000559749,0.00073005,0.000918947,0.001123799,0.001339508,0.001559977,0.001779269,0.001996079,0.002211054,0.002414852,0.002580587,0.002677887,0.002702383,0.002681735,0.002656596,0.002659577,0.002694137,0.00272188,0.002679313,0.002537105,0.002348736,0.002195304,0.002093158,0.002005458,0.001907852,0.001801378,0.001692339,0.00158598,0.001497909,0.001450379,0.001447286,0.00147598,0.001528182,0.001599154,0.001683914,0.001781491,0.001895423,0.002034395,0.002202838,0.002388052,0.002558413,0.002665827,0.002678162,0.002629264,0.002603838,0.002665136,0.002813279,0.003007875,0.003222624,0.003457839,0.003706817,0.00394857,0.00415741,0.004311376,0.004414724,0.004490584,0.004547327,0.004575639,0.004558295,0.004486203,0.004374629,0.00424396,0.00410565,0.003966895,0.003822242,0.003668316,0.003519805,0.003388567,0.003274494,0.003170724,0.003069286,0.002977077,0.002904139,0.00284492,0.002789603,0.0027292,0.002661663,0.002598903,0.00254678,0.002505136,0.002481063,0.00247742,0.002494935,0.002537842,0.002606365,0.002699106,0.002804806,0.002903793,0.002993379,0.003086378,0.003196908,0.003327522,0.003456794,0.003567491,0.003651979,0.003687641,0.003688328,0.003710215,0.003750345,0.003772273,0.003795089,0.003844809,0.00390072,0.003911001,0.003854158,0.003807461,0.003860676,0.004003539,0.004190126,0.004401849,0.00462726,0.004844259,0.005030339,0.005181941,0.005293219,0.005346854,0.005354567,0.005300492,0.005103391,0.00480687,0.004643926,0.004758382,0.005099788,0.005574481,0.00610314,0.006579415,0.006940059,0.007330327,0.007958568,0.008744021,0.009456127,0.010008517,0.010412208,0.010706181,0.010897298,0.010896873,0.01062451,0.010144991,0.009575846,0.008912591,0.008119979,0.007382531,0.006983117,0.006902986,0.00697285,0.007152934,0.007472724,0.007945388,0.008555585,0.009246714,0.009945934,0.01059431,0.011161927,0.011660431,0.012104146,0.012444586,0.012575522,0.012483206,0.012331629,0.012254803,0.012232377,0.012242764,0.012315364,0.012429727,0.012509112,0.012433952,0.012066727,0.011382629,0.010483857,0.009503183,0.008546886,0.007656633,0.00681985,0.00600925,0.005210854,0.004418674,0.003662943,0.003093509,0.002869099,0.002903009,0.002945798,0.002884166,0.002875723,0.003131741,0.003585445,0.004031185,0.004364765,0.00448137,0.004218936,0.003520285,0.002520477,0.001509008,0.0007468,0.000290323,6.95E-05,3.80E-06,0,8.38E-07,1.52E-05,4.56E-05,7.25E-05,7.56E-05,4.55E-05,8.28E-06,0,0,1.61E-05,3.14E-05,5.21E-05,8.27E-05,0.000122864,0.000169883,0.000218763,0.000268479,0.000321564,0.000378378,0.00044182,0.000515335,0.000600723,0.000705216,0.000840077,0.001018996,0.001258189,0.00157279,0.001984428,0.002506231,0.003101076,0.003664602,0.004043692,0.004096435,0.003794958,0.003260042,0.00266918,0.002142828,0.001712969,0.001370129,0.001105479,0.000909859,0.000770865,0.000673878,0.000602112,0.000544605,0.000495714,0.000452018,0.000416061,0.000389838,0.000374164,0.000374439,0.000394647,0.000436114,0.000500849,0.000591089,0.000711626,0.000855713,0.000986549,0.001051731,0.001022896,0.00092388,0.000807998,0.000700422,0.000589003,0.000463443,0.000335383,0.000228232,0.000156626,0.000115893,9.36E-05,7.87E-05,6.32E-05,4.61E-05,2.98E-05,1.67E-05,1.01E-05,8.66E-06,9.97E-06,1.32E-05,1.73E-05,2.21E-05,2.60E-05,2.63E-05,2.59E-05,2.56E-05,1.87E-05,0
3273,control,0,0.000114824,0.000243764,0.000383792,0.000530997,0.000686587,0.000854142,0.001033864,0.001224418,0.001423092,0.001627388,0.00183588,0.002043513,0.002235385,0.002387022,0.002477393,0.002508153,0.002503235,0.002493905,0.002505569,0.00254089,0.002565406,0.002521856,0.002383087,0.002191352,0.002015579,0.001881281,0.001774089,0.001682073,0.001603811,0.001535777,0.001470953,0.001411046,0.001368212,0.001348212,0.00134775,0.001366224,0.001404473,0.001460047,0.001530159,0.001616384,0.001726744,0.001864676,0.00201683,0.002158755,0.002266723,0.002334137,0.002386798,0.002466143,0.002597626,0.002782132,0.003005121,0.003252025,0.003513068,0.003772459,0.004010086,0.004207955,0.004352117,0.004443716,0.00449569,0.004512592,0.004489913,0.004420767,0.004304235,0.00415586,0.003995983,0.003840093,0.003701869,0.00358479,0.003486599,0.003408922,0.003348134,0.003297105,0.003251861,0.003208911,0.003171297,0.003143241,0.003119899,0.00309648,0.003070208,0.003040328,0.003013694,0.002993807,0.002981137,0.002982233,0.002998302,0.003026115,0.003068303,0.003128367,0.003208494,0.003306353,0.003415249,0.003534052,0.003664059,0.003804713,0.003950646,0.004085084,0.004197765,0.004288592,0.004347569,0.004383489,0.00443073,0.004486181,0.004523006,0.004549265,0.00458189,0.004615189,0.004626681,0.00460716,0.004602443,0.004666119,0.004795132,0.004966704,0.005165649,0.005369953,0.005554954,0.0057048,0.005817653,0.005891188,0.005916803,0.005908422,0.005872277,0.005786911,0.005707437,0.005768571,0.006024894,0.006434616,0.006944279,0.007496448,0.008010172,0.008439535,0.008884829,0.009481922,0.010157285,0.010744052,0.01118908,0.01150384,0.011709034,0.011798668,0.011704917,0.011375309,0.010864482,0.010266518,0.009597443,0.008855167,0.008190208,0.007817587,0.007728873,0.007804581,0.008013828,0.008363443,0.008846918,0.00944613,0.010108299,0.010759653,0.011342708,0.011832545,0.012240952,0.012580333,0.012815241,0.012875278,0.012764039,0.012613091,0.012528844,0.012498228,0.01249753,0.012536639,0.012591306,0.012592179,0.012424007,0.011964096,0.011208981,0.010261669,0.009238396,0.008228426,0.00726665,0.006342935,0.00543179,0.00453145,0.003665599,0.002871239,0.002258729,0.001947074,0.001867685,0.001819692,0.001695062,0.001576653,0.001597844,0.001736896,0.001891901,0.001998765,0.00198967,0.001810083,0.001466837,0.001013308,0.000562573,0.000236585,6.50E-05,7.91E-06,1.02E-07,4.52E-06,1.05E-05,2.63E-05,5.05E-05,7.19E-05,7.60E-05,5.36E-05,1.94E-05,0,0,9.50E-06,1.83E-05,3.12E-05,5.25E-05,8.18E-05,0.000116577,0.000153063,0.000189287,0.000226486,0.000264718,0.000304874,0.000348687,0.000396598,0.000452479,0.000523435,0.00061754,0.000743693,0.000908245,0.001119428,0.001382694,0.001677568,0.001948143,0.002115553,0.00211029,0.001924801,0.001627554,0.001311966,0.001039565,0.000825027,0.000660553,0.000539221,0.000453909,0.000396213,0.000358733,0.000333004,0.000312941,0.000295844,0.000279887,0.000266022,0.000255174,0.000248181,0.000249278,0.000261118,0.000283803,0.000318894,0.000368324,0.000434223,0.000511807,0.000579739,0.000609696,0.000588132,0.000529322,0.000462537,0.000400699,0.000336314,0.000264758,0.000193334,0.00013437,9.58E-05,7.49E-05,6.45E-05,5.81E-05,5.04E-05,4.11E-05,3.23E-05,2.54E-05,2.13E-05,1.94E-05,1.88E-05,1.98E-05,2.10E-05,2.15E-05,2.20E-05,2.18E-05,2.13E-05,2.03E-05,1.47E-05,0
2921,control,0,0.000124092,0.000262556,0.000412642,0.000570187,0.000737059,0.00091875,0.001116888,0.001329183,0.001550686,0.00177697,0.002005146,0.002229655,0.002436349,0.002600793,0.002699894,0.002733422,0.002726308,0.002713004,0.002721848,0.002756538,0.002781753,0.002737785,0.002593631,0.002389594,0.002196986,0.002045031,0.001921658,0.001816171,0.001727461,0.001651034,0.001577833,0.001508105,0.001453958,0.001421489,0.00140856,0.001416763,0.001447663,0.001497567,0.001561917,0.001641229,0.001744354,0.001875912,0.00202294,0.002162159,0.002271045,0.002343506,0.002404798,0.002492815,0.002631046,0.002823753,0.003058764,0.003319747,0.003594345,0.003864827,0.004111093,0.004316402,0.004466802,0.004563205,0.004618253,0.004636176,0.004613808,0.004544482,0.004425618,0.004272436,0.004105365,0.00394017,0.003791768,0.00366434,0.003556957,0.003471818,0.003403501,0.00334532,0.003295248,0.003249185,0.003209088,0.003178013,0.003149893,0.003120471,0.003086754,0.003046904,0.003008041,0.002973353,0.002943717,0.002927696,0.002927578,0.002941892,0.002974178,0.003023997,0.003090099,0.003171514,0.003264763,0.003371697,0.003493357,0.003625917,0.003763978,0.003894203,0.004007863,0.004103138,0.004168261,0.004212674,0.004270734,0.004334766,0.004371074,0.004383458,0.004390641,0.004395884,0.004387756,0.004358864,0.004343656,0.004387006,0.004495083,0.004658061,0.00485587,0.005053168,0.005225751,0.005367826,0.005484729,0.005566418,0.005580625,0.005540702,0.005482055,0.005389687,0.005292305,0.005311036,0.005521418,0.005903115,0.006401632,0.006949763,0.007461055,0.007892651,0.008352926,0.008975916,0.009688152,0.010336783,0.010862072,0.011247843,0.011519805,0.011702973,0.011733683,0.011516885,0.011055234,0.010454045,0.009778191,0.009028303,0.008313613,0.007841755,0.007648952,0.007643107,0.007782895,0.008062708,0.008486091,0.009051275,0.009709696,0.010382485,0.011003795,0.011542462,0.012010428,0.01242461,0.012751216,0.012904231,0.01286354,0.012762387,0.01272692,0.012751188,0.012802263,0.01288816,0.013005841,0.013100038,0.013028614,0.012628512,0.011898704,0.010968841,0.009963634,0.008963185,0.007995013,0.007055223,0.006117556,0.005166026,0.004233864,0.003380423,0.002708052,0.002316547,0.002150702,0.002040934,0.001882563,0.001726226,0.001683046,0.001754531,0.001870345,0.001961482,0.001936959,0.00175026,0.001429934,0.001017495,0.000595415,0.000273206,8.76E-05,1.23E-05,5.40E-07,5.62E-06,5.71E-06,7.76E-06,2.42E-05,5.05E-05,6.45E-05,4.82E-05,1.59E-05,0,0,6.34E-06,1.31E-05,2.44E-05,4.32E-05,6.87E-05,9.79E-05,0.000126489,0.00015301,0.000178552,0.000202911,0.000228569,0.000258195,0.000292561,0.000335628,0.000393568,0.000473843,0.000584315,0.000729711,0.000918859,0.001160188,0.001439758,0.001711539,0.001903605,0.001945094,0.001817313,0.001572952,0.001296769,0.001051402,0.000855902,0.000705793,0.000594537,0.00051448,0.000458333,0.00041908,0.000388244,0.000360675,0.00033428,0.000308547,0.000286296,0.000268941,0.000257627,0.000256362,0.000266793,0.000288639,0.000322564,0.000369448,0.000431978,0.00050662,0.00057434,0.000608548,0.000593781,0.000541345,0.000479816,0.000423518,0.000366908,0.000304262,0.00023957,0.000183805,0.000145053,0.000121278,0.000106092,9.32E-05,7.84E-05,6.23E-05,4.71E-05,3.48E-05,2.78E-05,2.51E-05,2.52E-05,2.74E-05,2.92E-05,3.03E-05,3.04E-05,2.81E-05,2.51E-05,2.14E-05,1.36E-05,0
2834,control,0,0.000125886,0.000266156,0.000417115,0.000574739,0.000740845,0.00091947,0.001110124,0.001310445,0.001517519,0.001728864,0.001942251,0.002151444,0.00234121,0.002487598,0.002570477,0.002593197,0.002581836,0.002568518,0.002577711,0.002609891,0.002627857,0.002573488,0.002422154,0.002219511,0.00203587,0.001896578,0.001787329,0.001696557,0.001622234,0.001559129,0.001498676,0.001442026,0.001401669,0.001383993,0.001386145,0.001407912,0.001450311,0.001510582,0.001585784,0.001677791,0.001794631,0.001939067,0.002096845,0.002243786,0.002358449,0.002436585,0.002503548,0.002597658,0.002742119,0.002938372,0.003172521,0.003428427,0.003694273,0.003953274,0.00418495,0.004371826,0.004501338,0.004576029,0.004610071,0.004608914,0.0045688,0.00448412,0.00435513,0.004197704,0.004032062,0.003873345,0.003735012,0.003620232,0.003526023,0.003453312,0.00339756,0.003351035,0.003310599,0.003273523,0.003242129,0.003219617,0.003200646,0.003180543,0.00315714,0.003130122,0.003106672,0.003090441,0.003081604,0.003086749,0.003107598,0.003141512,0.003191351,0.003259338,0.003346481,0.003451744,0.003569484,0.003697204,0.003833821,0.003976073,0.004118093,0.004246101,0.004351422,0.004433597,0.004484895,0.004517581,0.00456682,0.004626559,0.004665546,0.004691201,0.004723169,0.004757576,0.004774064,0.004763805,0.004767484,0.004835157,0.004967421,0.005144739,0.005347604,0.005548521,0.00572652,0.005874003,0.005993985,0.006080308,0.00611008,0.006095679,0.006066494,0.006014287,0.005975948,0.006065431,0.006341987,0.006774554,0.007305781,0.007868361,0.008377304,0.00879073,0.009214567,0.009783428,0.010425481,0.0109818,0.011393544,0.011657967,0.011800571,0.011834259,0.011697936,0.011326746,0.010767242,0.010133868,0.009467458,0.008763353,0.008142886,0.007800806,0.007741182,0.007858425,0.008113567,0.008496777,0.008998818,0.009609894,0.010277549,0.010920384,0.011478348,0.011929701,0.012290133,0.012578013,0.012759642,0.012755139,0.012564539,0.012333653,0.012183383,0.012100454,0.012050318,0.012040969,0.012059684,0.012039724,0.011850484,0.011358243,0.010576559,0.009631577,0.008637621,0.007664888,0.006736267,0.005844757,0.004968636,0.00409736,0.003253188,0.002489116,0.001916873,0.001633705,0.001561934,0.001513552,0.001389392,0.001268662,0.001281843,0.001417926,0.001588672,0.001723849,0.001738031,0.00158154,0.001278328,0.000878256,0.000476502,0.000186016,3.92E-05,9.98E-07,0,5.41E-06,1.00E-05,1.81E-05,3.96E-05,6.66E-05,7.89E-05,5.97E-05,2.24E-05,0,0,8.82E-06,1.69E-05,2.89E-05,4.89E-05,7.65E-05,0.000109048,0.000142871,0.000175999,0.0002099,0.000244778,0.000281365,0.000321411,0.000365239,0.000416174,0.000480893,0.000566911,0.000682385,0.000832983,0.001025816,0.001265662,0.001533761,0.001778733,0.001928549,0.001920353,0.00174812,0.001474821,0.001185514,0.000936354,0.000740999,0.000591878,0.000482104,0.000404982,0.000352767,0.000318951,0.000295957,0.00027791,0.000262178,0.00024723,0.000234297,0.000224451,0.000218163,0.000219043,0.000229593,0.000249994,0.00028178,0.000326472,0.000385551,0.000454656,0.000514672,0.00054019,0.000519344,0.000465302,0.000404547,0.000348487,0.000290138,0.00022554,0.000161072,0.000107316,7.19E-05,5.30E-05,4.40E-05,3.91E-05,3.35E-05,2.68E-05,2.07E-05,1.63E-05,1.39E-05,1.27E-05,1.22E-05,1.28E-05,1.32E-05,1.27E-05,1.25E-05,1.20E-05,1.25E-05,1.38E-05,1.12E-05,0
3391,control,0,0.000104958,0.000223457,0.000357099,0.000505049,0.000673574,0.000869997,0.00109233,0.001331164,0.001573412,0.001808976,0.002034929,0.002250426,0.002446408,0.002597083,0.00267405,0.002678396,0.002643477,0.002612516,0.002617346,0.002656733,0.002687961,0.002646447,0.002502992,0.002311842,0.002152751,0.002039139,0.001936654,0.001826303,0.001710743,0.00159471,0.001480039,0.001382199,0.001328109,0.001323565,0.001356345,0.001419149,0.001503705,0.001601128,0.001708902,0.001827982,0.001966913,0.002131163,0.002308358,0.002471052,0.002574338,0.002586407,0.002543836,0.002531106,0.002607972,0.002773348,0.002984743,0.003213922,0.00345988,0.003712201,0.003950367,0.004152189,0.004296345,0.004389573,0.004457364,0.004508412,0.004534786,0.004515437,0.004437174,0.004319055,0.004182385,0.004035992,0.003887506,0.00373079,0.003565072,0.003409112,0.003272595,0.003155703,0.003053869,0.002957666,0.002874893,0.002813472,0.002762233,0.0027122,0.002655106,0.002588584,0.002527633,0.002476845,0.002435891,0.002414753,0.002412518,0.002428691,0.002472242,0.002544078,0.002641691,0.002750578,0.002848217,0.002936052,0.003028549,0.003138308,0.003269271,0.003400729,0.003521481,0.003623375,0.003664171,0.003662818,0.003707723,0.003782442,0.0038107,0.003819213,0.003860173,0.003911693,0.003908871,0.003832621,0.003785986,0.003869358,0.004047861,0.004255309,0.004471711,0.004696263,0.004920382,0.005125928,0.005318083,0.005468318,0.005485204,0.005399498,0.00532403,0.005196136,0.004947052,0.004773354,0.004893604,0.005291136,0.005836196,0.006405113,0.006836438,0.00705017,0.007315246,0.007981768,0.008936022,0.009832042,0.010485455,0.010847185,0.011040887,0.011213387,0.011273213,0.011015853,0.010453964,0.009807661,0.009131941,0.008318806,0.007520472,0.007102695,0.007082148,0.007229857,0.007438285,0.007711011,0.008100508,0.008642902,0.009288939,0.009955726,0.0105804,0.011132606,0.011635751,0.012134444,0.012581889,0.012790045,0.01269492,0.0125505,0.012559394,0.012643018,0.012711911,0.012809202,0.012972326,0.013137634,0.013103487,0.012629658,0.01173165,0.010648137,0.009572312,0.008581801,0.007687551,0.006880565,0.006118116,0.005308225,0.004401496,0.003499115,0.002848865,0.002637502,0.00272961,0.002805151,0.002710016,0.002642544,0.002896251,0.003416795,0.003962485,0.004363325,0.004431956,0.00405448,0.003295121,0.002295583,0.001303769,0.000580894,0.000178284,1.68E-05,3.11E-07,6.52E-06,3.44E-06,7.87E-06,5.55E-05,0.000122753,0.000153634,0.000105618,2.57E-05,0,0,1.62E-05,2.57E-05,3.88E-05,6.30E-05,9.96E-05,0.000146275,0.000196249,0.000249238,0.000308399,0.000371221,0.000439297,0.000515353,0.000599837,0.000699521,0.000825372,0.000993112,0.001220513,0.001518669,0.001905992,0.00239524,0.002949297,0.003467717,0.003804817,0.003828489,0.003519688,0.00299671,0.00242764,0.001926361,0.001520026,0.001196596,0.000948148,0.000767172,0.000643324,0.000561295,0.000501765,0.000453902,0.000412431,0.00037388,0.000341924,0.00031788,0.000302913,0.000304904,0.000327991,0.000371638,0.000436227,0.000523465,0.000639339,0.000776103,0.000896517,0.000953246,0.000922203,0.00082602,0.000714866,0.000612085,0.000507674,0.000392677,0.000275011,0.000175494,0.000109773,7.38E-05,5.58E-05,4.51E-05,3.39E-05,2.24E-05,1.20E-05,4.44E-06,3.26E-06,6.13E-06,1.11E-05,1.74E-05,2.23E-05,2.65E-05,2.90E-05,2.70E-05,2.69E-05,2.91E-05,2.27E-05,0
2840,control,0,0.000125593,0.000263522,0.00041097,0.000564662,0.000726938,0.000902409,0.001091004,0.001289909,0.001495539,0.001705089,0.001915841,0.002120832,0.002304667,0.002444628,0.002522827,0.002543586,0.002531632,0.002517433,0.002524782,0.002553642,0.002567622,0.002511664,0.002362085,0.002160267,0.001972168,0.001824615,0.001708746,0.001617098,0.001548385,0.001495376,0.00144572,0.001396523,0.001357657,0.001335286,0.001328847,0.001341089,0.001374147,0.001424941,0.001490112,0.001571238,0.001676613,0.001808936,0.001953484,0.002088479,0.002199003,0.002287259,0.00237737,0.00249585,0.002655003,0.002857833,0.003097915,0.003361287,0.003633208,0.003894146,0.004124118,0.004308604,0.004436919,0.004510728,0.004541188,0.0045317,0.004480386,0.004384557,0.004245764,0.004080865,0.003910253,0.003748711,0.003610671,0.003501266,0.003418691,0.003361199,0.003319077,0.003283596,0.003253924,0.003227542,0.003205694,0.003190529,0.003176263,0.00316,0.003141135,0.003118953,0.003099953,0.003087276,0.003081476,0.003089224,0.003110104,0.003140142,0.003183221,0.003242946,0.003321936,0.003420685,0.003535204,0.00366411,0.003803553,0.003946893,0.004088912,0.004216564,0.004321487,0.004404989,0.004458342,0.00449135,0.004539741,0.004599501,0.004640685,0.004668215,0.004696917,0.004723976,0.004734503,0.00472299,0.004730335,0.004802037,0.004932761,0.005102645,0.005296548,0.005491019,0.005663453,0.005799671,0.00589941,0.005961143,0.005972539,0.005952011,0.005926155,0.005891034,0.005891715,0.006027293,0.006330907,0.006768001,0.007296414,0.00786097,0.008379722,0.008807421,0.00924709,0.009836796,0.010505547,0.011090353,0.011533819,0.011836069,0.012018003,0.012083428,0.011964892,0.011598969,0.011038628,0.010399531,0.009717239,0.008985093,0.008334909,0.007973644,0.007901483,0.008004973,0.008249879,0.008638325,0.009163323,0.009805799,0.010507027,0.011186248,0.011781958,0.012268804,0.01266131,0.012973726,0.013168173,0.013168768,0.01297962,0.012745522,0.012586931,0.012493334,0.012437152,0.012429148,0.012449961,0.012430445,0.012249377,0.011780996,0.011025717,0.01008681,0.00907375,0.008067832,0.007099998,0.006162671,0.005231637,0.004304754,0.003413998,0.002602738,0.001974492,0.001641425,0.00153904,0.001472085,0.00132514,0.001159224,0.001096938,0.001140452,0.00121992,0.001278269,0.001252658,0.001121979,0.000910501,0.000634286,0.000349185,0.000144188,4.51E-05,8.26E-06,1.13E-06,7.38E-06,1.12E-05,1.99E-05,3.99E-05,6.08E-05,6.64E-05,4.56E-05,1.41E-05,0,0,8.10E-06,1.53E-05,2.59E-05,4.32E-05,6.61E-05,9.26E-05,0.000118694,0.000143107,0.000167824,0.000192676,0.000218804,0.000247939,0.000279908,0.000317785,0.000367016,0.00043369,0.000524645,0.000643447,0.000796276,0.000989854,0.001211722,0.001422819,0.001564741,0.001581332,0.00146099,0.001250572,0.001020162,0.000820361,0.000665074,0.0005479,0.000462432,0.000402269,0.00036126,0.000334288,0.000314373,0.000297044,0.000280863,0.000264857,0.000250943,0.0002401,0.000232502,0.000231634,0.000239345,0.000255454,0.000281235,0.000318039,0.000368539,0.000430062,0.000485734,0.000513034,0.000500035,0.000456315,0.000405214,0.000357661,0.000308082,0.000252545,0.000195279,0.000145725,0.000111706,9.19E-05,8.06E-05,7.26E-05,6.41E-05,5.51E-05,4.68E-05,3.94E-05,3.41E-05,3.10E-05,2.92E-05,2.85E-05,2.73E-05,2.56E-05,2.39E-05,2.14E-05,1.97E-05,1.87E-05,1.34E-05,0
2734,control,0,0.000123612,0.00025976,0.000404598,0.000554841,0.000712472,0.000880813,0.001059072,0.001245847,0.001439832,0.00163962,0.001843227,0.002044086,0.002226335,0.002366477,0.002446189,0.002469398,0.002460217,0.002448165,0.002456385,0.002485723,0.002500909,0.002446757,0.00230005,0.002103822,0.001924722,0.001788128,0.001682195,0.001596877,0.001530245,0.001476308,0.001425394,0.001376962,0.001341467,0.001324693,0.001324616,0.001341887,0.001378396,0.001432187,0.001500925,0.001587035,0.001698497,0.001837553,0.001989623,0.002131198,0.002243863,0.00232662,0.002403484,0.002506852,0.002654758,0.002848796,0.003079071,0.003331774,0.003594707,0.003850681,0.004079281,0.004263746,0.004392486,0.004467188,0.004499826,0.004494609,0.004448366,0.004357736,0.004224914,0.004065955,0.003900885,0.003744922,0.003611818,0.003505859,0.00342399,0.003364629,0.003320783,0.003283914,0.003251288,0.003220645,0.003193966,0.00317449,0.003157818,0.003140263,0.003120702,0.003099123,0.003081943,0.003072639,0.003071136,0.003082697,0.00310807,0.003144005,0.003193017,0.00325844,0.003343211,0.003448102,0.00356867,0.003701695,0.003843783,0.003989976,0.004134225,0.004262559,0.00436533,0.004443263,0.004491661,0.004521451,0.00456409,0.004617497,0.004657652,0.004690214,0.004728788,0.004768945,0.004792708,0.004791106,0.004801761,0.00487255,0.005004424,0.005178419,0.00537699,0.005575445,0.005751565,0.005893207,0.005999101,0.006068715,0.006098226,0.006101874,0.006086367,0.006041784,0.00602756,0.00615642,0.006461102,0.006900827,0.007430304,0.007995613,0.008522859,0.008971659,0.009426428,0.010000971,0.010629061,0.011165401,0.01156502,0.011837681,0.011994913,0.012021991,0.011854003,0.011449465,0.010876182,0.010239841,0.009565793,0.008855884,0.008243771,0.00791841,0.007871228,0.007996623,0.008267726,0.008686257,0.009237441,0.009896041,0.010602719,0.01127664,0.011858011,0.012324644,0.012690425,0.012966349,0.013114831,0.013071538,0.0128518,0.012591343,0.012400159,0.012273926,0.012191751,0.012161396,0.012155894,0.012101629,0.011886201,0.011401589,0.010651613,0.00972819,0.008731509,0.007741032,0.006789629,0.005869947,0.004960859,0.004068905,0.00322817,0.002474234,0.001898961,0.001603469,0.001522129,0.001471217,0.001347296,0.001216416,0.001197138,0.00128397,0.001399898,0.001489538,0.001493314,0.001368922,0.00111979,0.000778173,0.000429385,0.000176875,5.05E-05,7.33E-06,9.63E-07,6.41E-06,1.16E-05,2.44E-05,4.48E-05,6.29E-05,6.64E-05,4.72E-05,1.75E-05,0,0,8.46E-06,1.70E-05,2.95E-05,4.95E-05,7.60E-05,0.000106671,0.000138135,0.000168462,0.000199345,0.000231262,0.000264952,0.000302049,0.00034283,0.000390755,0.000452165,0.000533499,0.000642164,0.000783784,0.000965407,0.001192122,0.001446642,0.001680771,0.001826444,0.001822919,0.001662991,0.001406124,0.001133516,0.000899196,0.000716399,0.00057744,0.000475263,0.000403214,0.000353967,0.000321787,0.00029966,0.000282244,0.000267475,0.000253844,0.000242286,0.00023367,0.000228057,0.000228631,0.000237771,0.0002559,0.000284887,0.000326419,0.000382369,0.000449254,0.000508652,0.000535486,0.000517674,0.00046738,0.00041002,0.000356568,0.000299921,0.000236254,0.000172229,0.000118599,8.29E-05,6.34E-05,5.38E-05,4.87E-05,4.34E-05,3.73E-05,3.17E-05,2.69E-05,2.34E-05,2.11E-05,1.92E-05,1.84E-05,1.74E-05,1.59E-05,1.50E-05,1.40E-05,1.37E-05,1.44E-05,1.14E-05,0
2995,control,0,0.000115109,0.000236659,0.000364833,0.000499488,0.000648006,0.000818455,0.001008952,0.001212098,0.001420383,0.001627688,0.001829793,0.002022111,0.002192911,0.002318385,0.002375864,0.002369864,0.002332637,0.002301276,0.002299536,0.002324445,0.002338098,0.002284617,0.002143887,0.001967908,0.001825288,0.001726947,0.001645419,0.001565938,0.001488407,0.001412613,0.001338639,0.001277726,0.001248406,0.001255011,0.001289902,0.001350275,0.001433742,0.0015338,0.001645652,0.001769453,0.00191221,0.002076679,0.002249009,0.002404607,0.002514199,0.002563091,0.002582355,0.002631786,0.002750867,0.002938204,0.003163965,0.003403007,0.00364736,0.003884265,0.004093335,0.004255986,0.004359124,0.004409942,0.004429185,0.004425879,0.004397528,0.004334058,0.004229746,0.004100089,0.003963898,0.003831573,0.003710754,0.003596237,0.003483985,0.003383782,0.003298386,0.00322524,0.003163665,0.003108779,0.003063212,0.003031029,0.003004831,0.00297881,0.002949189,0.002916413,0.002891869,0.002875856,0.002862364,0.002860943,0.002882045,0.002933588,0.003018075,0.003115003,0.003208909,0.003308851,0.00342188,0.003551766,0.00369843,0.003844277,0.003974763,0.004090855,0.004190003,0.004258789,0.004291955,0.004326858,0.004412996,0.004517235,0.004562012,0.004551092,0.004544396,0.004573583,0.004634847,0.004697185,0.004738655,0.004793248,0.004927469,0.005161174,0.005411888,0.005586972,0.005716049,0.005886567,0.006141751,0.006400712,0.006468068,0.006347028,0.006264169,0.006252611,0.006176251,0.006105024,0.006272072,0.006741343,0.007366414,0.007973038,0.008454088,0.008820849,0.009230869,0.00978494,0.01041414,0.011040625,0.011527311,0.011697293,0.011653737,0.011647769,0.011662046,0.011396065,0.010688285,0.009840904,0.009198197,0.008722027,0.008227019,0.007792265,0.007638218,0.007789932,0.008099803,0.008431083,0.008810261,0.009328878,0.009950127,0.010552486,0.011057334,0.011449884,0.011768003,0.012068748,0.012320138,0.012341293,0.012050577,0.011677024,0.011464638,0.011396641,0.011332815,0.011266848,0.011324924,0.01148479,0.011409487,0.010770851,0.009738834,0.00870701,0.007822362,0.007020124,0.006244335,0.005535289,0.004873011,0.004124017,0.003328814,0.002711733,0.002355061,0.002150995,0.002013512,0.001935717,0.001888424,0.001855271,0.001914113,0.002161189,0.002595668,0.003031341,0.003151889,0.002856197,0.002305123,0.001628016,0.000933472,0.00039073,8.96E-05,1.74E-06,3.03E-05,9.34E-05,7.08E-05,1.13E-05,1.13E-05,8.66E-05,0.00016234,0.000149953,6.47E-05,0,0,1.09E-05,2.27E-05,4.01E-05,6.47E-05,9.48E-05,0.000131043,0.000171885,0.000216206,0.000264211,0.000311945,0.000359657,0.000411729,0.000471149,0.000544365,0.000639726,0.000766592,0.000936842,0.001160239,0.001451327,0.001820023,0.002238965,0.002631845,0.00288856,0.00290966,0.002680619,0.002290449,0.001864991,0.001490332,0.001188816,0.00095183,0.000772306,0.000642477,0.000552137,0.000490395,0.000444431,0.000406229,0.000372698,0.000341666,0.000314831,0.000293597,0.000279788,0.000279106,0.000294348,0.000325423,0.000373246,0.000438354,0.000523949,0.000625125,0.000714717,0.000756294,0.000731292,0.00065676,0.000570921,0.000491754,0.000410861,0.000321466,0.000230491,0.000153754,0.000103024,7.46E-05,5.87E-05,4.75E-05,3.58E-05,2.32E-05,1.22E-05,4.81E-06,2.89E-06,3.29E-06,3.52E-06,3.97E-06,3.23E-06,1.83E-06,8.62E-07,0,0,3.95E-07,7.11E-07,0
2333,control,0,0.000108041,0.000232375,0.000370111,0.000517499,0.000676638,0.000852253,0.001045002,0.001252958,0.001471791,0.00169704,0.001928051,0.002164587,0.002395666,0.0025932,0.002724865,0.002781798,0.002786539,0.002777624,0.002790308,0.002835374,0.002881365,0.00286375,0.002741087,0.002550705,0.002370132,0.002229927,0.002109485,0.001991004,0.001875402,0.00176531,0.001658712,0.001561594,0.001489247,0.001446992,0.001428573,0.001431347,0.001455623,0.001498256,0.001554921,0.001626684,0.00172372,0.001853213,0.002004601,0.002149562,0.00225001,0.002284937,0.002281774,0.002300436,0.002385715,0.002543115,0.002750702,0.002990191,0.003255797,0.003535243,0.003807232,0.004048268,0.00423835,0.004377049,0.004479205,0.004550413,0.004583726,0.004565934,0.004489575,0.004366841,0.004217399,0.004057523,0.003900784,0.003749545,0.003603999,0.003472465,0.003358702,0.003259941,0.003171081,0.003085707,0.003007078,0.002941507,0.002885203,0.00283097,0.002771146,0.00270288,0.002634295,0.002570201,0.002512316,0.002468859,0.002444145,0.002438885,0.002455633,0.002493612,0.002550683,0.002620638,0.002694826,0.002775275,0.002870345,0.002986166,0.00311989,0.003253057,0.003371252,0.003467535,0.003527207,0.003560193,0.003602302,0.003650783,0.003679162,0.003692552,0.003705718,0.003715293,0.003699573,0.003646255,0.003598727,0.003615246,0.003705841,0.003859098,0.004059671,0.004275194,0.004471586,0.004633236,0.004761592,0.00485117,0.0048873,0.004875325,0.004796657,0.004596748,0.004335486,0.004205962,0.004315134,0.004629633,0.005087158,0.005625122,0.006157022,0.006632712,0.007153349,0.007854347,0.008660946,0.009410497,0.010053036,0.010592657,0.011036909,0.011368901,0.011511283,0.011389033,0.011015069,0.010460927,0.009757329,0.008917565,0.008098222,0.007536952,0.007257933,0.007157941,0.007213112,0.007443492,0.007857083,0.008444002,0.009156919,0.009918791,0.010655797,0.011326793,0.011935296,0.012488202,0.012943415,0.013215165,0.013281128,0.013260842,0.013276395,0.013341362,0.013448716,0.013610957,0.013809382,0.013985367,0.014016446,0.013742019,0.013117868,0.012236507,0.011230172,0.010209898,0.009222864,0.008262977,0.007304508,0.006345806,0.005414122,0.004543458,0.003836586,0.003418273,0.003240726,0.003123199,0.002965891,0.002848123,0.002895921,0.003076107,0.003273176,0.003421568,0.003440045,0.003216176,0.002710568,0.0020008,0.001267267,0.00068799,0.000315391,0.000112219,2.72E-05,3.29E-06,0,2.87E-06,1.71E-05,3.40E-05,3.95E-05,2.56E-05,5.04E-06,0,0,7.34E-06,1.65E-05,3.10E-05,5.36E-05,8.37E-05,0.000117964,0.000151877,0.000184127,0.000215998,0.000248715,0.000285508,0.000329474,0.000382904,0.000451315,0.000542956,0.000668325,0.000838644,0.001064185,0.001361467,0.001743248,0.00218826,0.00262459,0.002939086,0.003020449,0.002835893,0.002465145,0.002039923,0.001655624,0.001341846,0.001094214,0.000904717,0.000764242,0.000662389,0.000588153,0.000530173,0.000480926,0.000436542,0.00039598,0.000362014,0.000336704,0.000321705,0.000320699,0.000335685,0.000367324,0.000416716,0.000485705,0.00057815,0.000689382,0.000792769,0.000847777,0.000830058,0.000756651,0.000669348,0.000589522,0.00050846,0.000416117,0.000319893,0.000237669,0.000180412,0.000145078,0.000122538,0.000103988,8.38E-05,6.19E-05,4.11E-05,2.50E-05,1.64E-05,1.42E-05,1.60E-05,2.10E-05,2.67E-05,3.15E-05,3.44E-05,3.37E-05,3.04E-05,2.50E-05,1.56E-05,0
2902,control,0,0.000148715,0.000313024,0.000488313,0.00066955,0.000859215,0.001062573,0.001278212,0.001500867,0.001725174,0.00194735,0.00216382,0.002366985,0.002541975,0.00266751,0.002727467,0.002729216,0.002701571,0.002677454,0.002679412,0.002701507,0.002699608,0.002616697,0.002437104,0.002214509,0.002020492,0.001877295,0.001768969,0.00168473,0.001622254,0.001573989,0.001528538,0.001485614,0.001458258,0.001453309,0.001468342,0.001504207,0.001561029,0.001634594,0.001722909,0.001828887,0.001960022,0.002117051,0.002283229,0.002435252,0.002556004,0.002645737,0.002731674,0.002848061,0.003012586,0.003226328,0.003475614,0.003741253,0.0040083,0.004258155,0.004471233,0.004633217,0.004733607,0.004777113,0.00477992,0.00474738,0.004676734,0.004564411,0.00441219,0.004238863,0.00406585,0.003906022,0.003771104,0.003662938,0.003577519,0.003515263,0.00346937,0.003431325,0.003399824,0.003372503,0.003351809,0.00334062,0.003331481,0.003319869,0.003304847,0.003285816,0.003270616,0.003263785,0.003266628,0.003286204,0.003320378,0.003362889,0.003418889,0.003496379,0.003599915,0.003724534,0.003857519,0.003993377,0.004130343,0.004268334,0.004407002,0.004530948,0.004630986,0.004710928,0.004757063,0.004776804,0.004814078,0.004866561,0.004903542,0.004938646,0.004987668,0.005032632,0.005041277,0.005010548,0.005012205,0.005109215,0.005270589,0.005450781,0.005643894,0.005846915,0.006034695,0.006175398,0.006262499,0.006307385,0.006317604,0.006313884,0.006306002,0.006279974,0.006291332,0.006452427,0.006785091,0.007234595,0.007756489,0.008299851,0.008770082,0.009104569,0.009431389,0.00994455,0.010568169,0.011085214,0.011430123,0.011632812,0.011722175,0.011685899,0.011448452,0.010979497,0.010387895,0.009781447,0.009129887,0.008406206,0.007802366,0.007562394,0.007627238,0.007829342,0.008140573,0.008578784,0.009130661,0.009764184,0.010417734,0.011020702,0.011525691,0.011915352,0.01220716,0.012418567,0.012513371,0.012417553,0.012147447,0.011860694,0.011665235,0.011525963,0.011417381,0.011360815,0.011318156,0.01120704,0.010938523,0.010426421,0.009663871,0.008730089,0.007732809,0.006764791,0.005857555,0.004989459,0.00413769,0.003308379,0.002503965,0.001744738,0.001176924,0.000961347,0.001000587,0.001029799,0.000920371,0.000800404,0.000849421,0.001029476,0.001209417,0.001330077,0.00134667,0.001227698,0.000983002,0.000646469,0.000314914,9.98E-05,1.62E-05,0,1.51E-07,4.42E-06,1.53E-05,3.88E-05,6.75E-05,8.62E-05,8.21E-05,5.07E-05,1.36E-05,0,0,1.42E-05,2.49E-05,3.78E-05,5.82E-05,8.59E-05,0.000117941,0.000149703,0.000180191,0.000212225,0.000245675,0.000281641,0.000321651,0.000364318,0.000412115,0.000471289,0.000549218,0.000654208,0.000790323,0.000963337,0.001178252,0.001417695,0.001635784,0.001768914,0.001760261,0.001604643,0.001358642,0.001098368,0.000875491,0.000702284,0.000570657,0.000474372,0.000407405,0.000363374,0.000336762,0.000319469,0.00030579,0.000293263,0.000279969,0.000268182,0.000259186,0.000252625,0.000252512,0.000261556,0.000279624,0.000308309,0.000348946,0.000403587,0.000468362,0.000524454,0.0005485,0.000529816,0.00047989,0.000423381,0.000370686,0.000315599,0.000255372,0.000195021,0.000143845,0.000110257,9.28E-05,8.50E-05,8.09E-05,7.59E-05,7.02E-05,6.48E-05,5.93E-05,5.47E-05,5.10E-05,4.73E-05,4.45E-05,4.17E-05,3.93E-05,3.73E-05,3.39E-05,3.15E-05,2.97E-05,2.12E-05,0
2511,control,0,0.000107026,0.000230127,0.000367633,0.000515636,0.000675773,0.000853656,0.001051488,0.00126712,0.001494981,0.001730376,0.001971574,0.002215007,0.002447308,0.002641274,0.0027679,0.002821851,0.002826761,0.002819841,0.002834762,0.002880993,0.002925926,0.002904693,0.002774841,0.002569644,0.002363839,0.002193578,0.002049498,0.00192084,0.001807893,0.001707764,0.001610477,0.00151508,0.001434529,0.001376413,0.001339176,0.001324328,0.001333699,0.001363655,0.001408047,0.001466195,0.001548518,0.001662496,0.001797239,0.001928807,0.002030886,0.00209392,0.002142333,0.002215775,0.002341253,0.002526019,0.002759756,0.003027701,0.003317795,0.003611532,0.003887515,0.004126409,0.00431176,0.004442774,0.004531045,0.004580947,0.004588279,0.004543051,0.00443986,0.004292256,0.00412038,0.003941882,0.003774058,0.003623555,0.00349233,0.00338427,0.003294998,0.00321861,0.003152511,0.003091835,0.003037939,0.002993249,0.002952087,0.002909709,0.002861195,0.002803973,0.002745254,0.002688842,0.002637221,0.002599681,0.00257854,0.002572585,0.002585602,0.0026185,0.002670081,0.002736515,0.002813571,0.002905033,0.003014182,0.003140191,0.003278016,0.003412126,0.003533366,0.00363742,0.003707727,0.003754133,0.00381491,0.003882481,0.003919899,0.003929003,0.003928597,0.003921204,0.003894364,0.003843637,0.003808835,0.003835911,0.003929146,0.004081399,0.004279644,0.00448943,0.004677169,0.00483007,0.004954403,0.005039848,0.005049896,0.004997147,0.004917901,0.004790449,0.00463988,0.004603161,0.004775372,0.005141055,0.005645062,0.006218494,0.006762493,0.007225522,0.007736274,0.008454025,0.009294651,0.010078948,0.010736784,0.011251507,0.011649403,0.011953174,0.012091267,0.011956241,0.011537554,0.010932333,0.010201791,0.009350272,0.008513099,0.007933109,0.007653233,0.007571174,0.007644715,0.007876154,0.008278839,0.008859796,0.00957473,0.010338308,0.011070929,0.011730989,0.012325835,0.012872714,0.01333483,0.013608845,0.013659859,0.013629535,0.013658855,0.013748253,0.013867843,0.014026974,0.014225272,0.014411569,0.014435229,0.014100743,0.013380014,0.012411531,0.011344366,0.010275575,0.009239543,0.008231973,0.007223403,0.006192071,0.005162747,0.004196227,0.003415314,0.002941812,0.002718217,0.002556324,0.002342311,0.002138611,0.00206792,0.002121223,0.002217423,0.002288131,0.002240792,0.002027637,0.00167691,0.001225691,0.000756669,0.000385399,0.000152467,3.54E-05,3.18E-06,1.43E-06,5.90E-07,5.11E-07,1.59E-05,4.40E-05,6.04E-05,4.51E-05,1.30E-05,0,0,3.13E-06,6.57E-06,1.43E-05,2.99E-05,5.33E-05,8.07E-05,0.000107002,0.000130843,0.000153383,0.000175151,0.000198578,0.000225949,0.000258561,0.00030014,0.000356812,0.000437246,0.000549565,0.000698364,0.00089321,0.001143843,0.00143808,0.001729333,0.001941553,0.001998601,0.001876864,0.001628137,0.001341682,0.001084918,0.000879448,0.00072151,0.000603867,0.000518572,0.000458021,0.000414385,0.000379318,0.000347633,0.000316897,0.000287291,0.000262044,0.000242813,0.000231276,0.000230972,0.000243024,0.000266928,0.000302795,0.000351771,0.000416819,0.00049412,0.000564752,0.00060128,0.000587062,0.000533972,0.000471833,0.000416059,0.000361067,0.000299438,0.000234435,0.000177488,0.000136945,0.000111372,9.45E-05,7.98E-05,6.33E-05,4.59E-05,2.98E-05,1.79E-05,1.24E-05,1.22E-05,1.62E-05,2.28E-05,2.85E-05,3.21E-05,3.34E-05,3.16E-05,2.82E-05,2.34E-05,1.48E-05,0
3357,control,0,8.42E-05,0.000175831,0.000280373,0.000398165,0.000537144,0.000709268,0.000916488,0.001148733,0.001390971,0.001632201,0.001867304,0.002092205,0.002296347,0.002453449,0.002534084,0.002539611,0.002505887,0.002476973,0.002483254,0.002526016,0.002568033,0.002545186,0.00242173,0.00224143,0.00207676,0.001945172,0.001824622,0.001704099,0.001585476,0.00146932,0.001353337,0.001248098,0.001176779,0.001147111,0.001153138,0.001193655,0.001264356,0.00135509,0.001455847,0.001561296,0.001679701,0.001818715,0.001968239,0.002107174,0.002204353,0.002240577,0.002248184,0.002289937,0.002407865,0.002603222,0.002845544,0.003108787,0.003383448,0.003652629,0.003895568,0.004094346,0.004233518,0.004320007,0.004375195,0.004409123,0.004419993,0.004390067,0.004304969,0.00417978,0.004033624,0.003878123,0.003724751,0.003570123,0.003415842,0.003278036,0.003159698,0.003060048,0.002980035,0.002912628,0.00285994,0.002822673,0.00278882,0.002752633,0.002708339,0.0026549,0.002605852,0.002559578,0.002510887,0.002475193,0.002464545,0.002489315,0.002554576,0.002633709,0.002703858,0.002772235,0.002850603,0.002952976,0.003084301,0.003223714,0.003353244,0.003477084,0.003600831,0.003705237,0.003767139,0.003830676,0.003966835,0.004122083,0.004174633,0.004126707,0.004068414,0.004049234,0.004072137,0.004109225,0.00413281,0.00416902,0.004291639,0.00453392,0.004800911,0.004978255,0.005105632,0.005299698,0.005626937,0.005965009,0.006001522,0.00574586,0.005585266,0.005582059,0.005460806,0.005255573,0.005323841,0.005797537,0.006483241,0.007142525,0.00761334,0.007906032,0.008294051,0.008974604,0.009843824,0.010761172,0.011498325,0.011778625,0.011786734,0.011948965,0.012260512,0.012240793,0.011573291,0.010649701,0.009959189,0.009424832,0.008759479,0.008088842,0.007753746,0.007792392,0.007975762,0.008108344,0.008266239,0.008628792,0.009185749,0.009796453,0.010360545,0.010851816,0.01131554,0.011843937,0.012414575,0.012748744,0.012675148,0.012492768,0.012532281,0.012741836,0.012900759,0.01300077,0.01326088,0.013699486,0.01384265,0.013177476,0.011923595,0.010678148,0.00967644,0.008810495,0.007982026,0.007247019,0.006569934,0.005714729,0.004693793,0.003843648,0.00332186,0.002990371,0.002734264,0.00255724,0.002421133,0.002297753,0.002288243,0.002523497,0.003018387,0.003512993,0.003557978,0.003088869,0.00242075,0.001702411,0.000978872,0.000407702,9.05E-05,9.36E-06,8.39E-05,0.000180421,0.000131613,2.17E-05,1.79E-05,0.000135326,0.000252891,0.000231383,9.73E-05,0,0,6.59E-06,1.10E-05,2.00E-05,3.76E-05,6.42E-05,9.99E-05,0.000141477,0.000187979,0.000238382,0.000285888,0.000330283,0.000376097,0.000426792,0.000488531,0.0005691,0.000680572,0.000835558,0.001039266,0.001303482,0.001638386,0.002020061,0.002379307,0.002613207,0.002629828,0.0024172,0.002055292,0.001659891,0.001312947,0.001035661,0.000820368,0.000660568,0.000548366,0.00047423,0.000425558,0.000388005,0.000354132,0.000320964,0.000287815,0.000258214,0.000233584,0.000218104,0.000219809,0.000240528,0.000277724,0.000329489,0.000395291,0.000478626,0.000572791,0.000651808,0.000684837,0.000656434,0.000582955,0.000500775,0.000427767,0.00035853,0.000285597,0.000210693,0.000146502,0.000104215,8.04E-05,6.60E-05,5.35E-05,3.83E-05,2.22E-05,8.40E-06,1.18E-06,7.22E-07,3.77E-06,8.30E-06,1.31E-05,1.40E-05,1.15E-05,7.00E-06,1.42E-06,8.89E-08,4.69E-07,6.72E-07,0
3268,control,0,0.000110925,0.000237428,0.000378193,0.000530066,0.000694196,0.000874006,0.001069747,0.001278476,0.001494187,0.001712487,0.001931916,0.002147475,0.002344636,0.002499605,0.002592241,0.00262502,0.002621281,0.002612718,0.002627203,0.002667004,0.002695466,0.002654331,0.002513051,0.002309149,0.00211147,0.001950523,0.001818315,0.001707655,0.00161919,0.001547585,0.001479413,0.001411539,0.001356665,0.001321776,0.001305145,0.001308213,0.001330575,0.001368417,0.001419652,0.001486085,0.001577126,0.001697426,0.001833501,0.001963241,0.00206614,0.002138002,0.00220442,0.002298752,0.002438641,0.002627778,0.002857759,0.003116196,0.003391671,0.003664726,0.003915413,0.004128069,0.004287909,0.004394981,0.0044604,0.004485936,0.004467057,0.004396013,0.004271082,0.00411123,0.003938129,0.003766307,0.003611627,0.003480883,0.003375133,0.003295644,0.003233847,0.003181628,0.003136193,0.003092682,0.003054901,0.003026681,0.003000493,0.002972672,0.002940844,0.002902653,0.002865823,0.002835762,0.00281674,0.002815018,0.002822094,0.002827891,0.002840156,0.002877216,0.002951402,0.003050074,0.003153018,0.00325799,0.003368116,0.003493321,0.00363882,0.003777837,0.003896905,0.004001846,0.004062599,0.004076094,0.00409904,0.004139829,0.004173206,0.004215912,0.004273982,0.004312719,0.004283638,0.004190526,0.004148053,0.00423758,0.00439045,0.004536485,0.004702815,0.004924606,0.005153148,0.00530502,0.005353968,0.005334009,0.005307241,0.005311323,0.005294667,0.005198373,0.005120091,0.005227388,0.005523789,0.005921839,0.006401059,0.00694757,0.00745215,0.007813723,0.008193313,0.008871495,0.009750641,0.010508431,0.011065358,0.011506696,0.011858632,0.012046232,0.0119548,0.011591908,0.011125185,0.010610783,0.009897543,0.008941462,0.008091807,0.007731737,0.007730641,0.007819167,0.007994461,0.008351859,0.008898751,0.009575446,0.010313516,0.011056353,0.011750527,0.012359037,0.01288541,0.013332005,0.013650631,0.013769702,0.013710689,0.013626118,0.013604076,0.013601046,0.013628013,0.013724748,0.013809882,0.013787484,0.013629329,0.013272552,0.012612939,0.011641401,0.010491944,0.00934073,0.00826634,0.007230782,0.006194773,0.00518997,0.004200313,0.003185068,0.00234055,0.001965641,0.001974605,0.001980158,0.001783759,0.001565375,0.001569093,0.00171053,0.001786063,0.001760795,0.001670243,0.00150465,0.001227351,0.000841098,0.000459886,0.000208283,8.07E-05,2.08E-05,6.42E-07,0,1.10E-05,6.41E-05,0.000108699,0.00011364,8.06E-05,3.14E-05,2.91E-07,0,0,9.90E-06,1.45E-05,2.11E-05,3.62E-05,6.08E-05,9.10E-05,0.000119646,0.000146083,0.000174025,0.000204358,0.000238729,0.000277422,0.000318568,0.000365112,0.000423386,0.000502413,0.000611502,0.000753798,0.000936334,0.001167312,0.001431638,0.001683096,0.001851815,0.001870249,0.001724568,0.001470874,0.001193711,0.000953524,0.000765307,0.000620814,0.000513295,0.000436911,0.000386194,0.000354378,0.000331689,0.000312869,0.000295816,0.000279067,0.000265405,0.00025544,0.000248827,0.000250062,0.000261508,0.000282597,0.000314254,0.00035873,0.000420577,0.00049608,0.000564307,0.000598935,0.000585992,0.000536679,0.000478349,0.000423819,0.000367153,0.000303484,0.000237058,0.000179326,0.000139775,0.000117203,0.000105651,9.87E-05,9.17E-05,8.47E-05,7.82E-05,7.17E-05,6.74E-05,6.61E-05,6.71E-05,6.97E-05,7.15E-05,7.23E-05,7.18E-05,6.74E-05,6.15E-05,5.37E-05,3.59E-05,0
3460,control,0,0.000128599,0.000272328,0.000429142,0.000594779,0.000771196,0.00096388,0.001173074,0.001393874,0.001619208,0.001844285,0.002065788,0.002276128,0.002460185,0.002596032,0.002666568,0.002678431,0.002659523,0.002642511,0.002651367,0.002682836,0.002695719,0.002632304,0.002470173,0.002255195,0.002056556,0.001900378,0.001776832,0.001678828,0.001605045,0.001547537,0.001492566,0.001437602,0.001395666,0.001374546,0.001373385,0.001394369,0.001437438,0.001497793,0.001572027,0.001661113,0.001773086,0.001910686,0.002058992,0.002197134,0.002309813,0.002397933,0.002487536,0.002608279,0.002773851,0.002986326,0.003235951,0.003506606,0.003783079,0.004044673,0.004271945,0.004451596,0.004572579,0.004638114,0.004662038,0.004648549,0.004595258,0.00449679,0.004352793,0.004182104,0.004006072,0.003838419,0.003693424,0.003575479,0.003483366,0.003417877,0.003370029,0.003331088,0.003300117,0.003274071,0.00325531,0.003245434,0.003235762,0.003222723,0.003205408,0.003182661,0.003162336,0.00314824,0.003142439,0.003153049,0.003176425,0.003205641,0.00324708,0.003309898,0.003399059,0.003508526,0.003626619,0.003751571,0.003882699,0.004019518,0.004161107,0.004290825,0.004401633,0.004497197,0.004556356,0.00458554,0.00463573,0.004701418,0.004741658,0.004769535,0.004806425,0.004836797,0.004829027,0.004783395,0.004776705,0.004870183,0.005026274,0.005199059,0.005387192,0.005590636,0.005782541,0.005927969,0.006022083,0.006069951,0.006059901,0.00601959,0.005993445,0.005971704,0.005979745,0.006119865,0.00643435,0.006880917,0.00741173,0.007969166,0.008443364,0.008764945,0.009097316,0.009673929,0.010405304,0.0110389,0.01148242,0.011750173,0.011893146,0.011934451,0.011795763,0.011407941,0.010850809,0.010245233,0.009575006,0.008799118,0.008111929,0.007794468,0.007804664,0.007958938,0.00821232,0.008582015,0.009071867,0.009667569,0.010313582,0.01093789,0.011486993,0.011937121,0.012304876,0.012613875,0.012829279,0.012854574,0.012685127,0.012494061,0.01240509,0.012370475,0.012349534,0.012365599,0.012396559,0.012369077,0.012171357,0.011674972,0.010868501,0.009867413,0.008806641,0.007782484,0.00682439,0.005911983,0.005014152,0.004114626,0.003206537,0.002328399,0.001654599,0.001363287,0.001353307,0.001341694,0.001180912,0.000999268,0.000990394,0.001121397,0.001259619,0.001334266,0.001286391,0.001113506,0.000866193,0.000567215,0.000279324,9.78E-05,2.37E-05,2.23E-06,6.05E-06,1.60E-05,2.48E-05,4.46E-05,7.68E-05,0.000104564,0.000105946,6.84E-05,1.90E-05,0,0,1.07E-05,1.67E-05,2.44E-05,4.01E-05,6.44E-05,9.42E-05,0.000124002,0.000152754,0.000183045,0.000214094,0.000246635,0.000281651,0.000317564,0.000356539,0.000404206,0.000468353,0.000556905,0.000671467,0.00081572,0.000994452,0.0011934,0.001373943,0.001481695,0.001468285,0.001330419,0.00111661,0.000892276,0.000702634,0.000557764,0.00044973,0.000372636,0.000320917,0.000289201,0.000272078,0.000261525,0.000252675,0.000243579,0.000232917,0.000223247,0.000215434,0.000209681,0.000210668,0.000220678,0.000238687,0.000265344,0.000301903,0.00035083,0.000408055,0.000456352,0.000476131,0.000458726,0.000414203,0.000364278,0.000318258,0.000271362,0.000220977,0.000170111,0.000126426,9.77E-05,8.27E-05,7.62E-05,7.25E-05,6.78E-05,6.26E-05,5.80E-05,5.38E-05,5.14E-05,5.04E-05,4.99E-05,5.00E-05,4.90E-05,4.72E-05,4.49E-05,4.07E-05,3.73E-05,3.41E-05,2.37E-05,0
2367,control,0,0.000131748,0.000275323,0.000427607,0.000582559,0.000740984,0.000908817,0.001087497,0.001274117,0.001464746,0.001656853,0.001846802,0.002024954,0.002174518,0.002276062,0.002318887,0.002314218,0.002289931,0.002273125,0.002278803,0.002299143,0.002295126,0.002217465,0.002057318,0.001866893,0.001707217,0.00159376,0.00151304,0.001456579,0.00141972,0.001394085,0.001371634,0.001352755,0.001346788,0.00135951,0.0013904,0.001441475,0.001514443,0.001605896,0.00171189,0.001832381,0.001971867,0.002129594,0.002289649,0.002431873,0.002546636,0.002641251,0.002742247,0.002877577,0.003056763,0.00327485,0.003519478,0.003774648,0.004024852,0.00425173,0.004438062,0.004573164,0.004650708,0.004675356,0.004660756,0.004612639,0.004530527,0.004413545,0.00426469,0.004100721,0.003942068,0.003802545,0.00369332,0.003615044,0.00356179,0.003531685,0.00351711,0.003508686,0.003505446,0.003507067,0.003515054,0.003530579,0.003547017,0.003561076,0.003574203,0.003587526,0.003606507,0.003631038,0.003658209,0.003697136,0.00375382,0.003826266,0.00391482,0.004013221,0.004116335,0.004232125,0.00436673,0.004520844,0.004689877,0.00485736,0.005008291,0.005138122,0.005246337,0.005334739,0.005406144,0.00547591,0.005565546,0.005655342,0.005702993,0.005713112,0.005720988,0.005747122,0.005794113,0.0058499,0.005910733,0.005999779,0.0061471,0.006356408,0.006576666,0.006746369,0.006873705,0.007003215,0.007155618,0.007294026,0.007326549,0.007258462,0.007216002,0.00725208,0.007342832,0.007519148,0.007848181,0.008333953,0.00889751,0.009437847,0.009886582,0.010242723,0.010594783,0.011003806,0.011409455,0.011743341,0.011946007,0.011948846,0.01180672,0.011636044,0.011420201,0.011025022,0.010403673,0.009720659,0.00914881,0.00868919,0.008297191,0.008046172,0.008024419,0.008216398,0.008539324,0.00890133,0.009285697,0.009723471,0.010178954,0.010573982,0.010868017,0.01106065,0.011181557,0.011267685,0.011306014,0.011217772,0.01098661,0.010750001,0.010630044,0.01059308,0.010547469,0.010479471,0.010431812,0.010361613,0.010061198,0.009352849,0.008368514,0.007361436,0.006439007,0.005588186,0.004781384,0.004026961,0.003306598,0.00256286,0.00183647,0.001257832,0.000899686,0.000730034,0.000665047,0.000634329,0.00059042,0.000538008,0.000533148,0.000623461,0.000808445,0.000985583,0.000984677,0.000791518,0.00054401,0.000313285,0.000117206,8.75E-06,0,4.25E-07,4.80E-05,0.000107015,0.000114623,9.12E-05,9.45E-05,0.000131223,0.000161699,0.000138386,6.70E-05,0,0,1.46E-05,2.78E-05,4.42E-05,6.82E-05,9.88E-05,0.000135844,0.00017799,0.000223031,0.000269931,0.000314954,0.000356884,0.000397986,0.000438141,0.00047987,0.000528843,0.000590415,0.000670986,0.000772796,0.000896018,0.0010388,0.001181788,0.00128638,0.001309726,0.001225616,0.001051252,0.000839971,0.000643268,0.000488081,0.000375641,0.000297364,0.000248815,0.000223721,0.000214115,0.000215522,0.000222465,0.000230341,0.00023751,0.000241568,0.000241989,0.00023937,0.000235662,0.0002369,0.000246022,0.000261779,0.000285487,0.000318168,0.000359216,0.000402987,0.000433617,0.000435773,0.000406937,0.000358653,0.000308551,0.000262273,0.000214595,0.000166255,0.000123309,9.17E-05,7.56E-05,7.11E-05,7.16E-05,7.23E-05,6.89E-05,6.19E-05,5.51E-05,4.95E-05,4.52E-05,3.99E-05,3.27E-05,2.62E-05,2.00E-05,1.39E-05,1.03E-05,8.44E-06,7.86E-06,8.00E-06,5.85E-06,0
2617,control,0,0.000114122,0.000245017,0.00038999,0.000545269,0.000712337,0.00089465,0.001091189,0.001298797,0.001513045,0.001730555,0.001950397,0.002169105,0.002373186,0.002537049,0.002636285,0.002670841,0.002666218,0.002657025,0.002671742,0.00271357,0.002745744,0.002706703,0.002565295,0.002364832,0.002179363,0.002036413,0.001919359,0.001814775,0.001722397,0.001640011,0.001560453,0.001486376,0.00143269,0.001406141,0.001402179,0.001418783,0.00145544,0.001508979,0.001576743,0.001660696,0.001769905,0.001908982,0.002064942,0.00221181,0.002320931,0.002380917,0.002418754,0.002482536,0.002604256,0.002786192,0.003010526,0.003260714,0.003527876,0.003796611,0.004045934,0.00425578,0.004410117,0.004510758,0.004573017,0.004602458,0.004593124,0.004534936,0.004424892,0.004278741,0.004116921,0.003954421,0.003804766,0.00367117,0.003552434,0.003453215,0.003372589,0.003304449,0.003244173,0.003187326,0.003137414,0.003099053,0.003066628,0.003034051,0.002996762,0.002953363,0.002912028,0.002877929,0.002853209,0.002844563,0.00285109,0.002868345,0.002900818,0.002956683,0.003040157,0.003142655,0.003250008,0.003359499,0.003475343,0.003604123,0.003745004,0.003877325,0.003988969,0.004079227,0.004129938,0.004149598,0.004184622,0.004234146,0.004267881,0.004298804,0.00434363,0.004383231,0.0043797,0.00432713,0.004300242,0.004367733,0.004504285,0.004669108,0.004861756,0.005079377,0.005287563,0.005448508,0.005555027,0.005615292,0.005635112,0.00563169,0.005596373,0.005489707,0.005370801,0.005399744,0.005639883,0.006038598,0.006542092,0.00709679,0.007601769,0.007989333,0.008396642,0.009026976,0.009794794,0.010465836,0.010968459,0.011335264,0.011592986,0.011719634,0.011631634,0.011290863,0.010788973,0.010212555,0.009522012,0.008698282,0.007961908,0.007591002,0.007535855,0.007622889,0.007826885,0.008179486,0.008680427,0.009306642,0.010004023,0.010699587,0.011332551,0.0118731,0.012330635,0.012718393,0.012996117,0.013077773,0.012964557,0.012808829,0.012724615,0.012689133,0.012686784,0.012739397,0.012809556,0.012820952,0.012680449,0.012270287,0.011549782,0.010600122,0.00955293,0.008522292,0.007552689,0.006624661,0.005710843,0.004812225,0.003924523,0.003065883,0.002394899,0.002091302,0.002064539,0.00204159,0.001891585,0.001756291,0.001825303,0.002040898,0.002244895,0.00237335,0.002375847,0.00218812,0.001796796,0.00125838,0.000718991,0.00032763,0.000110806,2.06E-05,2.92E-07,5.45E-07,4.45E-06,2.78E-05,5.84E-05,7.91E-05,7.67E-05,4.73E-05,1.19E-05,0,0,9.86E-06,1.70E-05,2.71E-05,4.59E-05,7.38E-05,0.000107819,0.000142916,0.000177504,0.00021404,0.000253578,0.000296958,0.000345268,0.000398507,0.000460072,0.000537476,0.000640596,0.000779778,0.000962095,0.001197308,0.00149254,0.001826458,0.002137392,0.002336436,0.002343901,0.002147804,0.001821823,0.001470447,0.001163837,0.000919602,0.000729552,0.000586409,0.000483661,0.000412995,0.000366014,0.00033328,0.000307825,0.000286068,0.000266088,0.000249428,0.000237256,0.000229999,0.000231469,0.000244465,0.000269232,0.000307263,0.00036089,0.000432787,0.000517858,0.00059325,0.000628045,0.000606967,0.000545324,0.000474829,0.000409761,0.000342146,0.000266156,0.000188883,0.0001237,8.01E-05,5.64E-05,4.52E-05,3.91E-05,3.30E-05,2.59E-05,1.96E-05,1.50E-05,1.30E-05,1.32E-05,1.51E-05,1.87E-05,2.22E-05,2.45E-05,2.62E-05,2.64E-05,2.64E-05,2.62E-05,1.97E-05,0
3290,control,0,0.000123075,0.000260629,0.000410899,0.000570036,0.000739595,0.000924301,0.001124326,0.001335659,0.001552446,0.00177075,0.001987852,0.002196673,0.00238203,0.002521517,0.002597553,0.002615922,0.00260326,0.002591082,0.002603012,0.002637261,0.002655153,0.00260003,0.002447913,0.00224166,0.002048749,0.00189607,0.001775015,0.001678871,0.001606501,0.001550368,0.001497352,0.001444634,0.001403733,0.00138173,0.001377966,0.001394845,0.001433244,0.001489166,0.001559033,0.001643769,0.001751563,0.001885516,0.002031129,0.002167185,0.002278418,0.002366243,0.002455923,0.002575837,0.002738912,0.002947232,0.003192559,0.00346026,0.003735544,0.003998133,0.004228409,0.004412555,0.004539577,0.004611869,0.004641978,0.004633781,0.004584967,0.004490855,0.004351552,0.004184868,0.004011653,0.003846242,0.003703275,0.00358772,0.003498369,0.003435244,0.003389356,0.003351951,0.00332187,0.003296211,0.003276877,0.003265611,0.003254896,0.00324135,0.003224054,0.003201943,0.003182158,0.003168142,0.003161446,0.003169818,0.003191044,0.003219323,0.003260087,0.003320414,0.003404095,0.003507471,0.003622266,0.003747404,0.003881412,0.004021374,0.004163957,0.004293623,0.004403131,0.004495145,0.004553388,0.004585998,0.004637769,0.004702759,0.004743234,0.004769126,0.004800424,0.004827362,0.004825353,0.004792767,0.004791206,0.004874172,0.00501712,0.005185931,0.005374472,0.005572818,0.005755597,0.005897054,0.005995047,0.006050646,0.006047568,0.006009013,0.005978229,0.005950354,0.005953569,0.006085849,0.006389557,0.006828579,0.007356057,0.007913271,0.008400431,0.008758536,0.009130169,0.009712211,0.010420822,0.011038048,0.011483235,0.011762013,0.011916204,0.011967628,0.011844838,0.011477523,0.010928588,0.01031529,0.009645088,0.008891102,0.008219395,0.007879736,0.007849676,0.007975939,0.008215814,0.008576941,0.00905981,0.009653095,0.010303368,0.010935883,0.011494011,0.011953209,0.012329053,0.012642795,0.012860117,0.012890704,0.01272956,0.012537691,0.012437822,0.012395527,0.012372538,0.012386218,0.012419022,0.012402838,0.012219324,0.011734283,0.010942103,0.0099619,0.008921853,0.007909095,0.006951192,0.006033473,0.005127339,0.004217409,0.003309701,0.002450045,0.001789129,0.001477332,0.001426287,0.001387607,0.001228333,0.001050579,0.001018762,0.001113049,0.001226731,0.00129294,0.001246766,0.001080748,0.000842923,0.000555371,0.000273934,8.80E-05,1.39E-05,4.90E-07,3.98E-07,8.39E-06,1.60E-05,3.12E-05,5.91E-05,8.66E-05,9.25E-05,6.26E-05,1.89E-05,0,0,9.16E-06,1.46E-05,2.21E-05,3.70E-05,5.95E-05,8.69E-05,0.000114768,0.000141797,0.000170211,0.000199486,0.000230103,0.000263049,0.000297258,0.000334962,0.000381571,0.000444318,0.000530701,0.000642922,0.000785191,0.000962937,0.001163229,0.001348199,0.00146346,0.001459644,0.001330855,0.001123638,0.000903082,0.000714816,0.000569887,0.000461099,0.000382721,0.000329317,0.000295247,0.000275279,0.000262186,0.000251324,0.000240872,0.000229582,0.000219385,0.000211053,0.000204893,0.00020511,0.00021386,0.000230393,0.000255608,0.000291037,0.000339135,0.000396274,0.0004458,0.00046767,0.000452483,0.000409833,0.000361123,0.00031597,0.000269475,0.000218562,0.000166666,0.000121909,9.19E-05,7.58E-05,6.81E-05,6.36E-05,5.84E-05,5.26E-05,4.75E-05,4.30E-05,4.02E-05,3.88E-05,3.82E-05,3.84E-05,3.76E-05,3.59E-05,3.40E-05,3.11E-05,2.88E-05,2.70E-05,1.93E-05,0
2151,control,0,0.000113244,0.000243336,0.000387054,0.000540487,0.000704811,0.000883287,0.001076354,0.001283047,0.001499258,0.001720108,0.001944713,0.002172694,0.002393221,0.002579184,0.002700269,0.002750042,0.002752329,0.00274466,0.002759485,0.002804872,0.002848565,0.002827869,0.002706277,0.002526724,0.002366842,0.002250822,0.002151648,0.002048467,0.001941276,0.001834484,0.001731236,0.001643201,0.001588068,0.001569306,0.001577129,0.001605836,0.001653594,0.001717247,0.001794542,0.001887566,0.002005325,0.002153891,0.002322675,0.002482064,0.002588143,0.002612665,0.002584881,0.002577934,0.002647041,0.00279394,0.002986687,0.003204598,0.003447005,0.003705791,0.003960755,0.004187634,0.004364888,0.004493229,0.004590581,0.00466325,0.004702601,0.004693396,0.004627303,0.004517186,0.004382676,0.004238475,0.004095851,0.003953595,0.003809575,0.003674895,0.003558153,0.003457661,0.003365816,0.003275159,0.003191643,0.003124104,0.003068246,0.0030156,0.0029579,0.002892399,0.002828217,0.002770364,0.002719458,0.002683004,0.002665373,0.002667789,0.002693048,0.002740171,0.00280698,0.002885272,0.002962259,0.003038874,0.00312724,0.003238289,0.003370722,0.003503526,0.003620816,0.003716516,0.003774168,0.003802206,0.0038382,0.003879349,0.003900365,0.00391293,0.003935234,0.003958155,0.003948908,0.003890426,0.00383639,0.003856006,0.003953944,0.004108044,0.004302807,0.004514018,0.00471145,0.004876185,0.00500623,0.005097442,0.005140984,0.005143135,0.005072697,0.004857031,0.004554153,0.004378655,0.00445252,0.004735347,0.00515452,0.005645941,0.00612467,0.006538655,0.006989779,0.00762234,0.008363324,0.009040454,0.009602099,0.01006268,0.010439256,0.010717795,0.010823393,0.01069364,0.010355993,0.009871559,0.009243153,0.008471105,0.007721941,0.007236641,0.007018746,0.006948644,0.007003975,0.007210993,0.007578097,0.008092304,0.008709411,0.009366256,0.010003618,0.010586823,0.011120145,0.011610826,0.012021564,0.012276124,0.012356133,0.012370567,0.012421891,0.012508581,0.012623012,0.012781567,0.012960942,0.01310191,0.013100033,0.012819565,0.012221927,0.011388691,0.010443224,0.009493783,0.008586218,0.007710813,0.006841009,0.005974425,0.005127554,0.004327123,0.00368566,0.003339305,0.003234436,0.003176581,0.003067575,0.003011775,0.003156917,0.003450653,0.003739765,0.003947466,0.003991029,0.003732465,0.003119468,0.002264564,0.0014018,0.000738954,0.000326103,0.000111355,2.48E-05,2.67E-06,1.95E-06,1.33E-05,3.58E-05,5.45E-05,5.66E-05,3.65E-05,1.01E-05,0,0,8.88E-06,1.89E-05,3.51E-05,6.09E-05,9.56E-05,0.000136039,0.000177693,0.000218727,0.000260064,0.000302921,0.000350774,0.000406843,0.000473273,0.000556429,0.000665938,0.000813384,0.001011785,0.001273606,0.001616916,0.002053444,0.002554932,0.003036402,0.003369625,0.003433401,0.00319902,0.002763052,0.002273843,0.001834181,0.001473633,0.001186676,0.000965783,0.000802178,0.000684729,0.000600994,0.00053768,0.000485895,0.000440914,0.000400651,0.000367238,0.000342299,0.00032724,0.000326628,0.000343545,0.000379147,0.000434976,0.00051295,0.000616594,0.000739983,0.000852989,0.000911036,0.000888608,0.000805357,0.000706858,0.000615746,0.000522431,0.00041736,0.000310104,0.000220288,0.000159184,0.000122963,0.00010178,8.61E-05,6.89E-05,4.93E-05,3.03E-05,1.58E-05,8.72E-06,7.61E-06,9.09E-06,1.36E-05,1.91E-05,2.46E-05,2.90E-05,3.00E-05,2.87E-05,2.54E-05,1.68E-05,0
2449,control,0,0.000132419,0.000278713,0.000435658,0.000598986,0.000768972,0.000948211,0.001135779,0.001329158,0.001525519,0.001723103,0.001919668,0.002107466,0.002270598,0.002388755,0.002449439,0.002461651,0.002450501,0.002442541,0.002455782,0.00248513,0.002492647,0.002427901,0.002275851,0.00208209,0.001909061,0.001779048,0.0016825,0.001612526,0.001566759,0.001536869,0.001511298,0.001487482,0.00147382,0.001475318,0.001490962,0.001522844,0.001572829,0.001638631,0.001718736,0.001815803,0.001936738,0.002082244,0.002236474,0.002377777,0.002493879,0.002589997,0.002690664,0.002820899,0.002989698,0.003196155,0.003432626,0.003685883,0.003941926,0.004182347,0.00438869,0.004548382,0.004652553,0.004703757,0.004713693,0.004685609,0.004617376,0.004508234,0.004362255,0.004197226,0.004033528,0.003884742,0.003763678,0.003674249,0.003612393,0.003575092,0.00355307,0.003536522,0.003523534,0.003512398,0.003505271,0.003505061,0.003506036,0.00350507,0.003502745,0.003498762,0.003498729,0.003506002,0.003521142,0.003549888,0.003590277,0.003635697,0.003690091,0.003761477,0.00385535,0.003970534,0.004099531,0.004238235,0.004382987,0.004529788,0.004674258,0.004800849,0.004900671,0.004979455,0.00503087,0.005060712,0.005100827,0.005150363,0.005188117,0.005224312,0.005269887,0.00531313,0.00533173,0.005322211,0.005338065,0.005428693,0.005572749,0.00573711,0.005916045,0.006102142,0.006271375,0.00639637,0.006468977,0.006500927,0.006509506,0.006513192,0.006509228,0.006493195,0.006535614,0.006730054,0.007070732,0.007503122,0.007996149,0.00851141,0.008977106,0.009344217,0.009702036,0.010189172,0.010738665,0.011179926,0.011470878,0.011644434,0.011715627,0.011657406,0.011405668,0.010952432,0.010401138,0.009834454,0.009224553,0.008562951,0.008021484,0.007800763,0.007845827,0.008020107,0.00830682,0.008720217,0.009239369,0.009828049,0.010429315,0.010980498,0.011439755,0.011791646,0.012050538,0.012226892,0.01228917,0.012190289,0.011956472,0.011710987,0.011535841,0.011406386,0.011306248,0.011248262,0.011189141,0.011053501,0.010768032,0.010265759,0.009542607,0.008659239,0.007704899,0.006764803,0.005872465,0.005010395,0.004157162,0.00332803,0.002542883,0.001818908,0.001268731,0.001027215,0.001018031,0.00101615,0.000905433,0.000776277,0.000764602,0.000846683,0.000928275,0.000967468,0.00093765,0.000824988,0.000640062,0.000403018,0.000177702,4.20E-05,4.53E-06,0,2.28E-07,3.70E-06,2.06E-05,4.76E-05,7.27E-05,8.42E-05,7.62E-05,4.88E-05,1.68E-05,0,0,1.12E-05,1.96E-05,2.98E-05,4.66E-05,6.93E-05,9.61E-05,0.000124137,0.000151882,0.000181334,0.000212532,0.000245445,0.000280763,0.00031709,0.000356353,0.000403786,0.000464998,0.000546724,0.000652268,0.000785205,0.000949535,0.001131789,0.001295203,0.001390315,0.001374089,0.001244227,0.001046814,0.00084149,0.000667727,0.000534138,0.000433371,0.000360558,0.0003111,0.000279274,0.00026113,0.000250963,0.000244292,0.000239419,0.000234243,0.000229102,0.000224408,0.000219787,0.000218862,0.000224345,0.000236276,0.000256735,0.000287842,0.000331428,0.000384402,0.000430994,0.000451682,0.000438032,0.000398947,0.000353519,0.00030993,0.000262758,0.000210249,0.000157869,0.00011382,8.50E-05,7.04E-05,6.47E-05,6.31E-05,6.13E-05,5.84E-05,5.55E-05,5.18E-05,4.77E-05,4.32E-05,3.84E-05,3.43E-05,3.04E-05,2.67E-05,2.46E-05,2.31E-05,2.27E-05,2.28E-05,1.71E-05,0
2324,control,0,0.000117075,0.000245338,0.000382412,0.000525383,0.000676698,0.000841306,0.001020244,0.001211821,0.001412988,0.00162116,0.001833703,0.002043365,0.002233973,0.002381958,0.002468571,0.002496702,0.002489396,0.002476636,0.002483666,0.002513327,0.002531713,0.002483311,0.00234034,0.002139265,0.001944763,0.001786983,0.001661069,0.001561243,0.001486419,0.001428819,0.001374377,0.001318091,0.001268729,0.001232987,0.00121179,0.001209172,0.001228153,0.001265931,0.001318277,0.001385954,0.001477685,0.001597031,0.001729962,0.001855765,0.001961558,0.00205149,0.002148256,0.002273134,0.002434516,0.002636819,0.002878062,0.003146688,0.003426994,0.003697941,0.00393916,0.004136314,0.004278699,0.004366531,0.004408529,0.004407116,0.004360963,0.00426779,0.004129124,0.003961477,0.003785304,0.003616723,0.003472055,0.003358566,0.003275797,0.003220502,0.003180491,0.003146472,0.003118084,0.00309292,0.003071619,0.003055511,0.003039121,0.003020492,0.002999399,0.002975091,0.002953529,0.002937307,0.002927109,0.002929682,0.002944623,0.00296813,0.003003694,0.003054274,0.003122624,0.003210981,0.003318456,0.003445451,0.003586928,0.00373381,0.003879453,0.004011272,0.004121606,0.00421143,0.004272135,0.004312958,0.004367639,0.004432238,0.004476613,0.004502104,0.004522625,0.004540437,0.004547067,0.004537755,0.004545631,0.004610698,0.004733682,0.004901985,0.005098816,0.005295199,0.005467423,0.005604114,0.00570623,0.005768959,0.005775689,0.005746458,0.005713836,0.005677944,0.005682778,0.005822459,0.006129428,0.006573795,0.007116803,0.007704082,0.008255185,0.008727362,0.009219803,0.009859593,0.010574445,0.011210535,0.0117113,0.012069846,0.012305048,0.012423215,0.012355652,0.012026296,0.011471214,0.010808965,0.01009333,0.009323817,0.008623234,0.008199618,0.008071293,0.008135057,0.008354028,0.008729105,0.009256966,0.009920935,0.010661221,0.011392155,0.012045356,0.012591086,0.013042524,0.013412652,0.013662094,0.013712943,0.013565669,0.013364058,0.01323408,0.013171781,0.013148909,0.013173127,0.013229007,0.013249077,0.013099389,0.012638098,0.011864498,0.01088955,0.009828925,0.008767674,0.007739912,0.006741206,0.005744682,0.004746988,0.003790692,0.002923888,0.002239499,0.001843853,0.001683887,0.00157762,0.001405924,0.001207592,0.001089842,0.001068766,0.001094784,0.001113033,0.00105953,0.000926218,0.00074619,0.000521706,0.000284248,0.000108781,2.31E-05,1.76E-06,0,2.83E-06,4.16E-06,1.06E-05,3.00E-05,5.25E-05,6.09E-05,4.28E-05,1.33E-05,0,0,6.07E-06,1.21E-05,2.21E-05,3.88E-05,6.13E-05,8.72E-05,0.000112116,0.00013478,0.000156805,0.000177847,0.000199268,0.000222941,0.000249035,0.000280864,0.000323534,0.00038263,0.000464136,0.000570581,0.00070741,0.000881238,0.001081629,0.001274229,0.001406058,0.001424874,0.001318725,0.00112938,0.000921255,0.000741924,0.000604738,0.000503634,0.000431751,0.000382059,0.000348618,0.000326639,0.000309539,0.000293546,0.000277808,0.000261955,0.000248163,0.000237357,0.000230044,0.000229737,0.000237809,0.000253772,0.000278513,0.000313148,0.000360484,0.000418126,0.000470296,0.000496008,0.000483773,0.000442488,0.000394469,0.000350265,0.000304719,0.00025377,0.000200919,0.000155005,0.000123165,0.000103881,9.19E-05,8.25E-05,7.21E-05,6.13E-05,5.15E-05,4.29E-05,3.72E-05,3.43E-05,3.32E-05,3.35E-05,3.28E-05,3.10E-05,2.89E-05,2.55E-05,2.24E-05,1.96E-05,1.31E-05,0
3038,control,0,0.000126128,0.000266138,0.000418183,0.000579052,0.000751648,0.000940921,0.001144804,0.001357098,0.001571827,0.00178557,0.001995666,0.002195125,0.002369128,0.002495564,0.002557599,0.002563165,0.002541403,0.002524401,0.002534003,0.002565305,0.002576758,0.002511877,0.002351221,0.00214274,0.001954452,0.001809662,0.001696562,0.001607651,0.001541902,0.001491628,0.001443923,0.001396971,0.001363536,0.001351226,0.001358722,0.001387364,0.001437367,0.00150441,0.00158524,0.001681452,0.001800969,0.001945827,0.002100379,0.002242647,0.002357751,0.00244812,0.002540073,0.002663468,0.002832006,0.003046686,0.003297096,0.003566552,0.003839512,0.004095922,0.004315537,0.004483951,0.004591451,0.004642718,0.004652749,0.004627159,0.004563793,0.004458256,0.004311669,0.00414222,0.003970394,0.003809195,0.00367136,0.003560182,0.003473344,0.003411455,0.00336671,0.003330455,0.003302058,0.003279421,0.003263937,0.003256912,0.003250784,0.003241645,0.003228738,0.003211988,0.003199381,0.00319455,0.003198194,0.003217561,0.003251141,0.003293699,0.003350637,0.003427963,0.003528374,0.003648999,0.003781389,0.003921945,0.004067202,0.004212251,0.004352853,0.004476171,0.004576125,0.004653868,0.004695613,0.004716461,0.004766324,0.004835938,0.004880188,0.004910458,0.004953087,0.004997579,0.005015688,0.005003377,0.005019621,0.005118827,0.005279674,0.005466588,0.005666217,0.005864879,0.006045408,0.006193682,0.006313019,0.00639716,0.006408384,0.006367255,0.006347571,0.00635916,0.006407115,0.006572997,0.006912975,0.007399633,0.007972161,0.008554403,0.009039071,0.009372904,0.009713129,0.010263737,0.010940795,0.011525498,0.011921784,0.012116404,0.012162319,0.012109634,0.011893323,0.011425499,0.01077019,0.010085042,0.009408102,0.008702648,0.008100536,0.007830748,0.007880259,0.008102978,0.008440768,0.008878575,0.009413563,0.010045675,0.010720356,0.011350934,0.011878159,0.012283615,0.012589258,0.012824698,0.012954093,0.012868415,0.012561602,0.012225577,0.01200771,0.011869706,0.011755898,0.011683075,0.011649196,0.011584682,0.011345887,0.010783349,0.009920215,0.008915759,0.007899264,0.006931011,0.006022234,0.005162811,0.004328928,0.003489271,0.002641021,0.00185296,0.001285295,0.001059265,0.001064036,0.001058251,0.000921784,0.000768015,0.000772084,0.000920808,0.001108809,0.001252519,0.001255446,0.001103216,0.000862614,0.000565916,0.00027202,7.94E-05,9.66E-06,0,5.42E-06,2.17E-05,2.68E-05,3.21E-05,5.75E-05,9.28E-05,0.000108426,7.88E-05,2.59E-05,0,0,1.14E-05,1.80E-05,2.57E-05,4.04E-05,6.24E-05,8.98E-05,0.000118653,0.000147973,0.000180501,0.000215543,0.000252236,0.000291233,0.000331418,0.000374572,0.00042631,0.000494174,0.000586261,0.000705643,0.000856525,0.00104359,0.001251466,0.001437678,0.0015444,0.001522542,0.001370587,0.001141362,0.00090344,0.0007025,0.000548299,0.00043183,0.000347088,0.000289357,0.000252644,0.000231713,0.000219538,0.000210803,0.000203238,0.000195019,0.00018747,0.000181454,0.000176888,0.00017757,0.000186027,0.000201734,0.000226019,0.000260719,0.000307923,0.000363817,0.000411299,0.000430103,0.000412113,0.000367959,0.00031868,0.000272873,0.000224681,0.000171437,0.000117439,7.10E-05,4.04E-05,2.54E-05,1.99E-05,1.90E-05,1.85E-05,1.80E-05,1.83E-05,1.86E-05,1.87E-05,1.86E-05,1.80E-05,1.75E-05,1.59E-05,1.32E-05,1.11E-05,9.39E-06,1.06E-05,1.47E-05,1.35E-05,0
3116,control,0,0.000115064,0.000243441,0.000382856,0.000529378,0.000685606,0.000857548,0.001046082,0.00124789,0.001458076,0.001673157,0.001890659,0.002103848,0.002296963,0.002445738,0.002529837,0.002552257,0.002538565,0.002521546,0.002527647,0.002558517,0.002576881,0.002523587,0.002370972,0.002160835,0.001962377,0.001804105,0.001676808,0.001572242,0.001489183,0.00142104,0.001355103,0.001288548,0.001233476,0.001198156,0.00118243,0.001188476,0.001217543,0.001265812,0.001328682,0.001406344,0.001507186,0.001634818,0.001775192,0.001906564,0.002012476,0.002093649,0.002175363,0.002287314,0.00244434,0.002649387,0.002894801,0.003166434,0.003449146,0.003722273,0.003965179,0.004162334,0.00430201,0.004385944,0.004426051,0.004426694,0.004385415,0.004296602,0.004159746,0.003991822,0.003813947,0.003641972,0.003491315,0.003367636,0.003270433,0.003199547,0.003146049,0.003101382,0.003064389,0.003032498,0.00300709,0.002989434,0.002972837,0.002953906,0.00293127,0.002904374,0.002880336,0.002862073,0.00285072,0.00285427,0.002872472,0.002900744,0.002942848,0.003003024,0.003083642,0.003183209,0.003296952,0.003424879,0.003564943,0.003711983,0.003860223,0.003995666,0.004111834,0.004209101,0.004273025,0.004314027,0.004374594,0.004447549,0.004493052,0.00451735,0.004543112,0.00456783,0.004572757,0.004553729,0.004558964,0.004638114,0.004782111,0.004966693,0.005175236,0.005384014,0.005570952,0.005723903,0.005845908,0.005927915,0.005936377,0.005891719,0.005851031,0.005816011,0.005809649,0.005932819,0.006243514,0.006712596,0.007283884,0.007887925,0.008425368,0.008845885,0.009287332,0.009924411,0.01067284,0.011336104,0.011833266,0.01215331,0.012337502,0.012420183,0.012331308,0.011975437,0.011388381,0.01070632,0.009980113,0.009192574,0.008478551,0.008074634,0.007992268,0.008101531,0.008348629,0.008726087,0.009235811,0.009874583,0.010587403,0.011287619,0.011909113,0.012425446,0.012853417,0.013215866,0.013475937,0.013534359,0.013381494,0.013186709,0.013088602,0.01306167,0.013058805,0.01309096,0.01315275,0.013175313,0.013005551,0.012479631,0.011610997,0.010553481,0.009446102,0.008369881,0.007349273,0.006375664,0.00541964,0.004458232,0.003509111,0.002634289,0.001968248,0.00163141,0.001540437,0.001477187,0.001318355,0.001144218,0.001101059,0.001185203,0.00131045,0.001400286,0.001364586,0.001189123,0.000933185,0.000624912,0.000318401,0.000106965,1.49E-05,0,1.97E-06,1.16E-05,1.57E-05,2.25E-05,4.76E-05,8.04E-05,9.45E-05,6.91E-05,2.36E-05,0,0,9.67E-06,1.73E-05,2.80E-05,4.70E-05,7.44E-05,0.000107279,0.000140909,0.000173811,0.000207583,0.00024113,0.000274939,0.000310631,0.000348073,0.000390321,0.000443432,0.000515,0.000612664,0.000739164,0.00089918,0.001096952,0.001316195,0.001513685,0.001628932,0.001609449,0.001452693,0.001213706,0.000965527,0.000757023,0.000598914,0.000482858,0.000401635,0.000347995,0.000314832,0.000296057,0.000283963,0.000273614,0.000263177,0.000251617,0.000240974,0.000232347,0.000226819,0.000229002,0.000240867,0.000261404,0.000291259,0.000331717,0.00038491,0.000446353,0.000497775,0.000517372,0.000495662,0.000444799,0.000389059,0.000338536,0.000287188,0.000231531,0.00017601,0.000129682,9.97E-05,8.40E-05,7.60E-05,7.02E-05,6.25E-05,5.38E-05,4.60E-05,4.00E-05,3.68E-05,3.54E-05,3.53E-05,3.65E-05,3.67E-05,3.54E-05,3.35E-05,3.02E-05,2.72E-05,2.43E-05,1.66E-05,0
2238,control,0,0.000123954,0.000257824,0.000399025,0.000544373,0.000696748,0.000861656,0.001039675,0.001228456,0.001425004,0.001626668,0.00182996,0.002026852,0.002201373,0.002331032,0.002398873,0.002410851,0.002393505,0.00237689,0.002381991,0.002407512,0.002418016,0.002360039,0.002213329,0.002022406,0.0018513,0.001721738,0.001621789,0.001542749,0.001481978,0.001432653,0.001386037,0.001342638,0.001312912,0.00130244,0.001309879,0.001337138,0.001386322,0.001454228,0.001536543,0.001633773,0.001752904,0.001895827,0.002048042,0.002188058,0.002300864,0.002387831,0.002473486,0.002588443,0.002748141,0.002952949,0.003191977,0.00344954,0.003711699,0.003960438,0.004176137,0.004344288,0.004455439,0.00451269,0.004528692,0.004508613,0.004451361,0.004354334,0.004218801,0.004060361,0.003898609,0.003748234,0.003622352,0.003523534,0.003448175,0.003395378,0.00335759,0.003326663,0.003301742,0.003280965,0.003265339,0.003256525,0.003248942,0.003239549,0.003228147,0.003215219,0.003207432,0.003205744,0.003207459,0.003220245,0.003249854,0.003297272,0.003363864,0.003441522,0.003524737,0.003621932,0.003739712,0.003879264,0.004035207,0.004191162,0.004333845,0.004458644,0.004562006,0.004641003,0.004696634,0.004748847,0.004825079,0.004908042,0.004954334,0.004963955,0.004968227,0.004988067,0.005026581,0.005068756,0.005107525,0.005168379,0.005290553,0.005486026,0.005705204,0.005882598,0.006019847,0.006157972,0.006318402,0.006463358,0.006501666,0.006440652,0.00639472,0.006396144,0.006419768,0.006522942,0.006799508,0.007262371,0.007833923,0.008412223,0.008922272,0.009357992,0.009810533,0.01034451,0.01089872,0.01140049,0.011783167,0.011968557,0.012000653,0.011983578,0.01188656,0.011557955,0.010942385,0.010218169,0.009574063,0.009012757,0.008494594,0.00811785,0.007992986,0.008107924,0.008384558,0.008747456,0.009191865,0.00974685,0.010367666,0.010958029,0.011453076,0.011837041,0.012134768,0.012377518,0.012538562,0.012519745,0.012295862,0.012020855,0.011848928,0.011774495,0.01172073,0.01167869,0.011692668,0.011719074,0.011542198,0.010958581,0.01006282,0.009087922,0.008146209,0.00724092,0.006359118,0.005516756,0.004694799,0.003840702,0.003007656,0.00232248,0.001847025,0.001559258,0.001397557,0.001295565,0.00119457,0.00108418,0.001021219,0.0010664,0.001224445,0.001395064,0.001409781,0.001233542,0.000966494,0.000662292,0.000354409,0.00012358,1.83E-05,8.81E-08,1.78E-05,5.42E-05,4.92E-05,2.35E-05,2.93E-05,7.08E-05,0.000108838,9.78E-05,4.49E-05,0,0,7.41E-06,1.61E-05,2.96E-05,5.02E-05,7.62E-05,0.000106621,0.000139305,0.000172267,0.000205508,0.000237139,0.000267544,0.000299507,0.000334247,0.000375606,0.000429426,0.000501308,0.000597865,0.000723372,0.000883431,0.001082183,0.001303522,0.001504334,0.001624729,0.001612777,0.001465252,0.001235605,0.000994382,0.000788702,0.00063,0.000511555,0.000427175,0.000369867,0.00033213,0.000308386,0.000291901,0.000277914,0.000264944,0.000251901,0.000239766,0.000229436,0.000222114,0.000221995,0.000231114,0.000249139,0.000277193,0.000315964,0.000366605,0.000425455,0.000475722,0.00049592,0.000476221,0.000427694,0.000373405,0.000323424,0.000272008,0.000216172,0.000161022,0.000115364,8.57E-05,6.96E-05,6.06E-05,5.39E-05,4.57E-05,3.60E-05,2.71E-05,2.03E-05,1.66E-05,1.43E-05,1.22E-05,1.06E-05,8.41E-06,5.37E-06,3.32E-06,2.08E-06,1.84E-06,2.75E-06,2.40E-06,0
2776,control,0,0.000100804,0.000209409,0.000327407,0.000454207,0.000596333,0.000763146,0.000956148,0.00116915,0.001392991,0.001620531,0.001847432,0.002067988,0.002268878,0.002424591,0.002509822,0.002525633,0.002501441,0.002475447,0.002477183,0.002509908,0.002538165,0.002501177,0.002365588,0.002170758,0.001985976,0.001835847,0.001706947,0.001590893,0.001488492,0.001396184,0.001305131,0.001217857,0.001150797,0.001111442,0.001097455,0.001110706,0.001150652,0.00121041,0.001282459,0.001364451,0.001465337,0.001591019,0.001729365,0.001859594,0.001959615,0.002021644,0.002073071,0.002155356,0.002293788,0.002492725,0.002736813,0.00300675,0.003289332,0.003564998,0.003812554,0.004015481,0.004160453,0.004250966,0.004301848,0.004319203,0.00430189,0.004239943,0.004126618,0.003977859,0.00381355,0.003647612,0.003494234,0.003355624,0.003232939,0.003132561,0.003048943,0.002977291,0.002918741,0.002868366,0.002827161,0.002795897,0.002765765,0.00273329,0.00269544,0.002651329,0.002611196,0.00257542,0.002541467,0.002520394,0.002518199,0.002539115,0.002587553,0.002649972,0.002715617,0.002790507,0.002881415,0.002996029,0.003133238,0.003276236,0.003412755,0.003540004,0.003656938,0.003752962,0.003811664,0.003861585,0.003957446,0.004070014,0.004120292,0.004108055,0.004086121,0.004083208,0.00409904,0.004115859,0.004131858,0.004179483,0.004301633,0.00451217,0.004750713,0.004940362,0.005091012,0.0052601,0.005483555,0.005693413,0.005716477,0.005568964,0.00547036,0.00545176,0.005389908,0.005349803,0.005536602,0.006006858,0.006641344,0.007288464,0.007824049,0.008233339,0.008706004,0.009403331,0.010237221,0.011063814,0.01173468,0.012095969,0.012250774,0.01242488,0.012578368,0.012413005,0.011776178,0.010942339,0.010207213,0.009530182,0.008813287,0.008225945,0.007966573,0.008008957,0.008213849,0.0084813,0.008852237,0.009410478,0.010116496,0.010848701,0.011515188,0.012084761,0.012587511,0.013076636,0.013516657,0.013718924,0.013593688,0.013374335,0.013305716,0.013365991,0.013427466,0.013490205,0.013663182,0.013920911,0.013942277,0.013383242,0.012356269,0.011226049,0.010171654,0.00918039,0.008220464,0.007321739,0.006452111,0.005488037,0.004464469,0.003581182,0.002955987,0.002564742,0.002329571,0.002171514,0.002009566,0.001835642,0.001750002,0.001839836,0.002098559,0.002363408,0.002366774,0.00207056,0.001649923,0.001174657,0.000679458,0.000286056,6.60E-05,1.41E-06,3.17E-05,8.30E-05,5.86E-05,7.32E-06,1.20E-05,8.46E-05,0.000151136,0.000133113,5.25E-05,0,0,4.90E-06,9.72E-06,1.97E-05,3.74E-05,6.20E-05,9.23E-05,0.000124055,0.000156445,0.000189948,0.000220845,0.000250296,0.000282028,0.000318272,0.000364403,0.00042696,0.000514686,0.000636879,0.000797603,0.001006784,0.001274198,0.001582962,0.001880306,0.002084453,0.002117143,0.001962137,0.001680815,0.001367993,0.001093554,0.000877063,0.000711758,0.000590194,0.000504126,0.000445818,0.00040625,0.000374222,0.000344167,0.000314447,0.000284939,0.000259251,0.000238771,0.000225815,0.000226062,0.000240785,0.000268466,0.000308382,0.000360434,0.000428352,0.000508071,0.000578053,0.000610822,0.000591183,0.000531852,0.000464105,0.000403321,0.000344048,0.000279722,0.000212503,0.000153841,0.000113543,8.90E-05,7.29E-05,5.88E-05,4.31E-05,2.72E-05,1.33E-05,3.75E-06,1.20E-06,2.32E-06,5.58E-06,9.64E-06,1.10E-05,9.97E-06,7.36E-06,2.99E-06,1.45E-06,1.93E-06,1.63E-06,0
2613,control,0,0.000139212,0.000295581,0.000464369,0.000640231,0.000824035,0.001018437,0.0012205,0.001426084,0.001631596,0.001834425,0.002032776,0.002221407,0.002386514,0.002506148,0.00256328,0.002565619,0.00254293,0.002527137,0.002537737,0.002567729,0.00257447,0.002502065,0.002338141,0.002142645,0.001988202,0.001888433,0.001816002,0.001753385,0.001697538,0.00164608,0.001597677,0.001561165,0.001552682,0.00157698,0.001626237,0.001695266,0.001781858,0.00188291,0.001998403,0.00213219,0.002290247,0.002472589,0.002663426,0.002835237,0.002958964,0.0030229,0.003057416,0.003120514,0.003249525,0.003439253,0.003660426,0.003891327,0.004125217,0.004350877,0.00454927,0.004701793,0.004795155,0.00483549,0.004843682,0.004827926,0.004782002,0.004697795,0.004575187,0.004431143,0.004286077,0.004151816,0.0040362,0.003935804,0.003843433,0.003764692,0.003703557,0.003653975,0.003609972,0.003568423,0.003534545,0.003514725,0.003503098,0.003492015,0.003478147,0.003461736,0.003451313,0.003451478,0.0034615,0.003487516,0.003531502,0.003589792,0.003665304,0.003762496,0.003882763,0.004019917,0.004159338,0.004294086,0.004428294,0.004567169,0.004707658,0.004832555,0.004931128,0.005004524,0.005044038,0.005061751,0.005097321,0.005145051,0.005175447,0.005208057,0.005267696,0.005336022,0.005371219,0.005359977,0.005366516,0.00546006,0.005624461,0.005815934,0.006017194,0.006217929,0.006402804,0.006557156,0.006678669,0.00676796,0.006815067,0.006828603,0.006817045,0.006757111,0.006693987,0.006766961,0.007040277,0.007462473,0.007959989,0.008462578,0.008883878,0.009176889,0.00945631,0.009884057,0.010389612,0.010786133,0.011012723,0.011091867,0.011060092,0.010924452,0.010627642,0.010143019,0.009567659,0.009004379,0.008435692,0.007838302,0.007365095,0.007212045,0.007327003,0.007567973,0.00790004,0.008316861,0.008798745,0.00932819,0.009856985,0.010322727,0.010690832,0.010955095,0.011135207,0.011252648,0.011279829,0.011148898,0.01087484,0.010600773,0.010420321,0.010292776,0.010181615,0.010101841,0.010027363,0.009883257,0.009572103,0.009009967,0.008225162,0.007331127,0.006429099,0.005581252,0.00480294,0.004076762,0.003385094,0.00271896,0.002069342,0.001474772,0.001078251,0.000994922,0.001112534,0.001201205,0.001171765,0.001172076,0.0013806,0.001740111,0.002092313,0.002353663,0.002438526,0.002255841,0.001809545,0.001206454,0.000628937,0.00023731,5.74E-05,3.86E-06,1.12E-06,1.17E-05,2.90E-05,5.22E-05,8.18E-05,0.000106908,0.000110706,8.02E-05,3.16E-05,0,0,1.76E-05,3.16E-05,4.81E-05,7.37E-05,0.000108352,0.000150463,0.000197297,0.000246618,0.000300131,0.000357799,0.000419102,0.000485308,0.000555858,0.000633977,0.000728265,0.00084842,0.001005963,0.001210219,0.001469872,0.00178741,0.002132392,0.002431936,0.002592283,0.002539691,0.002278533,0.001899606,0.001512063,0.001180753,0.000917559,0.00071179,0.000557526,0.000449254,0.00037732,0.000333333,0.000307731,0.000292042,0.000281664,0.000272579,0.000264295,0.000257703,0.000252909,0.000254668,0.000267472,0.000292137,0.000331435,0.000387912,0.000462245,0.000547685,0.000619327,0.00064579,0.000615216,0.000545614,0.000468397,0.000395759,0.000318413,0.000233541,0.000151726,8.64E-05,4.63E-05,2.88E-05,2.48E-05,2.65E-05,2.77E-05,2.64E-05,2.52E-05,2.43E-05,2.33E-05,2.11E-05,1.73E-05,1.42E-05,1.17E-05,9.76E-06,9.84E-06,1.10E-05,1.37E-05,1.77E-05,1.56E-05,0
3129,control,0,0.000113059,0.000237472,0.000370166,0.000508579,0.000655608,0.000815915,0.000990478,0.001178711,0.001378672,0.001587883,0.001804258,0.002022301,0.002226667,0.002391807,0.002494608,0.002533704,0.002530815,0.002517861,0.002523733,0.002555403,0.002581152,0.002542744,0.002407033,0.002209192,0.0020173,0.001862664,0.001736557,0.001629526,0.001540953,0.001466025,0.00139398,0.00132281,0.00126291,0.001220529,0.001194591,0.001187181,0.00120091,0.00123342,0.001280725,0.001344027,0.001432724,0.00155146,0.001687299,0.001817205,0.001920853,0.001994841,0.002062198,0.002154425,0.002290514,0.00247603,0.002704471,0.002963295,0.00324008,0.003516447,0.003771185,0.00398648,0.004148587,0.004256852,0.004320783,0.004343291,0.004321379,0.004250119,0.004129114,0.003973468,0.00380334,0.003635514,0.003486134,0.003361793,0.003262297,0.003186607,0.003126283,0.003073658,0.003026808,0.002982252,0.002941378,0.002907121,0.00287523,0.002842659,0.002807231,0.002767878,0.002731114,0.002700192,0.002675769,0.002664014,0.002665884,0.002679439,0.002707391,0.002751148,0.002812712,0.002893312,0.002990926,0.003106043,0.003236244,0.003375978,0.003519497,0.003652603,0.003764876,0.003854579,0.003913033,0.003949812,0.003997355,0.004054263,0.004094982,0.004120076,0.004140885,0.004158982,0.00416364,0.004146322,0.004138897,0.004186333,0.004297234,0.004462183,0.004663175,0.004868258,0.005049995,0.005195822,0.005305683,0.005375291,0.005395786,0.005383831,0.005344892,0.005258678,0.005184165,0.005250547,0.005507294,0.005920676,0.006448324,0.007037544,0.007611088,0.008125787,0.008668624,0.009353277,0.0101098,0.010793332,0.011356105,0.011797626,0.012125074,0.01232384,0.012319248,0.012041626,0.011525841,0.010877018,0.01014332,0.009333338,0.008580927,0.008100318,0.007914047,0.007923607,0.008100688,0.008457153,0.008991657,0.009682143,0.010467025,0.011258845,0.011983232,0.012605103,0.013133678,0.013576045,0.013888383,0.013995486,0.013897981,0.01373045,0.013617865,0.013570643,0.013573761,0.013635348,0.013733689,0.013799213,0.013703076,0.013304227,0.012584676,0.011635937,0.010573254,0.00949501,0.00844569,0.007422086,0.006397591,0.00537806,0.004411873,0.00353578,0.002830156,0.002404393,0.002217521,0.002096339,0.001925793,0.001744703,0.001657749,0.001673514,0.001730708,0.001775915,0.001748075,0.001605394,0.001344746,0.000983658,0.000598836,0.000297491,0.000117817,3.46E-05,5.65E-06,1.79E-06,1.55E-06,7.21E-06,2.44E-05,4.22E-05,4.70E-05,3.13E-05,8.93E-06,0,0,4.74E-06,1.15E-05,2.37E-05,4.33E-05,6.91E-05,9.82E-05,0.000125844,0.000150647,0.00017411,0.000196707,0.000220786,0.000248851,0.000282099,0.000325103,0.000384106,0.00046574,0.000577208,0.000723825,0.000915026,0.001159312,0.001442468,0.001717733,0.001911814,0.001952008,0.001819098,0.001568198,0.001287054,0.001039612,0.000844703,0.000696517,0.00058701,0.000507857,0.000451705,0.000411913,0.00038033,0.000352131,0.000325816,0.000301078,0.000280423,0.000265097,0.000255754,0.000255626,0.000266128,0.000287372,0.000320385,0.000366291,0.00042829,0.000503631,0.000573109,0.00060892,0.00059488,0.000542713,0.000481554,0.000425484,0.000367825,0.000302457,0.000234478,0.000175934,0.000135006,0.000109538,9.32E-05,8.02E-05,6.63E-05,5.19E-05,3.86E-05,2.76E-05,2.12E-05,1.89E-05,1.96E-05,2.23E-05,2.44E-05,2.53E-05,2.53E-05,2.33E-05,2.06E-05,1.79E-05,1.17E-05,0
2578,control,0,9.50E-05,0.000190539,0.000287857,0.000387886,0.000498835,0.000631606,0.000789898,0.000971113,0.00117055,0.001382961,0.0016025,0.001821469,0.002025023,0.002186435,0.002278741,0.002300648,0.002280526,0.002255026,0.002251763,0.002278928,0.002309719,0.002286326,0.002172642,0.002001917,0.001837329,0.001702682,0.001586996,0.001482081,0.001386632,0.001296649,0.001207048,0.001122241,0.001055125,0.001011588,0.0009907,0.000996017,0.001030916,0.001089994,0.001162259,0.001243033,0.001340577,0.0014611,0.001594225,0.001720612,0.001821702,0.001892229,0.001954844,0.002045008,0.002186302,0.002384116,0.002625988,0.002893361,0.003171913,0.003443207,0.003685474,0.003881471,0.004020693,0.00410613,0.004149911,0.004159596,0.004137259,0.004076847,0.003972743,0.003835414,0.00368174,0.00352822,0.003389937,0.003268619,0.003163831,0.003079105,0.003008253,0.002946918,0.002897847,0.002857956,0.002824903,0.002797079,0.002768919,0.002738649,0.002704449,0.002667412,0.002636196,0.002606547,0.002569458,0.002536881,0.002529498,0.002564785,0.002640475,0.002714469,0.002757692,0.002799026,0.002876387,0.003004596,0.003174097,0.003340515,0.003472106,0.003587748,0.003695203,0.00377238,0.003833272,0.003928679,0.004080135,0.004234498,0.004297781,0.004245797,0.00415153,0.004106973,0.004173497,0.00431417,0.004391651,0.004374656,0.004428258,0.004665585,0.004950684,0.005096716,0.005156515,0.005311963,0.005647675,0.006020781,0.006105026,0.00588721,0.005741703,0.0057784,0.00575441,0.005638995,0.005742184,0.006231903,0.006940235,0.007633458,0.008226212,0.008800341,0.009461184,0.01012954,0.010754155,0.011461347,0.012122507,0.012411948,0.012437526,0.01259269,0.012915797,0.012933349,0.012234987,0.011202902,0.010493901,0.010130077,0.00961893,0.008853136,0.008306587,0.0082332,0.008424816,0.008622172,0.008865722,0.009330317,0.010000094,0.010706769,0.011329385,0.011843255,0.012292294,0.012751125,0.013200833,0.013423973,0.013271927,0.012965121,0.012822707,0.012886323,0.012954086,0.012974179,0.013184112,0.013618921,0.013762468,0.013102599,0.011920153,0.010807649,0.009929608,0.009117459,0.008262145,0.007454535,0.006678959,0.005732384,0.004739874,0.004066665,0.003670687,0.00320606,0.002653425,0.002284985,0.00215425,0.002021866,0.001770956,0.001652362,0.001895931,0.002283426,0.002350456,0.002034098,0.001630026,0.001237973,0.000796047,0.000377331,0.00011364,5.05E-05,0.000148478,0.000252484,0.000187434,3.85E-05,1.91E-07,8.94E-05,0.000210698,0.000220559,0.00011188,0,0,2.40E-07,4.81E-06,1.95E-05,4.05E-05,6.39E-05,9.08E-05,0.000120747,0.000151558,0.00017952,0.000199176,0.000211946,0.000224552,0.000243655,0.000276617,0.000329121,0.000406026,0.000512835,0.000654593,0.000841851,0.001083389,0.001366199,0.001644812,0.001845304,0.001895909,0.001778258,0.001543145,0.00127385,0.001033786,0.000844255,0.00070262,0.00060105,0.000529069,0.000477372,0.000437755,0.00040208,0.000366187,0.000329799,0.000294766,0.00026389,0.000238826,0.00022373,0.000223077,0.000236685,0.000263432,0.000302073,0.000350451,0.000409794,0.00047732,0.000536902,0.000564643,0.000545731,0.000491396,0.000430162,0.000376971,0.000327259,0.000274015,0.000218803,0.000171097,0.000137479,0.000114509,9.59E-05,7.70E-05,5.55E-05,3.30E-05,1.32E-05,1.80E-06,1.61E-08,1.39E-06,4.69E-06,8.38E-06,8.78E-06,5.78E-06,1.99E-06,4.55E-08,0,0,0,0
3016,control,0,0.000114658,0.000243903,0.000386528,0.000539284,0.000705701,0.000892449,0.001099823,0.001322505,0.001552717,0.001784489,0.002015264,0.00224137,0.002450425,0.002616893,0.002714506,0.002742237,0.002727668,0.002708999,0.002716982,0.002754799,0.002784706,0.002743836,0.002599338,0.002394378,0.002203875,0.002054634,0.001929361,0.001815397,0.001713211,0.001620839,0.001530943,0.001446668,0.001384304,0.001350952,0.001342529,0.001358577,0.001398265,0.001456246,0.001527583,0.001612402,0.001719939,0.001855666,0.002006931,0.002149233,0.002254449,0.002310665,0.002346285,0.002410154,0.002534457,0.002723061,0.00295729,0.00321761,0.003493238,0.003767265,0.004018847,0.004229293,0.004382813,0.00448203,0.004543076,0.004571935,0.004564335,0.004509227,0.004400699,0.004254576,0.004091463,0.003925636,0.003770443,0.003628,0.003498335,0.003388393,0.003296592,0.003218164,0.003151042,0.003089981,0.003037599,0.002997343,0.002961783,0.002925266,0.002883002,0.002833048,0.002784699,0.00274162,0.002704834,0.002683855,0.00268046,0.002693423,0.002727731,0.002783319,0.002858025,0.002946903,0.003041912,0.003144996,0.003260352,0.003387837,0.003523976,0.003654308,0.003770289,0.003867175,0.003924448,0.003956432,0.004014387,0.004086702,0.004123954,0.004134916,0.004149402,0.00416504,0.004157118,0.004116509,0.004094927,0.00415031,0.004278875,0.00445783,0.004666408,0.004875515,0.005064807,0.0052284,0.005374753,0.005485523,0.005501055,0.005437847,0.005367994,0.005271935,0.005142427,0.005114207,0.00530868,0.005712447,0.00624724,0.006823815,0.007328635,0.007708789,0.008128194,0.008788453,0.009601246,0.010355103,0.010948396,0.011346684,0.011605646,0.011794589,0.011842571,0.011610767,0.011095083,0.010444648,0.009738053,0.008946929,0.008184697,0.007703962,0.007545959,0.007584625,0.007753618,0.008041457,0.008466607,0.009045895,0.009731897,0.010437219,0.011090368,0.011658736,0.01215835,0.012617232,0.012996757,0.013170018,0.013098285,0.012961533,0.012922071,0.012955711,0.013007482,0.013093971,0.013231211,0.013363284,0.01331565,0.012883181,0.012072794,0.011066105,0.01001703,0.009000585,0.008035239,0.007117412,0.00621697,0.005288873,0.004339852,0.00345185,0.002775163,0.002426571,0.002320891,0.00224768,0.002090878,0.001943489,0.00196801,0.002153363,0.002388077,0.002571795,0.002574645,0.002335904,0.001907106,0.001353534,0.000790998,0.000367075,0.000125281,2.23E-05,2.59E-06,1.10E-05,9.32E-06,8.26E-06,2.98E-05,6.99E-05,9.31E-05,6.90E-05,2.05E-05,0,0,9.25E-06,1.65E-05,2.75E-05,4.65E-05,7.37E-05,0.000106383,0.00013954,0.000172294,0.00020647,0.000241166,0.000278068,0.000319645,0.000366662,0.000423362,0.00049696,0.000597442,0.000735295,0.00091656,0.001152264,0.001452119,0.001796958,0.002127415,0.002353365,0.002389253,0.002216362,0.001903198,0.001555003,0.001247249,0.001001079,0.000809812,0.000666287,0.000562928,0.00049148,0.000442739,0.000405791,0.000374007,0.000344344,0.00031565,0.000291031,0.000272104,0.000260242,0.000260264,0.000274266,0.000301669,0.000342899,0.000399221,0.000474182,0.000563056,0.000642427,0.000680903,0.000661354,0.000598158,0.000525067,0.000458454,0.000391511,0.000317338,0.000240544,0.00017444,0.000129335,0.000102978,8.74E-05,7.52E-05,6.15E-05,4.70E-05,3.37E-05,2.35E-05,1.89E-05,1.84E-05,2.04E-05,2.42E-05,2.71E-05,2.88E-05,2.91E-05,2.65E-05,2.42E-05,2.22E-05,1.54E-05,0
3478,control,0,0.000118839,0.000251543,0.00039671,0.000551027,0.000717539,0.000902004,0.001103925,0.00131795,0.001537001,0.001755924,0.001972246,0.002181404,0.002370364,0.002515453,0.002595036,0.002611972,0.00259383,0.00257554,0.002583548,0.002617181,0.002637589,0.002586306,0.00243797,0.002238557,0.002059007,0.001922095,0.001810582,0.001713028,0.001629362,0.001556393,0.001486468,0.001422199,0.001378502,0.00136167,0.001367761,0.00139647,0.001446879,0.001514027,0.001594341,0.001688828,0.001805731,0.001948704,0.002103787,0.002247142,0.002354478,0.002417966,0.002466258,0.002544305,0.002679116,0.002872037,0.003105246,0.003360076,0.003625484,0.003884631,0.004117593,0.004307601,0.004440806,0.004520543,0.004562683,0.004572634,0.00454657,0.004475797,0.004356904,0.004207043,0.004046989,0.00388986,0.003747767,0.003622164,0.003511605,0.003421179,0.003347905,0.003285976,0.003233433,0.003185775,0.003145992,0.00311784,0.003093893,0.003068969,0.003039768,0.003004912,0.002973215,0.002948203,0.002930488,0.002928579,0.002942615,0.00296939,0.003014002,0.00307919,0.003165293,0.003267594,0.003376543,0.003492052,0.003616782,0.003750389,0.003889861,0.004019832,0.004131508,0.004223307,0.004276603,0.004303722,0.004354918,0.004421323,0.00445855,0.004478255,0.004507506,0.004538625,0.004542678,0.004511058,0.004502571,0.004577769,0.004722702,0.004904751,0.005107027,0.005310971,0.005498001,0.005654829,0.005784181,0.005875438,0.005888293,0.005841973,0.005792713,0.005723227,0.005643673,0.005680762,0.005924512,0.006346679,0.006876954,0.007437393,0.007921747,0.00827553,0.008653172,0.009255877,0.009998786,0.010665739,0.011162485,0.011473127,0.011650201,0.011744393,0.011684183,0.011362483,0.010813087,0.010177878,0.009501283,0.00875001,0.008058964,0.007677788,0.007613664,0.007722936,0.00794795,0.008285592,0.008745356,0.009329219,0.009985445,0.010634735,0.011217075,0.011706648,0.012120806,0.01248451,0.012759713,0.012836587,0.012695287,0.012510042,0.012423869,0.012403811,0.01240086,0.012433785,0.012502833,0.012543437,0.01240716,0.011928563,0.011116783,0.010125909,0.009094523,0.008099974,0.007163549,0.00627646,0.005409671,0.004530652,0.003643374,0.002812845,0.002189693,0.00190343,0.001863396,0.001839731,0.001711244,0.001583342,0.001627062,0.001823268,0.002050736,0.002217783,0.002218502,0.002002776,0.001614293,0.00111318,0.000613117,0.0002529,6.57E-05,3.58E-06,6.51E-07,6.10E-06,8.42E-06,1.52E-05,4.26E-05,7.84E-05,9.39E-05,6.63E-05,1.94E-05,0,0,1.20E-05,2.08E-05,3.25E-05,5.21E-05,7.95E-05,0.000112613,0.000146989,0.000181742,0.000218963,0.000257511,0.000298311,0.000343309,0.000392457,0.000449573,0.000521716,0.000618197,0.000749339,0.000920833,0.001142098,0.001421326,0.001738538,0.002036213,0.002230565,0.002244419,0.00206522,0.001761164,0.001430681,0.001142233,0.000913231,0.000735713,0.00060318,0.000508958,0.000445191,0.000403573,0.000373699,0.000349104,0.000326963,0.000305371,0.000286546,0.000271702,0.000261703,0.000261601,0.000273998,0.000298393,0.000335765,0.000387793,0.00045793,0.000541533,0.000615483,0.000650073,0.000630303,0.000569959,0.000500277,0.000435816,0.00036969,0.000296522,0.000221744,0.000158123,0.00011569,9.21E-05,7.94E-05,7.07E-05,6.08E-05,4.99E-05,3.99E-05,3.15E-05,2.67E-05,2.48E-05,2.47E-05,2.61E-05,2.70E-05,2.74E-05,2.73E-05,2.54E-05,2.40E-05,2.33E-05,1.69E-05,0
2378,control,0,0.000126804,0.000265224,0.000413123,0.000565801,0.000725037,0.000896906,0.001082536,0.001278425,0.00147979,0.001683445,0.001885313,0.002075395,0.002236805,0.002348871,0.002398556,0.002396631,0.00237279,0.00235631,0.002364147,0.002389972,0.002394625,0.002325294,0.00216779,0.001972219,0.001801848,0.001675139,0.001580464,0.001510389,0.0014608,0.001422789,0.001386714,0.001353011,0.00133314,0.001334028,0.001355098,0.00139815,0.001464265,0.001549416,0.001648925,0.00176225,0.001894903,0.002047519,0.002205044,0.002347813,0.002464961,0.002561485,0.002662747,0.002797116,0.00297616,0.003196997,0.003447229,0.003710337,0.003970735,0.004209155,0.004407145,0.004552771,0.004638868,0.004670554,0.004662323,0.004620665,0.004545057,0.00443281,0.00428556,0.004119974,0.003955974,0.003807618,0.003687466,0.003597063,0.00353179,0.003490971,0.003466901,0.003450359,0.003440528,0.003436661,0.003440026,0.003450741,0.003461233,0.003468315,0.003472928,0.00347627,0.003485077,0.003499527,0.003516731,0.003545785,0.003592494,0.003656394,0.0037391,0.003833121,0.00393208,0.004043667,0.004174325,0.004325237,0.004491132,0.00465453,0.004800472,0.004925861,0.00503178,0.00511741,0.005181654,0.005245242,0.005338997,0.005438548,0.005488853,0.005494052,0.005496874,0.005519139,0.005561353,0.005611282,0.005665916,0.005749008,0.00589239,0.006102141,0.006325497,0.00649764,0.006628269,0.00676735,0.006942004,0.007105947,0.007138064,0.007046538,0.006999956,0.00705578,0.007147659,0.00729656,0.007608021,0.00810728,0.008702687,0.009274078,0.00973378,0.010077925,0.010430329,0.010884885,0.011372495,0.01180107,0.012081149,0.012117102,0.011983933,0.011840187,0.011669811,0.011294751,0.010642182,0.009913289,0.009316323,0.008836707,0.008405842,0.008112154,0.008070961,0.008265808,0.008593793,0.008950065,0.009330767,0.009788322,0.010289388,0.010741419,0.011090648,0.011332265,0.011498446,0.011635975,0.011730488,0.011669327,0.011415542,0.011140992,0.011004274,0.010968531,0.010923342,0.01085696,0.010835974,0.0108248,0.010581277,0.009880375,0.008859529,0.007818565,0.006884335,0.006029768,0.005216667,0.004459377,0.003737927,0.002969515,0.002185011,0.001543282,0.001141131,0.00094144,0.000847684,0.000785902,0.00070369,0.000610704,0.000580877,0.000672798,0.000885403,0.001096011,0.001100658,0.000889858,0.000630558,0.000391754,0.000177608,4.52E-05,9.56E-07,4.21E-06,5.62E-05,0.000119204,0.000117632,8.11E-05,8.42E-05,0.000134283,0.000178114,0.000154179,7.18E-05,0,0,9.94E-06,1.82E-05,2.99E-05,4.96E-05,7.68E-05,0.000110718,0.000149277,0.00019009,0.000232509,0.000273245,0.000311031,0.000347921,0.000384093,0.00042197,0.000467078,0.000525278,0.000602857,0.000701489,0.00082133,0.000961069,0.001102903,0.001209508,0.001237755,0.00116064,0.000993695,0.000788033,0.000594493,0.00044072,0.000328853,0.000250394,0.000200331,0.000172855,0.000160901,0.000159879,0.000164203,0.000169263,0.000173362,0.000174855,0.000173915,0.000171081,0.000168029,0.000170139,0.000179989,0.000196319,0.000219891,0.000251254,0.000289716,0.000329895,0.000357422,0.000358523,0.000331025,0.000285941,0.000239785,0.000197806,0.000155328,0.000112589,7.41E-05,4.48E-05,2.89E-05,2.41E-05,2.48E-05,2.67E-05,2.60E-05,2.29E-05,2.06E-05,2.00E-05,2.03E-05,1.98E-05,1.71E-05,1.42E-05,1.03E-05,5.28E-06,1.85E-06,5.34E-07,8.68E-07,2.81E-06,3.20E-06,0
2170,control,0,8.98E-05,0.000191625,0.000310809,0.000446569,0.000604728,0.00079577,0.001021754,0.001272172,0.001530588,0.001786207,0.002034773,0.002270829,0.002482011,0.002643602,0.002730627,0.002746058,0.002721361,0.002697535,0.002707399,0.002751951,0.002790274,0.002757615,0.00261535,0.002398792,0.002179389,0.001988344,0.00182048,0.001674116,0.001552833,0.001450579,0.00134959,0.001245812,0.001157813,0.00109639,0.001061983,0.001059186,0.001085147,0.00112999,0.001185352,0.001247371,0.001326477,0.001430784,0.001548355,0.001661958,0.001754262,0.001821567,0.001892874,0.00200039,0.002158927,0.002375265,0.002640613,0.002937259,0.003248079,0.003547145,0.003813661,0.004034931,0.004197094,0.004303409,0.004368055,0.004395097,0.004383564,0.004320219,0.00419521,0.004028877,0.003843201,0.003650942,0.0034692,0.003304082,0.003161811,0.003050549,0.002959541,0.002882894,0.002823705,0.002775524,0.002739865,0.00271547,0.002688408,0.002655928,0.002615033,0.00256268,0.002510524,0.002460829,0.002416466,0.002390728,0.002378201,0.002373829,0.002389006,0.002428618,0.002492398,0.002571376,0.002655368,0.002752626,0.002866316,0.002992644,0.003130983,0.003266905,0.003399029,0.003523608,0.00359432,0.003627155,0.003711353,0.003824231,0.003873685,0.003872499,0.003871708,0.003866512,0.003823267,0.003743807,0.003715907,0.003804806,0.00396682,0.004155336,0.00436072,0.004574033,0.004779033,0.004957695,0.005123286,0.005241954,0.005190366,0.005013207,0.004915554,0.004902591,0.004859995,0.004871153,0.005107057,0.005584819,0.006209284,0.006860506,0.007358999,0.007620374,0.007954596,0.008744547,0.009858488,0.01092912,0.011745266,0.012219118,0.012490794,0.012758996,0.012934524,0.01274826,0.012151839,0.011397763,0.010606961,0.009673236,0.00872124,0.008138673,0.007992705,0.008067213,0.008230247,0.00846476,0.008837538,0.009411353,0.010140206,0.010921672,0.011669417,0.012339957,0.012957895,0.013579337,0.014160662,0.014482066,0.01445079,0.014351315,0.014426816,0.014594883,0.014738919,0.014894727,0.015128486,0.015393701,0.015437854,0.014940108,0.013914947,0.012664835,0.011421109,0.010257894,0.009176308,0.008172224,0.007193775,0.006122766,0.004922013,0.00373305,0.002822077,0.002379014,0.00227475,0.00218675,0.00192455,0.001619648,0.001527912,0.001655607,0.0018639,0.002002224,0.001886914,0.001552471,0.001183704,0.000802139,0.000420928,0.000153949,3.00E-05,5.67E-09,1.96E-05,4.96E-05,3.37E-05,1.69E-05,5.32E-05,0.000127188,0.000169036,0.000120407,3.01E-05,0,0,7.84E-06,6.84E-06,6.42E-06,1.38E-05,3.13E-05,5.62E-05,8.05E-05,0.000105092,0.000133061,0.000160494,0.000187988,0.000216823,0.000245775,0.000277744,0.000317954,0.000377516,0.000466693,0.000583616,0.000733653,0.000927882,0.001156192,0.001381081,0.001540257,0.001570595,0.001456979,0.001242862,0.001001746,0.000792973,0.000632235,0.00051151,0.000424488,0.000365355,0.000329924,0.000309926,0.000293091,0.000274832,0.000253806,0.000230063,0.000209159,0.000192122,0.000180716,0.000181963,0.000196921,0.000222202,0.000255694,0.000297938,0.000354926,0.000422478,0.000480511,0.000508254,0.00049425,0.000447545,0.00039379,0.00034613,0.00030188,0.000255231,0.000203434,0.000154766,0.000120371,9.96E-05,8.66E-05,7.52E-05,6.24E-05,5.12E-05,4.18E-05,3.49E-05,3.43E-05,3.89E-05,4.67E-05,5.51E-05,5.91E-05,5.97E-05,5.67E-05,4.85E-05,4.22E-05,3.77E-05,2.57E-05,0
3414,control,0,0.000103529,0.000220932,0.000354604,0.000502355,0.000668704,0.000862318,0.001084745,0.001327801,0.001578145,0.001826572,0.002069001,0.002299299,0.002504072,0.002658875,0.002740356,0.002752646,0.002727211,0.00270354,0.00271212,0.002752585,0.002782951,0.002738755,0.002586568,0.002368823,0.002159244,0.001985456,0.001836449,0.001705938,0.001595331,0.001499322,0.001404228,0.001309983,0.001236047,0.001192283,0.001176683,0.001190824,0.001231289,0.001289668,0.001359877,0.001439886,0.001539026,0.001663552,0.001800814,0.001931133,0.002032813,0.002097932,0.002155749,0.002247436,0.002396055,0.002605541,0.002860323,0.0031413,0.003434729,0.00371842,0.003971849,0.004180385,0.004329346,0.00442265,0.004476721,0.004496757,0.004479937,0.004413079,0.004288107,0.004125035,0.003945876,0.003763578,0.003593614,0.003439831,0.003305228,0.003197805,0.003110744,0.003037995,0.002979649,0.002929765,0.00289161,0.002865957,0.002840204,0.002810261,0.002772878,0.002725811,0.002680475,0.002639959,0.002606512,0.002591601,0.002590818,0.002599087,0.002626098,0.002677839,0.002755459,0.002849132,0.002945496,0.003048965,0.003164011,0.003291417,0.003431363,0.003567142,0.003695024,0.003813056,0.003880446,0.003910238,0.003982632,0.00407978,0.004123757,0.004130952,0.004146915,0.004160144,0.004129923,0.004054902,0.004026917,0.004118306,0.004285476,0.004475712,0.004680705,0.004897204,0.005106761,0.005285147,0.005439567,0.005546913,0.005516346,0.005387455,0.005313593,0.005284578,0.005224264,0.005239738,0.005481127,0.005944752,0.006539273,0.007158072,0.007638092,0.007896681,0.008207588,0.008920817,0.009915002,0.010844781,0.011529457,0.011916378,0.012126197,0.012308658,0.012377038,0.012123247,0.011543265,0.010849522,0.01011026,0.009231728,0.00836855,0.007886625,0.007812478,0.00792777,0.008123816,0.008395341,0.008791677,0.009353594,0.010033534,0.010740984,0.011403237,0.011985195,0.01250979,0.013025359,0.013492739,0.013727413,0.013662923,0.013552921,0.013601308,0.013727632,0.01383463,0.013956118,0.014131434,0.01430365,0.014262791,0.013748875,0.012773082,0.011587302,0.010397492,0.009284947,0.008258307,0.007306374,0.006382449,0.005395624,0.004308981,0.003232049,0.002415373,0.002053689,0.002018376,0.00198493,0.001776019,0.001543043,0.001542325,0.001754837,0.002016573,0.002189852,0.002120114,0.001811826,0.001404539,0.000944433,0.000495839,0.000190058,4.66E-05,1.48E-06,1.38E-05,3.64E-05,3.12E-05,2.97E-05,7.01E-05,0.00013397,0.000164168,0.000115355,3.16E-05,0,0,9.66E-06,1.17E-05,1.54E-05,2.82E-05,5.27E-05,8.54E-05,0.000118633,0.00015207,0.000188498,0.000224993,0.000262382,0.000302042,0.000342813,0.00038801,0.00044417,0.000522574,0.000634029,0.000779173,0.00096378,0.001195559,0.001457264,0.001700504,0.001853346,0.001850168,0.00168403,0.001414318,0.001125782,0.000879187,0.00068825,0.000543673,0.000438735,0.000367204,0.000323579,0.000299185,0.000281665,0.000265227,0.000247586,0.000227924,0.000210762,0.000197032,0.0001881,0.000190823,0.000207224,0.00023483,0.000272448,0.000320711,0.00038396,0.000456713,0.000517186,0.000542161,0.000520666,0.000464987,0.000402938,0.000347208,0.00029346,0.000237006,0.0001784,0.000126821,9.23E-05,7.35E-05,6.39E-05,5.69E-05,4.84E-05,4.03E-05,3.36E-05,2.92E-05,3.00E-05,3.45E-05,4.09E-05,4.77E-05,5.12E-05,5.21E-05,5.04E-05,4.44E-05,4.00E-05,3.68E-05,2.58E-05,0
3247,control,0,0.000112161,0.000239242,0.000380694,0.000533028,0.000698604,0.000883119,0.001086762,0.001304197,0.001527591,0.00175178,0.001974331,0.002189324,0.002382336,0.00252961,0.002610608,0.002629665,0.002614631,0.002599817,0.002611636,0.002649534,0.002674047,0.002625153,0.002474933,0.002266527,0.002070483,0.001913806,0.001785539,0.001677774,0.001590356,0.001517545,0.001447099,0.001377803,0.001324212,0.001294559,0.001287237,0.001303396,0.001342299,0.001398847,0.001468802,0.001552253,0.001657759,0.001789571,0.001933973,0.002069192,0.002175754,0.002250511,0.002320636,0.002422024,0.002573767,0.002777988,0.003022612,0.003291687,0.00357165,0.003842349,0.004083551,0.004279921,0.004418576,0.004502313,0.004545354,0.004552501,0.004520496,0.004440893,0.004310836,0.004148431,0.003974929,0.003804495,0.003651727,0.00352102,0.003412492,0.003329399,0.003265037,0.00321183,0.003168246,0.003130434,0.003100936,0.003081599,0.003063833,0.003043414,0.00301805,0.002986448,0.002957099,0.002933609,0.002917962,0.002918882,0.00293367,0.002956443,0.002993516,0.003052645,0.003137337,0.003240749,0.003351653,0.003470114,0.003597632,0.003734519,0.003878616,0.004012631,0.00412968,0.004230599,0.004291222,0.0043213,0.004377115,0.004450197,0.004491723,0.004514702,0.004546968,0.004575587,0.00456729,0.004520151,0.004509243,0.004597386,0.00475227,0.004930876,0.005127951,0.005338321,0.005537066,0.005696043,0.005814667,0.005888099,0.005881698,0.005822274,0.005777824,0.005738059,0.00570713,0.005796753,0.006083234,0.006534603,0.00708811,0.007671088,0.008163269,0.008496433,0.008854967,0.009487191,0.010295697,0.011015607,0.011536185,0.011852646,0.01202925,0.012118005,0.012040257,0.011692241,0.011126982,0.010486125,0.009783154,0.008971962,0.008230696,0.007852374,0.007819428,0.007950276,0.008184185,0.008528246,0.008996328,0.009590844,0.010260271,0.01092515,0.011523922,0.012028975,0.012457413,0.012837877,0.013133498,0.013225551,0.013093475,0.012927778,0.012873729,0.012882195,0.012899475,0.012948498,0.013024263,0.013058599,0.01290887,0.012405985,0.011545755,0.010485401,0.009380359,0.008321415,0.007333055,0.006399728,0.005487301,0.004559581,0.003604327,0.002681722,0.001979283,0.001668022,0.001641339,0.001616634,0.001447513,0.001264942,0.001270213,0.001432855,0.001615172,0.001728557,0.001683262,0.001466881,0.001147644,0.000763324,0.000389306,0.000138061,2.87E-05,2.87E-06,7.03E-07,1.11E-05,1.74E-05,3.13E-05,6.49E-05,0.000103004,0.000114944,7.87E-05,2.27E-05,0,0,1.06E-05,1.58E-05,2.28E-05,3.82E-05,6.31E-05,9.47E-05,0.000127408,0.000160328,0.000195842,0.000232806,0.000271324,0.000312272,0.000354626,0.000400935,0.000457423,0.00053326,0.000637668,0.000773259,0.000945182,0.001159035,0.001397948,0.001615384,0.00174554,0.001730827,0.001567199,0.001312416,0.001044697,0.000817164,0.000641441,0.000508731,0.000412655,0.000347399,0.000306555,0.00028323,0.000268396,0.000256504,0.000245131,0.000232764,0.000221657,0.000212677,0.000206612,0.000208585,0.000220983,0.000242595,0.000273886,0.000316535,0.000373444,0.000439735,0.000495727,0.000518635,0.000498457,0.000447288,0.000390129,0.000337828,0.000284746,0.000227104,0.000168633,0.000118784,8.62E-05,6.94E-05,6.18E-05,5.74E-05,5.21E-05,4.62E-05,4.13E-05,3.75E-05,3.62E-05,3.66E-05,3.80E-05,4.03E-05,4.13E-05,4.05E-05,3.90E-05,3.56E-05,3.31E-05,3.10E-05,2.22E-05,0
3126,control,0,0.000120092,0.000253476,0.000397887,0.000549518,0.000708753,0.000878953,0.001060976,0.001253449,0.001453322,0.001658269,0.001866227,0.002070368,0.002255079,0.002398089,0.002482528,0.002512698,0.002511546,0.002507267,0.00252233,0.00255745,0.002578833,0.002533394,0.002396286,0.002204831,0.00202215,0.00187655,0.001762479,0.001674034,0.001609779,0.001562243,0.001519046,0.001476087,0.001441043,0.001419304,0.001411042,0.001419729,0.001448369,0.001494691,0.001555296,0.001631351,0.001730968,0.001857272,0.001996308,0.002126942,0.002235686,0.00232625,0.002421666,0.002545019,0.002705417,0.002905183,0.003140363,0.003399592,0.003668557,0.003927775,0.004158126,0.004346069,0.004481134,0.004563597,0.004602595,0.004600455,0.004555288,0.004465066,0.004331644,0.004171172,0.004003762,0.003844915,0.003710003,0.003605345,0.003529382,0.003479343,0.003444908,0.003416869,0.003393759,0.003373085,0.003356125,0.003345124,0.003334813,0.003322617,0.003308192,0.00329041,0.003274486,0.003263259,0.003257713,0.003264632,0.00328352,0.003309657,0.003346583,0.003399053,0.003470313,0.00356085,0.00366777,0.003790948,0.003927322,0.004070633,0.004214653,0.004344876,0.004452811,0.004541429,0.004603678,0.004645741,0.004696478,0.004753134,0.004792194,0.004817724,0.004840534,0.004859017,0.004862291,0.004847014,0.004851062,0.004914567,0.005031363,0.005185459,0.005367008,0.005554136,0.005720072,0.005846084,0.005929268,0.005972783,0.005976913,0.005958475,0.005927417,0.005879551,0.005874344,0.006008205,0.006297066,0.006702752,0.007193883,0.007726865,0.008229859,0.008659067,0.009100399,0.009673805,0.010310679,0.0108613,0.011283689,0.011589732,0.011791403,0.0118754,0.011778255,0.01145769,0.010966598,0.010387625,0.009736866,0.00901924,0.008378147,0.00801153,0.007910449,0.007968177,0.008162272,0.008500963,0.008973886,0.00955794,0.01020013,0.010830348,0.011392793,0.011861689,0.012247812,0.012560801,0.012767747,0.012811077,0.012697669,0.012544655,0.012449146,0.012402894,0.012388201,0.012412849,0.012448657,0.012431737,0.012261887,0.01182878,0.011121179,0.01022039,0.009229552,0.008236302,0.007276256,0.006339602,0.005401919,0.004469785,0.003578675,0.002761603,0.002113969,0.001752626,0.001622845,0.001536007,0.001379059,0.001204192,0.001117182,0.00111501,0.001135406,0.001135686,0.001073124,0.000935976,0.000744278,0.000508565,0.000271912,0.000104952,2.69E-05,3.14E-06,0,2.32E-06,9.19E-06,2.40E-05,4.37E-05,5.88E-05,5.96E-05,4.03E-05,1.36E-05,0,0,6.66E-06,1.23E-05,2.11E-05,3.62E-05,5.68E-05,8.07E-05,0.000104645,0.000127169,0.000149659,0.000172191,0.000195701,0.000221473,0.000249123,0.000281173,0.000322465,0.000378497,0.000455325,0.000555693,0.000684352,0.000847594,0.00103588,0.001216449,0.001339714,0.001357383,0.001258233,0.001081106,0.000885687,0.000715777,0.000583843,0.000484727,0.000413111,0.00036332,0.000329608,0.000307597,0.000291597,0.000277814,0.000265029,0.000252299,0.000240847,0.000231316,0.000224084,0.000222582,0.000228609,0.000241916,0.000263835,0.000296072,0.000341055,0.000396266,0.000446708,0.000472319,0.000462293,0.00042461,0.000379611,0.000337318,0.000293048,0.000243301,0.000192023,0.000147688,0.000117084,9.91E-05,8.88E-05,8.15E-05,7.32E-05,6.40E-05,5.52E-05,4.73E-05,4.13E-05,3.73E-05,3.48E-05,3.37E-05,3.24E-05,3.04E-05,2.89E-05,2.68E-05,2.47E-05,2.21E-05,1.51E-05,0
2774,control,0,9.95E-05,0.000208139,0.000326775,0.000454546,0.00059779,0.000765512,0.000959074,0.001172868,0.001398229,0.001627982,0.001858203,0.002084388,0.002293858,0.002459768,0.002553803,0.002574806,0.002552595,0.00252721,0.002529921,0.002565712,0.002599548,0.002568049,0.002435343,0.002242785,0.002063367,0.001920858,0.001796841,0.001679081,0.001568188,0.001463122,0.001358919,0.001261969,0.001190939,0.001153058,0.001143709,0.00116228,0.001207319,0.001272147,0.001349513,0.001437297,0.001544501,0.001677541,0.001825077,0.001964089,0.002065476,0.00211429,0.002138977,0.002192637,0.002311566,0.002499526,0.002734445,0.002995064,0.003271372,0.003546644,0.003799273,0.004009837,0.004162656,0.004261459,0.004323298,0.004355659,0.004355686,0.004310503,0.00421151,0.004073488,0.00391606,0.003753427,0.003598961,0.003453161,0.00331658,0.003198432,0.003097963,0.003011819,0.002939232,0.002874556,0.002819787,0.002777037,0.002738086,0.002697935,0.002651791,0.002598742,0.002549707,0.002505505,0.002463272,0.002434047,0.002425842,0.002444648,0.002494053,0.002558475,0.002625362,0.002699522,0.002786565,0.00289401,0.003023788,0.003162305,0.003297152,0.00342473,0.003542866,0.00363869,0.003696129,0.003745389,0.003840357,0.003950782,0.003997726,0.003982151,0.003959558,0.003958823,0.003976323,0.003990552,0.003997708,0.004034178,0.004150592,0.004363379,0.004608059,0.004802767,0.004957894,0.005136199,0.005375997,0.005605252,0.005643671,0.005502305,0.005395883,0.005345264,0.005223886,0.005118369,0.005260224,0.005709132,0.006333932,0.006974629,0.007506429,0.007917498,0.008395344,0.009093276,0.009923843,0.010751406,0.011428914,0.011799369,0.011966046,0.012158122,0.012338627,0.012205274,0.011593955,0.010774367,0.010049263,0.009382143,0.008665981,0.008062703,0.007779991,0.007801663,0.007987021,0.008230926,0.00857514,0.009109647,0.009799328,0.010522423,0.011186193,0.011759523,0.012271841,0.012777257,0.013241836,0.013474318,0.013379419,0.013186449,0.013140907,0.013224266,0.013307784,0.013389832,0.013584224,0.013868508,0.013914883,0.013370708,0.012351978,0.011234226,0.010199703,0.009231565,0.008295455,0.007422911,0.006583251,0.005648522,0.00465052,0.003794021,0.003196102,0.002821148,0.002589254,0.002434106,0.002287606,0.00214937,0.002120922,0.002280668,0.002608628,0.002932656,0.002968228,0.002646222,0.002131017,0.00152072,0.000891136,0.000391346,0.0001012,5.12E-06,2.52E-05,7.53E-05,5.21E-05,1.52E-06,7.15E-06,8.26E-05,0.000153277,0.00013766,5.58E-05,0,0,5.24E-06,1.11E-05,2.30E-05,4.35E-05,7.21E-05,0.000107241,0.000144673,0.000183144,0.00022273,0.000260116,0.000296696,0.000336545,0.000382616,0.000440985,0.000519339,0.000627708,0.00077673,0.0009728,0.001228156,0.0015525,0.001923955,0.002277641,0.002515346,0.002545911,0.002352605,0.002011088,0.00163448,0.00130307,0.001038876,0.000834826,0.000682927,0.000574292,0.000499705,0.000448493,0.000408344,0.000372452,0.000338228,0.000305245,0.000276893,0.000254744,0.000241418,0.000242678,0.000260186,0.000292839,0.000340064,0.00040183,0.000481416,0.000573646,0.000654192,0.000691005,0.000666775,0.000597286,0.000518557,0.000447942,0.000378715,0.000303387,0.000225853,0.00015957,0.000114719,8.81E-05,7.15E-05,5.75E-05,4.18E-05,2.54E-05,1.10E-05,1.96E-06,9.78E-08,1.06E-06,4.15E-06,8.32E-06,1.01E-05,9.49E-06,7.12E-06,3.05E-06,1.62E-06,2.09E-06,1.78E-06,0
3243,control,0,0.000122288,0.000254707,0.000394143,0.000538264,0.000690136,0.000853989,0.001029593,0.001215199,0.001408804,0.001608708,0.001812033,0.002010005,0.002185105,0.002314801,0.002384155,0.002399775,0.002385189,0.002368167,0.002371292,0.002394461,0.002401546,0.002338953,0.002184587,0.001978266,0.001782932,0.001626543,0.001504775,0.00141296,0.001349508,0.001304722,0.001262457,0.001216699,0.00117639,0.001148612,0.001134492,0.001137866,0.00116113,0.001201717,0.001257079,0.001329304,0.001426696,0.001551135,0.001687084,0.001814511,0.001924028,0.002023155,0.002134151,0.002273909,0.002446295,0.002654688,0.002898602,0.003167215,0.00344425,0.003707935,0.00393774,0.004120217,0.004246048,0.004316363,0.004339995,0.004318973,0.004252141,0.004139044,0.003983975,0.003805543,0.003624643,0.003456506,0.003317022,0.003213675,0.003145058,0.003105673,0.00308092,0.003060022,0.003042688,0.003027304,0.003015041,0.003007158,0.002997818,0.002985735,0.002972217,0.002957404,0.002947606,0.002946013,0.002953367,0.002974448,0.003005369,0.003039709,0.003081864,0.00314016,0.003222173,0.00332884,0.003454899,0.003597053,0.00374771,0.003899373,0.004048191,0.004179416,0.004284601,0.004367916,0.004418827,0.004444737,0.004485518,0.004542452,0.004588663,0.004629726,0.004676036,0.004717881,0.004734933,0.004724047,0.004739416,0.004832092,0.004982494,0.005158032,0.005351354,0.005553954,0.005739922,0.005879092,0.005963243,0.006000401,0.006003303,0.006000518,0.006002482,0.006003503,0.00606788,0.006290723,0.006671971,0.007159811,0.007724937,0.008327233,0.00888283,0.009335893,0.009793721,0.010415834,0.011127527,0.011735145,0.012178017,0.012478834,0.012656093,0.01268601,0.012487148,0.012021059,0.011389482,0.010713896,0.009989218,0.009198064,0.008521003,0.008200302,0.008200032,0.008367415,0.008675244,0.009147897,0.009776156,0.010520517,0.011308958,0.0120574,0.012703011,0.01322011,0.013623162,0.01392187,0.014071672,0.01400258,0.013739646,0.013441853,0.013225977,0.013075754,0.01297236,0.012931875,0.012914298,0.012832869,0.012585493,0.012075171,0.011288063,0.010294467,0.009201171,0.008110681,0.007068016,0.00605972,0.005057745,0.004076306,0.003147316,0.00228972,0.001615542,0.001276373,0.001205805,0.001162659,0.00100333,0.000802526,0.000706914,0.000715811,0.000746699,0.000752865,0.000706832,0.000614891,0.000491633,0.000324194,0.000147313,3.59E-05,2.74E-06,0,0,2.14E-06,9.70E-06,3.30E-05,6.11E-05,7.75E-05,7.16E-05,4.25E-05,1.09E-05,0,0,7.73E-06,1.43E-05,2.44E-05,4.17E-05,6.57E-05,9.35E-05,0.000120184,0.000144336,0.000168596,0.00019293,0.000218215,0.000245669,0.000274513,0.000307831,0.00035089,0.000408948,0.000487896,0.000589808,0.000718566,0.000878788,0.001057985,0.001221918,0.001321644,0.001311816,0.001187982,0.0009951,0.000794021,0.000626745,0.00050259,0.000412982,0.000350495,0.000308623,0.000282225,0.000267349,0.000257356,0.000248421,0.000239893,0.000230944,0.000223533,0.000218229,0.00021452,0.000215804,0.00022389,0.000238458,0.000260807,0.00029216,0.000335261,0.00038779,0.000434106,0.000454846,0.00044085,0.000401192,0.000356246,0.000314334,0.000269777,0.000220029,0.000169275,0.000125651,9.62E-05,7.98E-05,7.14E-05,6.65E-05,6.17E-05,5.72E-05,5.35E-05,4.94E-05,4.61E-05,4.39E-05,4.23E-05,4.10E-05,3.85E-05,3.51E-05,3.18E-05,2.78E-05,2.50E-05,2.35E-05,1.69E-05,0
3462,control,0,0.000113776,0.000242831,0.000385118,0.000536895,0.000699474,0.000876749,0.001068684,0.00127233,0.00148274,0.001696154,0.001911216,0.00212371,0.002319837,0.002475302,0.002568253,0.002599939,0.002594753,0.00258542,0.002598959,0.002637617,0.002665476,0.002624246,0.002485042,0.002289004,0.002106173,0.001963484,0.001847376,0.001747002,0.001662171,0.001589518,0.001520421,0.00145551,0.001407685,0.00138307,0.001378474,0.001393813,0.00142921,0.001481264,0.001547107,0.001628238,0.001733333,0.001866612,0.002014786,0.002153745,0.002259362,0.002324513,0.002375863,0.002454688,0.002585835,0.002771352,0.002997295,0.003248636,0.003515101,0.003779913,0.004023077,0.004227183,0.004377587,0.004475429,0.004533921,0.004557061,0.004540181,0.004475199,0.004359852,0.004210662,0.004048376,0.003887686,0.003742463,0.003616646,0.003509362,0.003423575,0.003355213,0.003297541,0.003247212,0.003199869,0.003158727,0.003128019,0.003101698,0.003074861,0.003044209,0.003008063,0.002973898,0.002946031,0.002926466,0.002922356,0.002931911,0.002949812,0.002980816,0.003033068,0.003111258,0.00320847,0.003312578,0.003422492,0.003541329,0.003672986,0.003816175,0.003950778,0.004065318,0.004160889,0.00421924,0.004245947,0.004285204,0.004336548,0.004371,0.004400186,0.004438876,0.004471209,0.004464907,0.004415373,0.004393715,0.004463931,0.004599569,0.004761333,0.00494865,0.005158558,0.005358243,0.005509614,0.005603858,0.005649697,0.005656398,0.005644646,0.005607058,0.005508708,0.005412584,0.005467204,0.005719375,0.006114876,0.006607883,0.007151746,0.00765168,0.008041721,0.008451485,0.009076172,0.009832288,0.010493453,0.010992236,0.011360359,0.011623982,0.011762164,0.011691336,0.011370685,0.010885811,0.010320602,0.009639021,0.008822353,0.008086074,0.007706385,0.007637244,0.007707419,0.007892502,0.008227206,0.008712456,0.009321197,0.009997775,0.010674449,0.011294541,0.011828107,0.012284295,0.01267402,0.012957478,0.013056776,0.012974752,0.012853957,0.012800312,0.012789138,0.012805827,0.012871782,0.012948047,0.012959408,0.012815889,0.012405399,0.01168898,0.01073985,0.009684962,0.008641269,0.007655835,0.006709285,0.005771722,0.004847115,0.003940721,0.003068266,0.002376819,0.002046914,0.002000027,0.001969806,0.001818988,0.001669166,0.00169594,0.001853132,0.001999468,0.002076945,0.002044834,0.001858232,0.001511957,0.001047611,0.00058556,0.000255907,7.97E-05,1.21E-05,0,6.60E-08,5.26E-06,3.07E-05,6.12E-05,7.91E-05,7.34E-05,4.29E-05,9.55E-06,0,0,1.03E-05,1.79E-05,2.84E-05,4.69E-05,7.38E-05,0.000105942,0.00013875,0.000170918,0.000204683,0.000240295,0.000278896,0.000321757,0.000368542,0.000422696,0.000491062,0.000582531,0.000706671,0.000869038,0.001078336,0.001342199,0.001642338,0.001924674,0.002109933,0.002124696,0.00195593,0.001668118,0.001355226,0.001082252,0.000865833,0.000698475,0.000573594,0.000484676,0.00042416,0.000384423,0.000356202,0.000333469,0.000313489,0.000294489,0.000278226,0.000265689,0.000257436,0.000257842,0.000269448,0.000292077,0.000327017,0.000376439,0.000443646,0.000524225,0.000596295,0.000630956,0.000613389,0.000556841,0.000491083,0.000430014,0.000366705,0.000295819,0.000223353,0.000161915,0.000120669,9.76E-05,8.55E-05,7.76E-05,6.88E-05,5.89E-05,4.96E-05,4.17E-05,3.68E-05,3.46E-05,3.45E-05,3.63E-05,3.80E-05,3.90E-05,3.95E-05,3.80E-05,3.56E-05,3.22E-05,2.23E-05,0
2853,control,0,0.000118311,0.000249277,0.000390454,0.000539664,0.000698932,0.000870844,0.001054121,0.001246541,0.001445218,0.001647907,0.001852726,0.002052994,0.002232851,0.002369375,0.002445717,0.002467545,0.002458913,0.002448616,0.002459922,0.002492724,0.002510805,0.002459492,0.002314773,0.002117133,0.001931819,0.001785576,0.001669964,0.001578005,0.001509017,0.001455992,0.001406024,0.001356499,0.00131851,0.001298218,0.001293975,0.001307051,0.001338162,0.001384681,0.001445221,0.001522604,0.001625432,0.001756402,0.001900828,0.002036635,0.002147107,0.002232122,0.002315538,0.002426022,0.002577615,0.002772613,0.00300367,0.003258532,0.003525039,0.003784431,0.004016384,0.00420537,0.004339401,0.004419851,0.004457907,0.004456226,0.004411456,0.004319634,0.004182792,0.004019283,0.003849685,0.003688187,0.003549455,0.003439318,0.003356301,0.003298706,0.003256989,0.003221986,0.003191277,0.003161769,0.003136295,0.003118131,0.003101288,0.003082783,0.003061945,0.003038154,0.003018617,0.003007845,0.003007473,0.003021956,0.003046042,0.003072615,0.003107372,0.003162379,0.003246803,0.003355661,0.003476337,0.003604452,0.003737392,0.003876133,0.004020572,0.00415077,0.004255278,0.00433824,0.004383271,0.004395822,0.004422538,0.004467538,0.004505939,0.004549678,0.004608053,0.004658662,0.004665573,0.004625882,0.004618366,0.004708756,0.004859101,0.005020637,0.005199664,0.005406615,0.005607831,0.005752804,0.005826054,0.005846502,0.005848008,0.00586001,0.005861966,0.005822271,0.005817855,0.005978581,0.006312493,0.006753534,0.007271762,0.007835336,0.008352403,0.008751151,0.009155937,0.009769367,0.01051058,0.011139257,0.011588841,0.011908841,0.012119602,0.012174368,0.011981956,0.011532599,0.01096371,0.010368852,0.009677824,0.008861498,0.008164358,0.007872605,0.007905134,0.00806535,0.008338786,0.008776462,0.009372669,0.010079838,0.010829047,0.011548383,0.012181202,0.012699926,0.0131149,0.013432813,0.013608355,0.013573097,0.013353628,0.013104829,0.01292934,0.012801477,0.012716412,0.012700188,0.012695422,0.012612484,0.012386798,0.011944884,0.011237597,0.010298115,0.009236175,0.008176106,0.007173649,0.006206395,0.005244999,0.004310992,0.003412472,0.002544007,0.001851709,0.001539392,0.001527952,0.001521481,0.001363189,0.001179991,0.00116189,0.001267886,0.001357047,0.001385267,0.001347754,0.001227605,0.001006979,0.000692349,0.000373434,0.000159157,5.73E-05,1.61E-05,2.02E-06,4.91E-06,1.35E-05,4.86E-05,8.27E-05,9.39E-05,7.70E-05,4.01E-05,8.29E-06,0,0,8.46E-06,1.39E-05,2.21E-05,3.78E-05,6.11E-05,8.92E-05,0.000116788,0.000142588,0.000169836,0.000199506,0.00023236,0.00026894,0.000308127,0.000352912,0.000409359,0.000484548,0.000586391,0.000719008,0.000888744,0.001101925,0.001343164,0.001567734,0.001710944,0.001712928,0.001564865,0.001322269,0.001063112,0.000840818,0.00066797,0.000535847,0.000437513,0.00036752,0.000320344,0.000290541,0.000270165,0.000254155,0.000240732,0.000228339,0.000218558,0.000211813,0.000207234,0.000208155,0.000217032,0.000234045,0.000260859,0.000299499,0.000353242,0.000419151,0.000478703,0.000507778,0.00049441,0.000449268,0.000396475,0.000346595,0.000293187,0.000232538,0.000170024,0.000116076,7.93E-05,5.90E-05,4.96E-05,4.59E-05,4.31E-05,4.08E-05,3.90E-05,3.66E-05,3.47E-05,3.39E-05,3.38E-05,3.43E-05,3.38E-05,3.25E-05,3.13E-05,2.91E-05,2.80E-05,2.80E-05,2.12E-05,0
2167,control,0,0.000121347,0.000257411,0.000407157,0.000566253,0.000734903,0.000915807,0.001106582,0.001301734,0.001495176,0.001683445,0.001864974,0.002034239,0.002177747,0.002275895,0.002316344,0.002311154,0.002290181,0.002281628,0.002300095,0.002335023,0.002345524,0.002282311,0.00213718,0.001965895,0.001831925,0.001744809,0.001681821,0.001630981,0.001590241,0.001556242,0.00152647,0.001507841,0.001514456,0.001550226,0.001608853,0.001687105,0.001782501,0.001891032,0.002011952,0.002147419,0.002302348,0.002476609,0.00265473,0.002812722,0.002928262,0.002995603,0.003045671,0.003128606,0.003271467,0.003466054,0.00368653,0.003913878,0.00414042,0.004353242,0.004535233,0.004672158,0.004753386,0.004785225,0.004786559,0.004764233,0.004713811,0.004628202,0.004507021,0.004368321,0.004232201,0.004108804,0.004005581,0.003919209,0.003843371,0.003783411,0.003740541,0.00370831,0.003682424,0.003659762,0.003645266,0.003644242,0.003649301,0.003654166,0.003657173,0.003658523,0.003666263,0.00368299,0.003707099,0.003746082,0.003801009,0.003867182,0.003948582,0.004048727,0.004167848,0.004301761,0.004439548,0.004577905,0.004720444,0.004867151,0.005011811,0.005138983,0.005241732,0.005322477,0.005370057,0.005398111,0.005450978,0.005515975,0.005550629,0.005575302,0.005624983,0.005688532,0.005728985,0.005733725,0.005760008,0.005868214,0.006040512,0.006235186,0.00643003,0.006611973,0.006777532,0.006924808,0.007056643,0.007159666,0.007187332,0.007153007,0.007127249,0.007111665,0.007105614,0.00720731,0.007493268,0.007930551,0.008436169,0.008924792,0.009304391,0.009535935,0.009760651,0.010156889,0.010647924,0.011040094,0.011245156,0.011250444,0.011124036,0.01094059,0.010655366,0.01019047,0.009601578,0.009027375,0.00849872,0.007973585,0.007551979,0.007418836,0.007552181,0.007817498,0.008151405,0.008521887,0.008920448,0.009355282,0.009787464,0.010158141,0.010439407,0.010629321,0.010752754,0.010842033,0.010875345,0.010766481,0.010511421,0.010267807,0.010142429,0.010073008,0.009991702,0.009911706,0.009837183,0.009707957,0.00939093,0.008763616,0.007890583,0.006950398,0.006057009,0.005242953,0.004503617,0.003827924,0.003193412,0.002555733,0.001900232,0.001305646,0.000929395,0.000859391,0.0009768,0.001065583,0.001035999,0.001017831,0.001183894,0.00149957,0.001829211,0.002068498,0.002095316,0.001855655,0.001423069,0.000901296,0.0004228,0.000118978,9.37E-06,0,7.15E-06,3.70E-05,5.67E-05,7.08E-05,0.000100263,0.000137012,0.000151341,0.000114551,4.66E-05,0,0,1.87E-05,3.07E-05,4.35E-05,6.44E-05,9.37E-05,0.0001315,0.00017628,0.000226239,0.000282632,0.000343289,0.000405894,0.00047094,0.000537089,0.000606751,0.000687389,0.000788225,0.000920544,0.00109101,0.001305112,0.001564932,0.001843337,0.002077014,0.002187904,0.002118114,0.001877979,0.001547539,0.001217375,0.000939638,0.000721173,0.000550806,0.000424742,0.000339378,0.000286183,0.000257613,0.000244691,0.000240015,0.000239813,0.000239551,0.000237673,0.000234265,0.00022995,0.00023087,0.000241627,0.000261991,0.000294375,0.000341849,0.000405815,0.000479657,0.00053996,0.000560403,0.000532837,0.000472428,0.000405043,0.000340652,0.000271681,0.000196768,0.000125002,6.80E-05,3.44E-05,2.13E-05,1.97E-05,2.38E-05,2.70E-05,2.76E-05,2.80E-05,2.80E-05,2.70E-05,2.41E-05,1.89E-05,1.41E-05,1.01E-05,6.49E-06,5.60E-06,6.74E-06,1.03E-05,1.57E-05,1.47E-05,0
2436,control,0,0.000122269,0.000257446,0.000402118,0.000552826,0.000710855,0.000878903,0.001055885,0.001240059,0.001429648,0.001623195,0.00181926,0.002011909,0.002185765,0.002318333,0.002393065,0.002414868,0.002406918,0.002397185,0.002407519,0.002437275,0.002451047,0.002396203,0.002252187,0.002061896,0.001889824,0.001759739,0.001659742,0.001580466,0.001520491,0.001474149,0.001431833,0.001392466,0.001365574,0.001356185,0.001362164,0.001384335,0.001424323,0.001480204,0.001550476,0.001638,0.001750453,0.00188963,0.00204055,0.002179808,0.002289734,0.002370425,0.002446829,0.002550736,0.002698145,0.002889446,0.003115127,0.003362215,0.003618987,0.00386848,0.004091131,0.004271307,0.004397598,0.004471394,0.0045041,0.004498948,0.004452567,0.004362023,0.004229874,0.004073035,0.003911886,0.003760792,0.003632766,0.003531925,0.003455158,0.003400753,0.003361417,0.003328557,0.003299389,0.003271369,0.003247013,0.003230373,0.003216947,0.003203067,0.00318784,0.003170842,0.003158139,0.003153505,0.003157567,0.003175373,0.003205382,0.003241932,0.003288289,0.003352104,0.003439328,0.003548085,0.003670048,0.00380137,0.003939935,0.004084238,0.004230625,0.004361619,0.004465768,0.004546444,0.004596139,0.004620996,0.004654143,0.004698231,0.004735402,0.004774694,0.004824389,0.004871494,0.004890996,0.004876344,0.004882286,0.004963941,0.005104596,0.005271421,0.005458229,0.005657226,0.005840856,0.005978216,0.006058789,0.006094973,0.006113138,0.006131417,0.006122969,0.006066084,0.006049052,0.006197921,0.006516741,0.006943307,0.007444467,0.007985045,0.008493975,0.008919617,0.00934525,0.009905369,0.010532194,0.011052708,0.011428221,0.011698766,0.01186959,0.011892046,0.011691026,0.011261696,0.010713831,0.010127142,0.009467539,0.008731925,0.00811214,0.007828222,0.007826145,0.007963149,0.008228238,0.008649855,0.009210356,0.009865367,0.010551944,0.011202077,0.011765392,0.012220031,0.012576925,0.012840258,0.012970328,0.012918635,0.012714751,0.012482988,0.012310235,0.012184431,0.012101234,0.012075253,0.012055016,0.011957998,0.011711364,0.011246111,0.010540538,0.009638301,0.008633165,0.007629159,0.006673289,0.005748874,0.004832636,0.003949233,0.003124999,0.002364544,0.001771607,0.001491995,0.001459608,0.001446062,0.001330222,0.001203405,0.001204992,0.001306635,0.001402748,0.001452793,0.001436435,0.001316689,0.001072554,0.000730033,0.000387751,0.000151945,4.10E-05,5.85E-06,0,7.31E-07,1.14E-05,4.00E-05,6.56E-05,7.35E-05,6.16E-05,3.53E-05,1.02E-05,0,0,1.12E-05,2.09E-05,3.38E-05,5.36E-05,7.97E-05,0.000110127,0.000141415,0.000172048,0.0002042,0.00023832,0.000274953,0.000315253,0.000358722,0.000408554,0.000471034,0.000552772,0.000661718,0.00080345,0.000985065,0.001212359,0.001468083,0.001703903,0.00185182,0.001850284,0.001691286,0.001434258,0.001160838,0.000925658,0.000741698,0.000600904,0.000496883,0.00042357,0.000373826,0.000341953,0.000320596,0.000304426,0.000291399,0.000279404,0.000269039,0.000260987,0.000255078,0.000254911,0.000263175,0.000280243,0.000308291,0.000349638,0.000406942,0.000476814,0.000539681,0.000569449,0.000553524,0.000503686,0.000445637,0.000390712,0.000331747,0.000265028,0.000197644,0.000141164,0.000103756,8.34E-05,7.36E-05,6.85E-05,6.32E-05,5.69E-05,5.09E-05,4.49E-05,3.95E-05,3.53E-05,3.17E-05,2.96E-05,2.79E-05,2.62E-05,2.54E-05,2.45E-05,2.38E-05,2.32E-05,1.70E-05,0
3456,control,0,0.000109633,0.000230578,0.000362034,0.000501962,0.000653798,0.000823216,0.001011101,0.001214011,0.001426036,0.001642829,0.001861406,0.00207425,0.002265176,0.002410441,0.002491315,0.002512262,0.002498215,0.002480854,0.002486913,0.002518153,0.002537885,0.00248829,0.002340169,0.002130796,0.001926482,0.001757432,0.001619176,0.001507347,0.001421901,0.001354789,0.001289734,0.001221556,0.001162402,0.001120538,0.001096593,0.001094163,0.001113866,0.001151239,0.001202296,0.001267425,0.001355729,0.001471356,0.001600306,0.001723037,0.001826018,0.001911512,0.002003646,0.002125884,0.002287441,0.00249288,0.002738747,0.003012889,0.003299915,0.003577249,0.003824193,0.004026788,0.004173233,0.004264502,0.004310621,0.004313869,0.004272413,0.004181053,0.004039376,0.003866465,0.003683762,0.003506311,0.00335095,0.003225274,0.00313052,0.003065465,0.003017122,0.002976228,0.002942632,0.002912908,0.002888933,0.002871745,0.002853264,0.002831598,0.002806358,0.002776512,0.002749914,0.002729841,0.002718234,0.002722091,0.002736169,0.002753715,0.002781295,0.002828336,0.002901762,0.002997745,0.00310738,0.003230756,0.003364892,0.003506484,0.003654037,0.003790246,0.003907502,0.004008332,0.004069135,0.004096789,0.004146318,0.004214952,0.004260339,0.004291403,0.004327558,0.004356159,0.004348628,0.004304253,0.004296735,0.004386656,0.004540085,0.004714246,0.004907562,0.005119408,0.005321195,0.005474978,0.005574001,0.005620491,0.005604011,0.005560099,0.005534006,0.00551091,0.005518806,0.005666502,0.005997566,0.006469731,0.007039415,0.007652602,0.008196883,0.008600251,0.009029767,0.009722242,0.01058351,0.011351712,0.011925429,0.012312986,0.012564249,0.012698732,0.01262492,0.01225469,0.011664162,0.010994495,0.010243968,0.009368794,0.008571167,0.008161394,0.008112884,0.00823343,0.00847425,0.00886522,0.009420371,0.010120604,0.010899883,0.011673725,0.012373615,0.012966156,0.01346569,0.013891272,0.014197325,0.014276866,0.014125705,0.013932485,0.013839617,0.013809815,0.013806202,0.01385381,0.013930124,0.013955217,0.013801704,0.013321825,0.012490357,0.011419706,0.010255045,0.009109811,0.00802716,0.00699134,0.005964752,0.004933164,0.003904696,0.002915821,0.002131107,0.001742607,0.00166783,0.001616673,0.001420176,0.001184173,0.001100492,0.001155775,0.001231053,0.001256074,0.001178288,0.00101002,0.00079815,0.00053951,0.000276842,0.000103102,2.76E-05,2.76E-06,1.47E-06,6.22E-06,1.06E-05,3.07E-05,6.57E-05,9.51E-05,9.60E-05,5.82E-05,1.25E-05,0,0,7.66E-06,1.18E-05,1.87E-05,3.37E-05,5.73E-05,8.62E-05,0.000113947,0.000139633,0.00016611,0.000192529,0.000220013,0.000249701,0.000280619,0.000316024,0.000361509,0.000424491,0.000512461,0.000626582,0.000771499,0.000953537,0.00115968,0.001352312,0.001475177,0.001474949,0.001344174,0.001130827,0.000903759,0.000712311,0.000567879,0.000461807,0.000386679,0.000335871,0.000304342,0.000286467,0.000273484,0.000261156,0.000248479,0.000234862,0.000223406,0.000214757,0.000209095,0.000211045,0.000222283,0.000241615,0.000269307,0.00030646,0.000356855,0.000417261,0.000469857,0.000493749,0.000478546,0.000434133,0.000383743,0.00033759,0.000290589,0.000239034,0.000185505,0.000138732,0.000106896,8.87E-05,7.88E-05,7.20E-05,6.49E-05,5.82E-05,5.26E-05,4.76E-05,4.53E-05,4.56E-05,4.76E-05,5.01E-05,5.06E-05,4.93E-05,4.68E-05,4.16E-05,3.71E-05,3.33E-05,2.28E-05,0
2696,control,0,0.000136166,0.000286155,0.000445966,0.000611495,0.000784618,0.00096945,0.001165074,0.001368457,0.001576663,0.001787377,0.001997799,0.002200828,0.002381219,0.002516615,0.002589544,0.002605358,0.002590506,0.002575897,0.002583686,0.002611691,0.002621548,0.002557807,0.002400355,0.002196031,0.002012938,0.001875312,0.001770238,0.001687756,0.001625575,0.001576774,0.001531286,0.001488634,0.001459404,0.001449369,0.00145662,0.001482409,0.001528645,0.001592573,0.001671396,0.001767407,0.001888341,0.002035946,0.00219491,0.002341905,0.002459846,0.002549172,0.002634752,0.00274832,0.00290681,0.003111709,0.003352102,0.003611702,0.003876549,0.004128889,0.004348808,0.004520913,0.004634741,0.004693344,0.004710324,0.004690657,0.004631909,0.004531424,0.004391343,0.004227951,0.004061345,0.003905921,0.003774575,0.003670396,0.003589617,0.003531332,0.003488774,0.003453494,0.00342372,0.003397391,0.003376002,0.003362237,0.003350725,0.003337489,0.003321568,0.003302685,0.003287425,0.003279197,0.003277888,0.003290057,0.003317399,0.003357102,0.003412158,0.003484106,0.003573586,0.003681635,0.003804423,0.003938828,0.004081307,0.004225313,0.00436453,0.004487491,0.004586027,0.004660829,0.0047081,0.004740241,0.00478836,0.004846287,0.004885434,0.004911692,0.004941872,0.004974445,0.004994856,0.004995203,0.005008701,0.005078978,0.005209041,0.00538348,0.005581179,0.005771547,0.005935898,0.006070354,0.006178557,0.006256112,0.006283171,0.006270921,0.006248843,0.006218361,0.006220162,0.006349244,0.006645648,0.007079742,0.007602059,0.008149452,0.008645245,0.009053025,0.009463341,0.009990421,0.010569627,0.011064461,0.01142634,0.011650314,0.011754626,0.011748614,0.011576514,0.011181233,0.010610473,0.009978094,0.009332671,0.008674728,0.008107585,0.007799849,0.007757439,0.007890689,0.008165167,0.008565923,0.009077339,0.009685678,0.010337088,0.010951403,0.011471851,0.011879526,0.012191326,0.012424365,0.012546079,0.012485891,0.012249139,0.011973769,0.011775891,0.011647019,0.011555166,0.011506457,0.01148715,0.01143202,0.011217169,0.010722142,0.009966553,0.009065889,0.008119598,0.007188789,0.006293039,0.005426817,0.004571957,0.003723571,0.002912412,0.002191191,0.001654999,0.001384957,0.001309389,0.001259338,0.001142599,0.001020852,0.001005503,0.001097151,0.001230288,0.001343617,0.001358449,0.001234804,0.000996707,0.00068059,0.000359159,0.000127827,1.72E-05,0,0,5.08E-06,9.16E-06,1.44E-05,3.16E-05,5.48E-05,6.65E-05,5.09E-05,1.91E-05,0,0,9.14E-06,1.77E-05,2.96E-05,4.83E-05,7.25E-05,0.000100385,0.000128807,0.000156193,0.000184185,0.000212941,0.000243253,0.00027692,0.000313919,0.000357053,0.000412119,0.000485286,0.000583643,0.000712046,0.000876845,0.001083532,0.001317337,0.001534971,0.001674581,0.001679835,0.001542134,0.001313418,0.001066877,0.000852991,0.000685285,0.000557351,0.000463094,0.000396453,0.000350612,0.000320396,0.000299331,0.000282282,0.000267137,0.00025248,0.000239584,0.000229545,0.000222441,0.000221403,0.000228709,0.000244639,0.000270937,0.000309023,0.000360476,0.000422111,0.000477047,0.000502331,0.000486609,0.000440487,0.000387374,0.00033781,0.000285694,0.000227559,0.000168783,0.000118768,8.51E-05,6.65E-05,5.70E-05,5.14E-05,4.54E-05,3.85E-05,3.22E-05,2.67E-05,2.27E-05,1.97E-05,1.72E-05,1.55E-05,1.40E-05,1.21E-05,1.10E-05,1.00E-05,1.02E-05,1.18E-05,9.73E-06,0
2604,control,0,0.000117149,0.000250342,0.000396822,0.000553403,0.00072304,0.000910116,0.001112893,0.001326793,0.001546248,0.001766724,0.001987305,0.002206753,0.002413842,0.002582678,0.002686051,0.002720861,0.002712012,0.002696557,0.002705987,0.002744479,0.002775068,0.002735987,0.002595286,0.002396842,0.002216568,0.002080337,0.001966538,0.001859184,0.001759503,0.001668097,0.001580195,0.001500558,0.001445223,0.001419846,0.001418095,0.001437296,0.001476252,0.001531008,0.001599196,0.00168347,0.00179346,0.001934177,0.002092564,0.002241007,0.002345772,0.002390508,0.002404293,0.002443113,0.002545788,0.002715896,0.002931848,0.003174421,0.003436326,0.003703952,0.003956303,0.004172078,0.004333366,0.004442011,0.004514508,0.004556262,0.004560733,0.004516416,0.004418344,0.004282206,0.004128541,0.003970981,0.00382123,0.003680699,0.003548562,0.00343216,0.003333006,0.003247112,0.003170375,0.003096915,0.003030594,0.002977734,0.002932946,0.002889361,0.002840893,0.002785225,0.002731446,0.002685377,0.002649388,0.002630422,0.002627363,0.002636445,0.002662786,0.002714016,0.00279402,0.002892288,0.002991562,0.003089271,0.003192086,0.003309887,0.003445073,0.003575682,0.003686253,0.003774332,0.003818701,0.003827024,0.003849659,0.00388913,0.003917973,0.003949943,0.003997752,0.004038327,0.004029631,0.003963472,0.003922256,0.003982937,0.004117269,0.00427936,0.0044706,0.004692383,0.004907778,0.005071518,0.00517243,0.005223513,0.005244455,0.005252746,0.005211022,0.005057853,0.004871161,0.004844173,0.005044934,0.005410302,0.005887597,0.006430109,0.006937264,0.007334781,0.00775733,0.008417701,0.009232531,0.009957577,0.010524055,0.010973854,0.011324393,0.011532193,0.011500878,0.011197446,0.010725056,0.010164584,0.009459559,0.008589052,0.007798271,0.007389547,0.007304707,0.007355638,0.007526594,0.007870181,0.008390413,0.009051885,0.009793751,0.010545263,0.011243814,0.011854081,0.012382517,0.012835467,0.013163916,0.013281864,0.013192152,0.013044993,0.012955868,0.012910819,0.012910146,0.012982967,0.013080892,0.013121868,0.01302748,0.012690826,0.012046602,0.01114106,0.010102088,0.009064141,0.008085097,0.007143777,0.006212223,0.005303723,0.004417032,0.003551193,0.002858781,0.002541047,0.002518568,0.002506509,0.00236616,0.00224622,0.002345782,0.002598412,0.002827219,0.002972516,0.002997051,0.002809259,0.002354658,0.001694823,0.001019652,0.000513853,0.000211235,5.75E-05,2.68E-06,0,9.00E-07,2.47E-05,5.35E-05,6.60E-05,5.49E-05,2.49E-05,1.49E-07,0,0,1.23E-05,2.25E-05,3.61E-05,5.74E-05,8.68E-05,0.000120909,0.000154664,0.000187372,0.000222215,0.000260343,0.000303911,0.00035485,0.000413567,0.000484652,0.000576307,0.000699313,0.000865713,0.001084929,0.001371886,0.00173862,0.002162419,0.002571653,0.002857398,0.002914459,0.002716298,0.002344543,0.001926923,0.001554223,0.00125222,0.001013536,0.000830415,0.000695359,0.000599234,0.000531855,0.000481298,0.000439781,0.000403444,0.000370206,0.000342677,0.000322573,0.000310222,0.000309555,0.000323287,0.000352022,0.000397395,0.000461844,0.000549977,0.00065734,0.000756572,0.000808464,0.000790939,0.000720498,0.000636743,0.000559008,0.00047828,0.000386099,0.000290039,0.000207522,0.000150802,0.000117519,9.85E-05,8.52E-05,7.18E-05,5.77E-05,4.44E-05,3.30E-05,2.59E-05,2.33E-05,2.41E-05,2.75E-05,3.15E-05,3.52E-05,3.78E-05,3.70E-05,3.51E-05,3.23E-05,2.27E-05,0
3084,control,0,0.000123963,0.000260749,0.000407424,0.000560808,0.000723644,0.000900361,0.001089986,0.001288926,0.001493179,0.0017,0.001906959,0.002106822,0.002283607,0.002414714,0.00248368,0.002496701,0.002479069,0.002460963,0.002465955,0.002492355,0.002501135,0.002436627,0.002277415,0.002067775,0.001874522,0.001723518,0.001605244,0.001512353,0.00144376,0.00139176,0.001342438,0.001292343,0.001252933,0.001231519,0.001227377,0.001242452,0.001277477,0.001329047,0.001394961,0.001477503,0.001584861,0.001719041,0.001864455,0.001999368,0.002109315,0.002197054,0.002287719,0.002408177,0.002569969,0.002775221,0.003017107,0.003281937,0.003555037,0.003816141,0.004044958,0.004226963,0.004351313,0.004420301,0.004445869,0.004431328,0.004374088,0.004270688,0.004123292,0.003950833,0.003774622,0.003608808,0.003467598,0.003356364,0.003273479,0.003217062,0.00317665,0.003142809,0.003114319,0.003088752,0.003068293,0.003055267,0.003042999,0.003028498,0.003011497,0.002991618,0.002976127,0.002969131,0.002972298,0.002991316,0.003021563,0.00305541,0.003098181,0.0031611,0.003252361,0.003367538,0.003494965,0.003630439,0.003770625,0.003914657,0.004061733,0.004193791,0.004301104,0.004387972,0.004437815,0.004456594,0.004491686,0.004544888,0.004586839,0.004629148,0.004684502,0.004733333,0.004742343,0.004709675,0.004711853,0.004812867,0.004976082,0.00515285,0.005343946,0.005554646,0.005755243,0.00590264,0.005984817,0.006015964,0.006016456,0.006015017,0.006011825,0.005988231,0.006011956,0.006200556,0.006562843,0.007035769,0.007583904,0.008167314,0.008689913,0.009082493,0.009478212,0.010083798,0.010816497,0.011436429,0.011871454,0.01216075,0.01233166,0.012355642,0.012144061,0.011669771,0.011058396,0.010420964,0.009710049,0.00889502,0.008202476,0.007913182,0.007958052,0.008145187,0.008448969,0.008906629,0.009511427,0.010222286,0.010970181,0.011679438,0.012293985,0.012789305,0.013179428,0.013476171,0.013635357,0.013580767,0.013335575,0.013066081,0.01288407,0.012757428,0.01266855,0.012641422,0.012627751,0.012537009,0.012283672,0.011779808,0.010997466,0.00999977,0.008903919,0.007825398,0.00681161,0.005840484,0.004882619,0.00395072,0.003052003,0.002194121,0.001526419,0.001239041,0.001244188,0.001250347,0.001104309,0.000930664,0.000917847,0.001031399,0.001138884,0.001188282,0.001157261,0.001036598,0.000831647,0.000550888,0.000270689,9.30E-05,2.34E-05,3.87E-06,0,9.61E-07,1.22E-05,4.35E-05,7.72E-05,9.35E-05,8.26E-05,4.64E-05,1.01E-05,0,0,1.16E-05,1.98E-05,3.03E-05,4.86E-05,7.47E-05,0.000105753,0.000136541,0.000165954,0.00019709,0.000229872,0.000264832,0.000302845,0.000342606,0.000386903,0.000441772,0.00051436,0.000612538,0.000739495,0.000900297,0.001099936,0.00132207,0.001523291,0.001643095,0.001627457,0.001472478,0.001233659,0.000984783,0.000775367,0.000615883,0.000496862,0.000411183,0.000352696,0.000315441,0.000294094,0.000280669,0.000270147,0.000260818,0.000251029,0.000242679,0.000236537,0.000232221,0.000233768,0.000243596,0.000261312,0.000288337,0.000326445,0.000378591,0.00044126,0.000495742,0.000519312,0.000501803,0.000454443,0.000400979,0.000351124,0.000298418,0.000239873,0.000180586,0.00013023,9.71E-05,7.96E-05,7.18E-05,6.82E-05,6.44E-05,6.06E-05,5.74E-05,5.38E-05,5.07E-05,4.86E-05,4.69E-05,4.61E-05,4.44E-05,4.21E-05,3.99E-05,3.63E-05,3.36E-05,3.15E-05,2.25E-05,0
3323,control,0,0.000134595,0.0002823,0.000440289,0.000604422,0.000777249,0.000964343,0.001165081,0.001374599,0.001587614,0.001800586,0.002010035,0.00220806,0.002379412,0.00250273,0.002562343,0.00256613,0.002542565,0.002523055,0.002528535,0.002553938,0.002558473,0.002487302,0.00232345,0.002116182,0.001932581,0.00179437,0.00168872,0.001607213,0.001547659,0.001502253,0.001459766,0.00141931,0.0013925,0.001385926,0.001398296,0.001431507,0.001486527,0.001559225,0.001646151,0.001748657,0.00187389,0.00202314,0.002180597,0.00232454,0.002440785,0.00253217,0.002624969,0.002749191,0.00291847,0.003133133,0.003381997,0.003647765,0.003914915,0.004164117,0.004375996,0.004537173,0.004638461,0.004684193,0.004688858,0.004657756,0.004589373,0.004480748,0.004333377,0.004164933,0.003996026,0.00384001,0.003709261,0.003606156,0.003527217,0.003472273,0.003433403,0.003402007,0.003377589,0.00335821,0.003345316,0.003340573,0.003336789,0.003330318,0.003320905,0.003308446,0.003300203,0.003298811,0.003303874,0.003323288,0.00335812,0.003404827,0.003467321,0.003546735,0.003642871,0.003756668,0.003884458,0.004024278,0.004172434,0.00432044,0.004461557,0.004585785,0.00468775,0.004768511,0.004819832,0.004855684,0.004915109,0.004986856,0.005029775,0.005051856,0.005079009,0.005111456,0.005133107,0.005136909,0.005159987,0.005246706,0.005394766,0.005583632,0.005787868,0.005976725,0.00613906,0.006277877,0.006401051,0.006494979,0.006512123,0.006468111,0.006439515,0.00644218,0.006481261,0.006631035,0.006948861,0.007415712,0.007969513,0.008531097,0.009009459,0.009367419,0.009729851,0.010245575,0.0108417,0.011356634,0.011714152,0.011886841,0.011919936,0.01187221,0.011691055,0.011278247,0.010661018,0.009990252,0.009344428,0.008703801,0.008147147,0.00785435,0.007847192,0.008025882,0.008331411,0.008731845,0.009220152,0.009800001,0.010420185,0.010997698,0.011477798,0.011844994,0.012121889,0.012336573,0.012458701,0.012394648,0.012136062,0.011848318,0.011667337,0.011564115,0.011480319,0.011423776,0.011401778,0.011352802,0.011120492,0.010552953,0.009697418,0.008723278,0.007746898,0.006812833,0.005925982,0.005082298,0.004259919,0.003427809,0.0026053,0.001872346,0.001348829,0.001110349,0.001067592,0.001040254,0.000930051,0.000805568,0.000795656,0.000909397,0.001079342,0.00122217,0.001226966,0.001072527,0.000830912,0.000542624,0.000259735,7.08E-05,3.47E-06,0,5.59E-06,2.77E-05,3.21E-05,3.02E-05,4.90E-05,8.29E-05,0.000102431,7.94E-05,3.02E-05,0,0,1.15E-05,2.05E-05,3.20E-05,5.04E-05,7.52E-05,0.000104693,0.000135586,0.000166605,0.000199366,0.000232504,0.000266122,0.000301941,0.000339393,0.000380987,0.000432366,0.000500095,0.000591595,0.000710064,0.000859923,0.001045457,0.001251216,0.00143615,0.001544229,0.001527048,0.001382559,0.001161812,0.0009314,0.000736114,0.000586148,0.000473842,0.000393512,0.000339368,0.000304929,0.000285056,0.000272729,0.000262939,0.00025377,0.000243574,0.00023382,0.000225502,0.000219059,0.000218781,0.000227071,0.00024338,0.000268975,0.000305074,0.000353336,0.000409972,0.000457993,0.000477026,0.000458372,0.000412469,0.00036105,0.000313312,0.000263771,0.000210049,0.000156558,0.000111452,8.22E-05,6.73E-05,6.05E-05,5.67E-05,5.18E-05,4.58E-05,4.05E-05,3.58E-05,3.24E-05,2.97E-05,2.67E-05,2.43E-05,2.14E-05,1.82E-05,1.57E-05,1.35E-05,1.30E-05,1.42E-05,1.13E-05,0
2789,control,0,0.00013584,0.000281764,0.000436423,0.000596625,0.000765826,0.0009507,0.001151389,0.001362314,0.00157654,0.001789074,0.001994941,0.002184905,0.002343826,0.002451942,0.002496164,0.002487358,0.002455954,0.002432849,0.002436197,0.002458081,0.00245765,0.002383346,0.002222297,0.00202493,0.001854556,0.001728063,0.00163206,0.001559778,0.001508799,0.001470759,0.001435603,0.001404204,0.001388619,0.001394303,0.001419585,0.001467069,0.001537091,0.001624275,0.001724618,0.001838549,0.001972331,0.002126691,0.002285757,0.002429809,0.002546795,0.002639937,0.002736085,0.002865365,0.003040182,0.003259399,0.003509585,0.003771775,0.004030585,0.004266815,0.004462178,0.004605637,0.004689378,0.004718982,0.004709671,0.004666791,0.004590358,0.00447796,0.004330295,0.00416566,0.004004301,0.003857988,0.003738023,0.003644782,0.003574139,0.003526895,0.003494626,0.003469269,0.003451673,0.003439504,0.00343437,0.003437563,0.003440402,0.003439984,0.003437024,0.003431587,0.00343169,0.003438172,0.003448387,0.003471427,0.003510494,0.003564932,0.00363894,0.003726111,0.00382108,0.003929707,0.00405441,0.004196309,0.004350718,0.004501922,0.004639689,0.004759751,0.004860324,0.00494055,0.004993472,0.005038622,0.005116557,0.005205968,0.005250792,0.005257286,0.005264242,0.005286595,0.005318614,0.005347821,0.005387132,0.005470036,0.005614567,0.005815261,0.006026482,0.006195897,0.006330549,0.006465353,0.006621195,0.00676013,0.006777693,0.00668961,0.0066461,0.006683784,0.006744493,0.006868296,0.007157772,0.00762898,0.008197222,0.008752035,0.009199606,0.009522354,0.009857009,0.010334199,0.010884074,0.01138058,0.011724759,0.01182975,0.011769944,0.011690859,0.01155979,0.011199858,0.010561151,0.009850327,0.009247933,0.0087219,0.008238843,0.007930719,0.007893442,0.00807615,0.008383627,0.008739699,0.009149221,0.009650051,0.010198487,0.010704852,0.01111439,0.011416061,0.011640295,0.011828691,0.011956881,0.011906612,0.011641953,0.011344264,0.011179056,0.011110007,0.011040618,0.010972242,0.010959829,0.01096144,0.010757089,0.01013695,0.009206137,0.008220639,0.00730159,0.00644383,0.005623261,0.004851192,0.004104916,0.003311928,0.002502412,0.001815093,0.001354799,0.001127092,0.001046978,0.001001675,0.000913267,0.000802968,0.00077042,0.000869776,0.001077801,0.001276581,0.001284831,0.001086896,0.000817344,0.000531095,0.000252902,6.37E-05,2.19E-06,0,3.33E-05,7.96E-05,7.35E-05,4.54E-05,5.53E-05,0.000103561,0.000141711,0.000117832,4.90E-05,0,0,1.04E-05,1.86E-05,3.01E-05,4.82E-05,7.18E-05,0.000100213,0.000130755,0.00016231,0.000195621,0.000227584,0.000258453,0.000290793,0.000324441,0.000362608,0.000410702,0.000474694,0.000561881,0.00067473,0.000817569,0.000995214,0.001192832,0.001371613,0.001478121,0.001465364,0.001331389,0.001124023,0.00090584,0.000720219,0.000577219,0.000469806,0.000393189,0.00034175,0.000309516,0.000291243,0.000279088,0.000268375,0.000257771,0.000245773,0.000234131,0.000223579,0.000214922,0.000213391,0.000221302,0.000237713,0.000263396,0.00029877,0.000345709,0.00040073,0.000447119,0.000465798,0.000448331,0.000403851,0.000353341,0.000306192,0.000258099,0.000207162,0.000156474,0.000113417,8.54E-05,7.06E-05,6.31E-05,5.81E-05,5.15E-05,4.39E-05,3.70E-05,3.10E-05,2.75E-05,2.51E-05,2.20E-05,1.89E-05,1.48E-05,1.05E-05,7.37E-06,4.79E-06,4.47E-06,6.60E-06,5.85E-06,0
2704,control,0,0.000149043,0.00031221,0.000485212,0.000662116,0.00084402,0.001036262,0.00123902,0.001448354,0.001659676,0.001869738,0.002074615,0.002265521,0.00242697,0.002539531,0.002590732,0.002590016,0.002565337,0.002546188,0.002550587,0.002570834,0.002565314,0.002482331,0.00231115,0.002104568,0.001928159,0.001800945,0.001708828,0.001642607,0.001598625,0.001568388,0.001542017,0.001518969,0.001508912,0.001517178,0.001542526,0.001587289,0.001653165,0.001736524,0.001834567,0.001949092,0.002086071,0.002245207,0.002409842,0.002558335,0.002678496,0.00277545,0.0028757,0.003007905,0.003183571,0.003401184,0.003648943,0.003909033,0.004165617,0.004400278,0.004595211,0.004738985,0.004823754,0.004853938,0.004843905,0.004798576,0.00471684,0.00459809,0.004445406,0.004276381,0.004111837,0.003964873,0.003846725,0.003758559,0.003694919,0.003654311,0.003628856,0.003609507,0.00359558,0.003585709,0.003581588,0.003585504,0.003590638,0.003593297,0.003594042,0.003592659,0.003595189,0.003603902,0.003618108,0.003646034,0.00368982,0.003745444,0.003815708,0.003901006,0.004000681,0.004116949,0.004247217,0.004389167,0.004539296,0.004688689,0.004830015,0.004953836,0.005054536,0.005135802,0.005194824,0.00524097,0.005301412,0.005366454,0.00540557,0.005426603,0.005450041,0.005478333,0.005501343,0.00551237,0.005540891,0.005625859,0.005768537,0.005952116,0.006149769,0.00632789,0.006475939,0.006598692,0.00670175,0.006777317,0.00679534,0.006766749,0.006741685,0.006737587,0.006784715,0.006952988,0.007270637,0.007709675,0.008218563,0.008730871,0.009175222,0.009522031,0.009859191,0.010292931,0.010762107,0.011144634,0.011394684,0.01150022,0.01149032,0.011399087,0.011182667,0.01077619,0.010212524,0.009606853,0.009021404,0.008453191,0.00797612,0.007733129,0.007734854,0.007901834,0.008190974,0.008570637,0.009020953,0.009533648,0.010060408,0.01053318,0.010911795,0.011187176,0.011380825,0.011515082,0.011566853,0.011475317,0.011244783,0.011001723,0.010846609,0.010752989,0.010673948,0.010612295,0.010562338,0.01046394,0.010187854,0.009621128,0.008816656,0.007912024,0.007000546,0.006125149,0.005291636,0.00449268,0.003710156,0.002930651,0.002184446,0.001535942,0.001077228,0.000870056,0.000837422,0.000825358,0.000750649,0.000665817,0.000670032,0.000770028,0.000912426,0.001030274,0.001033118,0.000897461,0.000680909,0.000428214,0.000191853,4.57E-05,2.89E-06,0,8.09E-06,3.18E-05,4.28E-05,4.62E-05,6.10E-05,8.38E-05,9.46E-05,7.35E-05,3.11E-05,0,0,1.39E-05,2.60E-05,4.08E-05,6.21E-05,8.89E-05,0.000119672,0.000151926,0.000184283,0.000217604,0.000250297,0.000282969,0.000317738,0.000353739,0.000393299,0.000441819,0.000504786,0.000588883,0.00069712,0.000832895,0.000999279,0.001181345,0.001341972,0.001432328,0.001410891,0.001277679,0.001079209,0.000873924,0.000700599,0.000567966,0.000469583,0.000400868,0.000355947,0.000328207,0.00031332,0.000305084,0.000298836,0.000292796,0.000285007,0.00027657,0.00026851,0.000261407,0.000259862,0.000266476,0.000280786,0.000304397,0.000338398,0.000383749,0.000436649,0.000481023,0.000497923,0.000479506,0.000435345,0.000385652,0.000339002,0.00029044,0.00023871,0.000188617,0.000147526,0.000121743,0.000109011,0.000103124,9.90E-05,9.23E-05,8.34E-05,7.46E-05,6.62E-05,5.90E-05,5.24E-05,4.52E-05,3.91E-05,3.37E-05,2.90E-05,2.60E-05,2.32E-05,2.12E-05,1.94E-05,1.31E-05,0
3235,control,0,0.000121882,0.000259001,0.000410294,0.000572706,0.000750722,0.000950811,0.001170738,0.001402181,0.001635081,0.001862147,0.002080759,0.002288157,0.002473443,0.002612672,0.002682143,0.002685148,0.002653131,0.002625276,0.002629538,0.002662276,0.002679648,0.002620189,0.002461229,0.002258174,0.002088023,0.001966839,0.001866003,0.001768815,0.001676064,0.001588287,0.001502781,0.001428945,0.001388037,0.001386349,0.001415369,0.001470578,0.001547027,0.001637827,0.001740759,0.001857695,0.001996552,0.002160658,0.002335681,0.002495038,0.002604162,0.002644104,0.00264865,0.002683934,0.00279384,0.002977373,0.003202657,0.003444786,0.003697209,0.003946667,0.00417313,0.004357262,0.004482097,0.004553772,0.004594537,0.004612165,0.004600432,0.004545038,0.004438785,0.004300377,0.004151258,0.004001726,0.003860263,0.003723405,0.003588803,0.003468328,0.003366244,0.003279492,0.003204586,0.003135127,0.003076707,0.003035509,0.003002229,0.00296912,0.002930491,0.002884706,0.002843644,0.002812074,0.002790619,0.002788261,0.002803802,0.002833748,0.002885148,0.002962842,0.003067514,0.003187347,0.003302488,0.003410946,0.003521549,0.003643375,0.00377881,0.00390841,0.00402122,0.004114154,0.004157006,0.004163497,0.004203169,0.004266379,0.004297685,0.004319624,0.004368646,0.004422027,0.004425849,0.00436798,0.004342254,0.004435801,0.004612324,0.004810863,0.005018944,0.005237594,0.005450297,0.005630716,0.00577778,0.005882089,0.00589906,0.005853044,0.005804374,0.005709371,0.005560897,0.005527154,0.005739724,0.006159423,0.006691691,0.007245396,0.007687852,0.007945123,0.008226406,0.008818942,0.00962437,0.010346212,0.010853052,0.011136837,0.011278806,0.011349971,0.0112646,0.010902372,0.010326924,0.009703782,0.009038792,0.008259929,0.007549205,0.007223659,0.007256288,0.007437536,0.007696537,0.00804515,0.008505037,0.009080854,0.00971906,0.010344786,0.010904646,0.011375209,0.011777036,0.012142402,0.012428881,0.012499564,0.012327839,0.0121247,0.012047278,0.012033564,0.012023895,0.012052814,0.012120667,0.01215348,0.012004128,0.011505162,0.010660697,0.009637379,0.008592769,0.007614401,0.006723103,0.005901967,0.005117528,0.004322189,0.003483118,0.002661797,0.002068009,0.001882535,0.001979855,0.00205447,0.001965359,0.00189404,0.00209163,0.002499588,0.002911788,0.003206826,0.00326143,0.002989212,0.002424627,0.001671848,0.000929585,0.000403286,0.000127916,2.06E-05,2.89E-06,1.09E-05,1.39E-05,2.82E-05,6.75E-05,0.000111486,0.000124509,8.23E-05,2.04E-05,0,0,1.79E-05,2.98E-05,4.39E-05,6.75E-05,0.00010143,0.000143373,0.00018785,0.000234378,0.000286057,0.000341282,0.000400944,0.000467068,0.00053921,0.000622106,0.000724987,0.000860596,0.001043388,0.001282181,0.001590428,0.001977476,0.002412783,0.002815074,0.003069229,0.003072616,0.002813247,0.002388116,0.001931256,0.001532391,0.00121233,0.000960131,0.000768676,0.000631147,0.000538165,0.000478135,0.000436354,0.000403713,0.000375713,0.000349029,0.000326297,0.000308938,0.000297649,0.000298881,0.00031644,0.000349956,0.000400574,0.000470315,0.00056351,0.000673539,0.000769629,0.000813061,0.000785246,0.00070521,0.000613592,0.000528621,0.000441238,0.00034498,0.000247453,0.000165505,0.000112115,8.40E-05,7.08E-05,6.34E-05,5.51E-05,4.59E-05,3.74E-05,3.05E-05,2.75E-05,2.72E-05,2.78E-05,2.97E-05,3.13E-05,3.28E-05,3.37E-05,3.17E-05,3.08E-05,3.11E-05,2.33E-05,0
3211,control,0,0.000108607,0.000230974,0.000367943,0.00051646,0.000680351,0.00086674,0.001074653,0.001295669,0.00151917,0.001738371,0.001950749,0.002151908,0.0023294,0.002460141,0.002523606,0.002525719,0.002497342,0.002474721,0.002483069,0.002517981,0.002537194,0.002481932,0.002329871,0.002131095,0.001956537,0.001824469,0.001715148,0.001617816,0.001533139,0.001458398,0.001386091,0.001320096,0.00127835,0.001268409,0.001285823,0.001329416,0.001395897,0.001478403,0.001572847,0.001679073,0.001804581,0.001952815,0.002109547,0.002251843,0.002355447,0.002412116,0.002453761,0.002529855,0.002668459,0.002868188,0.003107076,0.003364624,0.003629696,0.003884601,0.004109796,0.004289605,0.004410605,0.004478227,0.004510968,0.004515496,0.004488001,0.004417026,0.00429704,0.004146986,0.003988295,0.003832333,0.003689806,0.003560362,0.003443052,0.003346074,0.003267726,0.003202765,0.003149799,0.003104015,0.003069086,0.003048147,0.003031336,0.003012927,0.002989538,0.002960082,0.002934899,0.002916918,0.002906574,0.002914005,0.002938133,0.002974383,0.003029392,0.003107062,0.003207276,0.003322455,0.00344003,0.003560846,0.003689655,0.003827172,0.003970632,0.004104272,0.00422222,0.004322678,0.004377979,0.004403616,0.00446613,0.00454997,0.004591177,0.004607687,0.004641815,0.00468266,0.004690208,0.004656181,0.004655943,0.004759005,0.004936918,0.005141651,0.00535408,0.005562888,0.005758533,0.005931443,0.006088426,0.006207223,0.006210251,0.006123023,0.006063962,0.006028025,0.005975104,0.00601859,0.006284229,0.006753416,0.007331204,0.007914524,0.008369606,0.008634944,0.008928725,0.009525233,0.010322118,0.011041364,0.011540074,0.011777642,0.011850779,0.011878839,0.011790584,0.011425421,0.010803188,0.010118259,0.009437167,0.008690121,0.008001269,0.00765753,0.007671955,0.007865,0.008143136,0.00848502,0.008914423,0.009458863,0.010071698,0.010670569,0.011198916,0.011635806,0.012006242,0.012351844,0.012636323,0.012710435,0.0125348,0.012331648,0.012273734,0.012292327,0.012300782,0.012324035,0.012389085,0.012433636,0.012267652,0.011681214,0.01071573,0.009603621,0.008515475,0.007510667,0.006591463,0.0057484,0.004946153,0.004111764,0.003218916,0.002368085,0.001766436,0.001553466,0.001599882,0.001632921,0.001518278,0.001400253,0.001500042,0.001792206,0.002123093,0.002363633,0.002360914,0.002078903,0.001623291,0.00107506,0.000547544,0.000190264,3.26E-05,0,9.87E-06,3.38E-05,3.57E-05,3.70E-05,7.16E-05,0.000125317,0.000151609,0.000110551,3.56E-05,0,0,1.67E-05,2.62E-05,3.68E-05,5.60E-05,8.52E-05,0.000122773,0.00016414,0.000208699,0.000258801,0.000311372,0.00036558,0.000422735,0.000481949,0.000546561,0.0006241,0.00072575,0.000863704,0.001042665,0.001270309,0.001553002,0.001866158,0.00214676,0.002308785,0.002279493,0.002057526,0.001720643,0.001369702,0.001070761,0.000836728,0.000656504,0.000523983,0.000433285,0.000376254,0.000343588,0.000323384,0.000308412,0.000295366,0.000281356,0.000268215,0.000256914,0.000248829,0.000250829,0.000266197,0.000293414,0.000333056,0.000387181,0.000459426,0.000543414,0.000613587,0.000641076,0.000614102,0.000548301,0.000474896,0.000407228,0.000338192,0.000263538,0.000188731,0.000126313,8.70E-05,6.79E-05,6.00E-05,5.59E-05,5.01E-05,4.33E-05,3.74E-05,3.26E-05,3.07E-05,3.05E-05,3.07E-05,3.20E-05,3.22E-05,3.13E-05,3.02E-05,2.75E-05,2.65E-05,2.69E-05,2.03E-05,0
3418,control,0,0.000111156,0.000232472,0.00036527,0.000507882,0.000665134,0.000845383,0.001050294,0.001273418,0.001504684,0.001737087,0.00196587,0.002182427,0.002371358,0.002509832,0.002579287,0.002586445,0.002560737,0.00253691,0.002541161,0.002572072,0.002589992,0.002536172,0.002382662,0.00216932,0.001962789,0.001790715,0.001648217,0.001532738,0.001444435,0.001374343,0.001305629,0.00123403,0.001173842,0.001134068,0.001115685,0.001123374,0.001156733,0.001208824,0.001273504,0.00134914,0.001444494,0.001564086,0.001694,0.001816806,0.001921051,0.002009632,0.002108203,0.002240483,0.00241475,0.00263541,0.002896679,0.003182828,0.003476273,0.003752693,0.003991852,0.004182007,0.004312734,0.0043873,0.004418106,0.004408834,0.004359431,0.004263528,0.004118171,0.003943022,0.003759417,0.003580993,0.003424016,0.003294274,0.003193523,0.0031233,0.003070484,0.003026637,0.002993906,0.002968527,0.002951663,0.002942462,0.002930015,0.002912638,0.002890182,0.002861532,0.002836026,0.002815321,0.002799949,0.002799974,0.002812766,0.002834513,0.002872878,0.002929346,0.003003803,0.003095585,0.003201454,0.003325458,0.003464247,0.003607091,0.00374891,0.003879614,0.003997527,0.004101671,0.00416557,0.004204839,0.004283165,0.004382299,0.004432637,0.004441676,0.004449245,0.004458772,0.004451534,0.004424379,0.004430302,0.004518444,0.004672546,0.004865046,0.005073062,0.005270668,0.005448174,0.005605097,0.005754471,0.005866643,0.005845343,0.005725348,0.005668001,0.005692499,0.005729592,0.005839922,0.006138612,0.006634084,0.007248399,0.007878182,0.008388857,0.008724537,0.009101427,0.009774875,0.010643453,0.011454852,0.012060194,0.012386716,0.012532495,0.012643932,0.012652069,0.012351865,0.011715575,0.010965728,0.010232329,0.00944952,0.00869079,0.008231686,0.008139627,0.008268986,0.008515062,0.008845549,0.009294164,0.009898177,0.010605378,0.011316049,0.011954822,0.012491415,0.012951315,0.013378487,0.013735397,0.013860641,0.013701454,0.013490568,0.013428044,0.013459491,0.013488742,0.013534884,0.01364463,0.013765055,0.013672098,0.013115003,0.012138338,0.010995097,0.009859466,0.008782557,0.007764409,0.006806046,0.0058683,0.004870406,0.003815608,0.002826883,0.002084785,0.00170679,0.001593478,0.001511734,0.001313087,0.001070172,0.000961977,0.001020741,0.001169082,0.001285328,0.001212865,0.000978013,0.000729168,0.000481128,0.000232364,6.52E-05,4.82E-06,0,2.28E-05,5.47E-05,4.50E-05,2.90E-05,5.52E-05,0.000112461,0.000146425,0.000109441,3.50E-05,0,0,7.14E-06,9.73E-06,1.50E-05,2.75E-05,4.82E-05,7.48E-05,0.00010108,0.00012652,0.000153289,0.000178363,0.000202501,0.000227505,0.000252635,0.000281005,0.000317642,0.000370254,0.000446366,0.000545103,0.000669805,0.000827124,0.001006135,0.001174377,0.001282217,0.001282321,0.001168707,0.000982153,0.00078227,0.000614174,0.000488603,0.000397639,0.000334825,0.000293934,0.000270583,0.000258969,0.000249767,0.000239054,0.000226101,0.000210797,0.000197122,0.000185833,0.000177911,0.000179037,0.000190535,0.000210209,0.000237228,0.000271726,0.000317388,0.000370801,0.000415481,0.000434216,0.000418581,0.000376955,0.000330369,0.000288482,0.000248022,0.000205709,0.000161247,0.000121151,9.37E-05,7.77E-05,6.84E-05,6.08E-05,5.20E-05,4.40E-05,3.72E-05,3.20E-05,3.11E-05,3.32E-05,3.65E-05,3.98E-05,3.99E-05,3.78E-05,3.40E-05,2.77E-05,2.39E-05,2.25E-05,1.60E-05,0
3130,control,0,0.000118425,0.000248308,0.000386967,0.000531395,0.000684591,0.000852193,0.001035626,0.001233143,0.001441213,0.001656652,0.001876447,0.002093212,0.002290662,0.002444526,0.002534629,0.002562891,0.002552834,0.002536139,0.002540041,0.002568372,0.002586357,0.002536074,0.002387729,0.002178578,0.001975899,0.001810955,0.001678071,0.001570593,0.001487421,0.001420996,0.001357061,0.001291088,0.00123332,0.001191145,0.001165227,0.001159286,0.00117581,0.001211545,0.001262069,0.001328013,0.001418407,0.001537184,0.001670444,0.001797267,0.001903111,0.001990099,0.002081238,0.002200293,0.002358328,0.002560662,0.002804108,0.00307618,0.003361306,0.003638234,0.003886136,0.004089941,0.004237976,0.004330497,0.004376889,0.004379826,0.004337639,0.004246828,0.004107981,0.003937927,0.003757531,0.0035832,0.003431694,0.003310338,0.003219132,0.003155621,0.003107895,0.0030669,0.003032163,0.003000905,0.002974087,0.002953028,0.002931724,0.002908028,0.002881265,0.002850553,0.002822502,0.002799995,0.002784049,0.002781647,0.002791948,0.002811149,0.002843124,0.002891261,0.002958634,0.003046226,0.003151613,0.003275302,0.003413038,0.003557334,0.003702869,0.003836293,0.003949754,0.004043812,0.004106378,0.004146093,0.004200693,0.00426651,0.004310873,0.004335913,0.004356574,0.004373105,0.004373683,0.004353866,0.00435391,0.004418803,0.004545414,0.004716808,0.004917521,0.005121361,0.00530272,0.00544609,0.00555176,0.005615342,0.005620057,0.005588562,0.005554124,0.005510388,0.005498591,0.005622797,0.005924412,0.006372173,0.006924547,0.007525547,0.008087064,0.008560117,0.009056929,0.00972469,0.010486625,0.011169578,0.011708947,0.012099708,0.012365388,0.01251373,0.012469804,0.012150587,0.011594201,0.010923748,0.01018715,0.009377615,0.008632789,0.008184094,0.008047542,0.008105093,0.00831709,0.008690635,0.009227127,0.00990968,0.010676337,0.01143931,0.012127251,0.012708013,0.013194624,0.013601095,0.013886103,0.01396403,0.013832288,0.013644017,0.013531602,0.013487483,0.013482275,0.013526678,0.013604735,0.013645906,0.013512616,0.013056274,0.012270033,0.011266743,0.010170734,0.009075728,0.008019088,0.006994523,0.005972646,0.004948661,0.003960889,0.003055062,0.002335516,0.001925057,0.001767898,0.001663934,0.001484367,0.001278828,0.001170161,0.001169596,0.001213633,0.001242801,0.001192028,0.001051039,0.000851626,0.000597608,0.000329212,0.000130766,3.07E-05,3.21E-06,0,2.67E-06,3.48E-06,1.13E-05,3.32E-05,5.75E-05,6.52E-05,4.41E-05,1.24E-05,0,0,5.70E-06,1.16E-05,2.20E-05,3.99E-05,6.46E-05,9.30E-05,0.000119762,0.00014372,0.000166576,0.000187976,0.000209833,0.000234293,0.000261605,0.000295481,0.000341434,0.000405634,0.000494447,0.00061041,0.000759467,0.000948228,0.001164836,0.00137225,0.001513248,0.001531666,0.00141534,0.001209759,0.000984529,0.000790721,0.00064245,0.0005333,0.000455735,0.000402017,0.000366062,0.000342507,0.000323858,0.000306064,0.000288156,0.000269988,0.000254439,0.000242598,0.000235049,0.000235554,0.000245425,0.000264045,0.000292001,0.000330055,0.000381097,0.000442368,0.000497131,0.000523374,0.000509001,0.000463882,0.000412173,0.000365064,0.000317207,0.000264246,0.0002095,0.00016208,0.000129271,0.00010931,9.68E-05,8.65E-05,7.49E-05,6.31E-05,5.23E-05,4.32E-05,3.79E-05,3.59E-05,3.61E-05,3.76E-05,3.80E-05,3.70E-05,3.52E-05,3.11E-05,2.71E-05,2.32E-05,1.51E-05,0
2769,control,0,0.000108843,0.000225745,0.00035118,0.000483583,0.000628393,0.000794178,0.000981925,0.001185901,0.001398916,0.001615928,0.001832659,0.002041263,0.002226571,0.002364797,0.002435622,0.002444102,0.002419594,0.002396484,0.002399415,0.00242824,0.002446339,0.002396234,0.002251267,0.002052526,0.001865483,0.001714588,0.001590985,0.001489068,0.001408081,0.001340759,0.00127487,0.001209028,0.001156184,0.001124364,0.001113851,0.001128224,0.001168763,0.001229798,0.001304065,0.001389604,0.001494497,0.001622737,0.00176069,0.001889043,0.001994664,0.002079974,0.002170251,0.002292983,0.002460783,0.002676729,0.002932443,0.003211141,0.003495732,0.003764417,0.003996416,0.004177776,0.0042992,0.004364678,0.004387298,0.004372984,0.004322131,0.004229588,0.004093243,0.00392927,0.003757376,0.003592012,0.003447743,0.003328265,0.003233261,0.0031642,0.003111426,0.003067474,0.003034303,0.00300948,0.002992535,0.002982427,0.002971094,0.00295618,0.002937121,0.002914187,0.002895808,0.002881956,0.002869908,0.00286987,0.002887848,0.002926371,0.002988653,0.003062716,0.003139187,0.003227339,0.003337314,0.003474363,0.003632212,0.003789033,0.003929734,0.00405413,0.004163452,0.004250341,0.004307198,0.004362595,0.004461286,0.004574591,0.004630182,0.004625695,0.004610033,0.004614032,0.004644842,0.00468811,0.004730953,0.004794252,0.004923192,0.005136679,0.005373749,0.005554772,0.005691483,0.005846096,0.006055039,0.006254498,0.006280204,0.006144882,0.006067937,0.006107166,0.006152343,0.006228443,0.006496306,0.007009617,0.007662472,0.00831106,0.008845167,0.009259865,0.009718294,0.010344079,0.011057331,0.011748045,0.012288182,0.012531326,0.012568139,0.01260912,0.012626584,0.012354313,0.011658538,0.010805549,0.01008895,0.009482627,0.008873381,0.008382678,0.008196451,0.008310241,0.008592704,0.00892934,0.009342506,0.009909431,0.010590664,0.011264606,0.011845681,0.012311649,0.012695229,0.013049263,0.013344083,0.013411993,0.013181665,0.012875143,0.01272114,0.012700171,0.012685232,0.012668281,0.01275114,0.012905893,0.012822951,0.012186514,0.01112825,0.010006513,0.00898147,0.008023989,0.007094472,0.006221986,0.005380917,0.004458479,0.003496139,0.002691695,0.002145456,0.001806184,0.001590957,0.001440974,0.001290114,0.001116262,0.000993371,0.001017577,0.001214818,0.001439048,0.00143781,0.001200855,0.000916693,0.000634852,0.000340485,0.000110153,5.42E-06,0,4.59E-05,0.000102868,7.84E-05,1.86E-05,1.92E-05,8.69E-05,0.000152193,0.000137714,5.86E-05,0,0,5.47E-06,1.05E-05,1.97E-05,3.57E-05,5.77E-05,8.50E-05,0.000114351,0.000144625,0.00017608,0.000205117,0.000231475,0.000258073,0.000286427,0.000320254,0.000364824,0.000426771,0.000513002,0.000625408,0.000768885,0.000949159,0.001153013,0.001341764,0.00145894,0.001454123,0.001322609,0.001111773,0.00088767,0.000697505,0.000553199,0.000447619,0.000374093,0.000325551,0.000295206,0.000276911,0.000263007,0.000249138,0.000234262,0.000218177,0.000203233,0.000190554,0.000182088,0.00018272,0.000193704,0.000213473,0.000241774,0.000278698,0.000326325,0.000381033,0.000426618,0.000444043,0.00042451,0.000378184,0.000327293,0.000281872,0.000237315,0.000189826,0.00014132,9.93E-05,7.13E-05,5.55E-05,4.59E-05,3.78E-05,2.83E-05,1.84E-05,1.02E-05,5.21E-06,4.30E-06,5.40E-06,7.31E-06,9.38E-06,8.94E-06,6.14E-06,2.93E-06,1.08E-07,0,3.87E-07,7.16E-07,0
2394,control,0,9.79E-05,0.000204113,0.000319109,0.000441643,0.000576329,0.000731113,0.00090886,0.001106754,0.001318961,0.001540484,0.001767691,0.001994231,0.002205269,0.002374687,0.002477142,0.002511588,0.002503614,0.00248843,0.002495499,0.002532126,0.002567671,0.002542244,0.0024181,0.002227107,0.002035877,0.001875317,0.001739264,0.001621383,0.00152159,0.001434648,0.001349569,0.001264938,0.001192706,0.001140184,0.001107625,0.001098907,0.00111655,0.001155849,0.001208673,0.001272396,0.001356386,0.001467188,0.001593538,0.001715374,0.001814858,0.001889319,0.00196205,0.002063,0.002209541,0.002407834,0.002651146,0.002925051,0.003214694,0.003499304,0.003757559,0.003973186,0.004133801,0.004240137,0.004302459,0.004325356,0.004308322,0.004244527,0.004129674,0.003977607,0.00380755,0.003636292,0.003480921,0.00334736,0.003237222,0.003152369,0.003083915,0.003025362,0.002977514,0.002936646,0.002902312,0.002874301,0.002846088,0.002815389,0.00278006,0.002739256,0.00270066,0.002664316,0.002628119,0.002602287,0.002594243,0.00260853,0.002647487,0.002697016,0.002746758,0.002806557,0.002889283,0.003003397,0.003144864,0.003293157,0.003432625,0.003561451,0.003678566,0.003774437,0.003842157,0.003907297,0.00400645,0.0041138,0.004165449,0.004153498,0.004119742,0.00410107,0.004113413,0.004141572,0.004160759,0.004186333,0.00427728,0.004467899,0.004698916,0.004881929,0.005019607,0.005172269,0.005375481,0.005566559,0.005592538,0.005462948,0.00536485,0.005337421,0.005291099,0.005278693,0.005468722,0.005917126,0.006527319,0.007166305,0.007734938,0.008230431,0.008788143,0.009495636,0.010276739,0.01105094,0.01171132,0.01211633,0.01233545,0.012550452,0.012729587,0.012611355,0.012035823,0.011231742,0.010494631,0.009822467,0.009108696,0.008475524,0.008129969,0.008091637,0.008245011,0.008490804,0.008856611,0.009415375,0.010129989,0.010880526,0.011571516,0.012168751,0.01269626,0.013196458,0.013637766,0.013864839,0.013799698,0.013631334,0.013578063,0.013645692,0.013728594,0.013814836,0.013999569,0.014261998,0.014301716,0.013795222,0.012841326,0.011766591,0.010731169,0.009727717,0.00873339,0.007780594,0.006841657,0.005817814,0.004770785,0.003885137,0.00323098,0.002758509,0.002419685,0.00218668,0.00199548,0.001790843,0.001613302,0.001563868,0.00168615,0.001849836,0.00181874,0.001567393,0.001251407,0.000914594,0.000551326,0.000242823,5.86E-05,1.75E-06,2.97E-05,7.58E-05,5.37E-05,3.09E-06,8.38E-07,6.01E-05,0.000121182,0.000114158,4.97E-05,0,0,1.18E-06,4.33E-06,1.29E-05,2.85E-05,4.97E-05,7.50E-05,0.000100955,0.000125994,0.000149732,0.000169624,0.000187096,0.000205744,0.000228318,0.000259608,0.000304955,0.000370932,0.000464028,0.000587104,0.000747915,0.000955105,0.001198131,0.001437796,0.001609959,0.00165088,0.001543214,0.001331688,0.001091075,0.00087879,0.000712873,0.000589028,0.000500023,0.000437493,0.000394235,0.000363241,0.000336579,0.000310222,0.000283306,0.000256679,0.000233361,0.000214643,0.000202976,0.000202675,0.000214264,0.000236501,0.000268774,0.000310938,0.000365678,0.000429988,0.000487386,0.000515348,0.000500411,0.000452573,0.000397674,0.000349015,0.000302158,0.000250927,0.0001969,0.00014929,0.0001155,9.35E-05,7.77E-05,6.29E-05,4.62E-05,2.91E-05,1.38E-05,3.46E-06,1.70E-07,8.60E-07,3.80E-06,7.95E-06,9.68E-06,8.59E-06,5.98E-06,2.40E-06,8.11E-07,3.51E-07,5.49E-08,0
2782,control,0,0.000101544,0.000212793,0.000334289,0.000464331,0.000606959,0.000769257,0.000952498,0.001152532,0.001363218,0.001580019,0.001799735,0.002016051,0.002214371,0.002369614,0.00245862,0.002483436,0.002471722,0.002457938,0.002468371,0.00250627,0.002538167,0.002505288,0.002375462,0.002185883,0.002003168,0.001854338,0.001730356,0.001624166,0.001535317,0.001458453,0.001383543,0.00131049,0.001252034,0.001215481,0.001200113,0.001208386,0.001241881,0.001295895,0.001363259,0.001442049,0.001540886,0.001665113,0.00180257,0.001932462,0.002036842,0.00211343,0.002186852,0.002289884,0.002441057,0.002643847,0.002888148,0.003158252,0.003439754,0.003712808,0.003956457,0.004154589,0.00429576,0.004382528,0.004427507,0.004436557,0.004408647,0.004336824,0.004217691,0.004065681,0.003899907,0.003735877,0.003588846,0.003462983,0.003358393,0.003277747,0.003214196,0.003161085,0.003118538,0.003083397,0.00305567,0.003035399,0.003015744,0.002993544,0.002966771,0.002935147,0.002906632,0.002881711,0.002858174,0.002845909,0.00285187,0.002879394,0.002931102,0.0029952,0.00306213,0.003139743,0.003237594,0.003361569,0.003508046,0.003658578,0.003797985,0.003923696,0.004034998,0.004123557,0.004182842,0.00423997,0.004334673,0.004440324,0.004491421,0.004484911,0.004465688,0.004463851,0.004486501,0.004518814,0.004546467,0.004590151,0.004698622,0.004895592,0.005124843,0.00530671,0.005446107,0.005600272,0.005803685,0.005996637,0.006027507,0.005904434,0.005818715,0.005814667,0.005798987,0.005817911,0.006035442,0.006502164,0.007116425,0.007742058,0.008275562,0.008711602,0.009197378,0.00983996,0.01056132,0.011262219,0.011829324,0.012128863,0.012238238,0.012342989,0.012415378,0.012209933,0.011592858,0.010796079,0.01009259,0.009470429,0.008834691,0.008305262,0.008062026,0.00810758,0.008324896,0.008609818,0.008983513,0.009519704,0.010184063,0.010860683,0.011462953,0.01196449,0.012392465,0.012793746,0.013140102,0.01327565,0.01312879,0.012897799,0.012796156,0.012815495,0.0128442,0.012872611,0.012993185,0.013182193,0.013149456,0.012587597,0.011605407,0.010535336,0.00953483,0.008586413,0.007659022,0.006780736,0.005926918,0.004994916,0.004027664,0.003209969,0.002635084,0.002258576,0.002007502,0.001829777,0.001665349,0.001493108,0.001377719,0.001402097,0.001585397,0.001792356,0.001784945,0.001535031,0.001204796,0.000852076,0.000484916,0.000189504,2.95E-05,0,2.75E-05,7.59E-05,5.58E-05,4.64E-06,7.24E-06,7.04E-05,0.000133191,0.000123806,5.38E-05,0,0,3.42E-06,7.00E-06,1.51E-05,3.01E-05,5.14E-05,7.79E-05,0.000106681,0.000136236,0.000166476,0.000194887,0.000221459,0.000248928,0.000279323,0.000316469,0.000365898,0.000434729,0.000530179,0.000655529,0.00081723,0.001021993,0.001256621,0.001478673,0.001624364,0.001635551,0.001502696,0.001275823,0.00102874,0.000814411,0.000647533,0.0005222,0.000431867,0.000369572,0.000327953,0.000300198,0.000278877,0.000259314,0.00023996,0.000220687,0.000203389,0.000189151,0.000180077,0.000180502,0.000191697,0.000212566,0.000243037,0.000283619,0.000336282,0.000397249,0.000449863,0.000472647,0.000454693,0.000406803,0.000353,0.00030482,0.000257319,0.000205539,0.000152202,0.000106077,7.46E-05,5.63E-05,4.52E-05,3.63E-05,2.62E-05,1.54E-05,6.34E-06,9.81E-07,1.92E-07,1.16E-06,3.40E-06,6.34E-06,7.10E-06,5.22E-06,2.72E-06,6.13E-07,9.31E-08,5.28E-07,7.95E-07,0
2726,control,0,0.000114974,0.000240762,0.000374802,0.000514631,0.000664134,0.000828914,0.001008735,0.001200626,0.001401302,0.001608014,0.001818377,0.00202641,0.002216861,0.00236502,0.002449635,0.002472549,0.002458441,0.002439714,0.002442928,0.002470924,0.002488457,0.002437901,0.002291703,0.002090642,0.001902637,0.001754655,0.001635462,0.001535719,0.0014547,0.001387001,0.001321734,0.001257553,0.00120614,0.001174464,0.001161299,0.001168294,0.00119712,0.001244493,0.001306301,0.001383616,0.001485119,0.001614283,0.001756985,0.001890431,0.001996225,0.002073217,0.002146263,0.002247384,0.002394311,0.002590622,0.002827719,0.003091037,0.003366802,0.003636013,0.003877471,0.004074214,0.004214194,0.004299089,0.004340693,0.004343367,0.004304699,0.004219874,0.004088926,0.003928024,0.003757505,0.003592754,0.00344821,0.003328696,0.003233119,0.00316122,0.003104946,0.003056528,0.003014952,0.002977442,0.002945108,0.002920104,0.002897156,0.00287294,0.00284585,0.002815639,0.002789624,0.00277062,0.002758425,0.002759793,0.002776165,0.002805511,0.002850774,0.002912146,0.002990167,0.003086764,0.003200241,0.003330119,0.003472747,0.003619955,0.00376461,0.003895192,0.004003816,0.004088197,0.004139651,0.004173104,0.004227454,0.00429578,0.004340943,0.004365829,0.004391639,0.0044213,0.0044415,0.00444231,0.004454291,0.004522601,0.004656394,0.004843259,0.005056643,0.005260482,0.005437967,0.005590204,0.00572362,0.005823069,0.005848479,0.00581622,0.00577962,0.005738381,0.005716543,0.005819263,0.006114128,0.006579158,0.007154533,0.007765998,0.008324978,0.008793694,0.009285254,0.009932061,0.010660103,0.011315109,0.011825771,0.012165849,0.012365249,0.012457707,0.012376984,0.01201936,0.011406537,0.010689615,0.009956505,0.009199818,0.008511978,0.008093135,0.00798232,0.008084246,0.008345969,0.008751209,0.009299568,0.009987216,0.01075455,0.011505893,0.012168251,0.01271399,0.01316023,0.013526228,0.01376993,0.013793244,0.013588823,0.013323995,0.01314818,0.013056545,0.013006098,0.013004137,0.013051884,0.013081606,0.012928141,0.012423348,0.011589247,0.010578379,0.009515431,0.008468664,0.007461532,0.006494743,0.005543137,0.004586522,0.003661627,0.00283785,0.002213936,0.00187132,0.001743379,0.001659958,0.001514594,0.001355868,0.001301742,0.001370081,0.001501338,0.001617831,0.001616704,0.001461444,0.001191686,0.000837968,0.000467894,0.000189418,4.32E-05,3.69E-07,2.06E-07,5.95E-06,4.94E-06,4.61E-06,2.31E-05,5.48E-05,7.33E-05,5.62E-05,1.92E-05,0,0,8.30E-06,1.67E-05,2.94E-05,4.94E-05,7.59E-05,0.000106716,0.00013781,0.000167813,0.00019844,0.000229037,0.000260527,0.00029515,0.000333744,0.00038037,0.000441386,0.00052386,0.000635624,0.000781667,0.000970029,0.001207527,0.001477371,0.001730585,0.001895265,0.001904727,0.001748014,0.001484803,0.001200975,0.000956231,0.00076599,0.000622411,0.000517651,0.000444013,0.000393881,0.000360629,0.00033603,0.000314828,0.000295275,0.0002764,0.000260189,0.000247865,0.000240145,0.000240828,0.000251757,0.000272691,0.000304734,0.000349164,0.000408787,0.000480148,0.000543559,0.000572673,0.000554093,0.000500365,0.000439297,0.000383334,0.000325452,0.000260679,0.000194419,0.000138057,0.000100049,7.82E-05,6.56E-05,5.64E-05,4.65E-05,3.61E-05,2.69E-05,1.94E-05,1.51E-05,1.34E-05,1.34E-05,1.48E-05,1.52E-05,1.45E-05,1.35E-05,1.16E-05,1.08E-05,1.14E-05,8.88E-06,0
2194,control,0,0.000118323,0.000251407,0.000396132,0.000549015,0.000712143,0.000889274,0.00107929,0.001279324,0.001485835,0.00169563,0.001907552,0.002118781,0.00231669,0.002476169,0.002572784,0.002605566,0.0025992,0.002587806,0.002599039,0.0026361,0.002663916,0.002623745,0.00248702,0.00229765,0.002127774,0.002001535,0.001899064,0.001805303,0.001719933,0.001642172,0.00156803,0.001502243,0.001458641,0.001442138,0.001447186,0.001471628,0.001515588,0.00157615,0.0016507,0.001741514,0.00185721,0.002001813,0.002162189,0.002311578,0.002419939,0.002474606,0.002503065,0.002556599,0.002669882,0.002844647,0.003060873,0.003300733,0.003556413,0.00381454,0.00405465,0.004256541,0.004404415,0.004500157,0.004559155,0.004587031,0.004578264,0.004523929,0.00442114,0.004284523,0.004133915,0.003983664,0.003845571,0.00372093,0.003607317,0.003509718,0.003428741,0.003359391,0.003297433,0.003238277,0.003185158,0.003143695,0.00310947,0.003076275,0.003039399,0.002997487,0.002958384,0.002926435,0.002902101,0.002892148,0.002899036,0.002921295,0.002961849,0.003022305,0.003102832,0.00319942,0.003303165,0.00341243,0.003530924,0.00366087,0.003798552,0.003927242,0.004034437,0.004117092,0.00416483,0.00418932,0.004227581,0.004276414,0.004308595,0.004332935,0.004366298,0.004401114,0.004411544,0.004385417,0.004369464,0.004421811,0.004543131,0.004711553,0.004910474,0.00511567,0.005302102,0.005455595,0.005575703,0.00565948,0.005695661,0.005693391,0.005649273,0.005529094,0.005388188,0.00538313,0.00558926,0.005966803,0.006455436,0.006992882,0.007496168,0.007918917,0.00836207,0.00896323,0.009651434,0.010261736,0.010740493,0.011095282,0.01134226,0.011472934,0.011417367,0.011119122,0.010628606,0.010040711,0.009375931,0.008633084,0.007958808,0.007567212,0.00745527,0.007508668,0.00769926,0.008036016,0.008514582,0.009118493,0.00979539,0.010469664,0.011080319,0.011599631,0.012038293,0.012407556,0.012668042,0.012741959,0.012626803,0.012456246,0.012346038,0.012292656,0.012278217,0.012315706,0.012383064,0.012413142,0.012291714,0.011890897,0.011196962,0.01030645,0.009333696,0.008367889,0.007444543,0.006555509,0.005678544,0.004811802,0.003976305,0.003208651,0.00261755,0.002317898,0.002241726,0.002195259,0.002079195,0.001984527,0.002048716,0.002243112,0.00245391,0.002613496,0.002644955,0.002460353,0.00204125,0.001457308,0.000863084,0.000414119,0.000151371,3.45E-05,3.89E-06,5.52E-07,2.91E-06,1.31E-05,3.32E-05,5.32E-05,5.87E-05,4.03E-05,1.21E-05,0,0,1.03E-05,2.04E-05,3.46E-05,5.64E-05,8.52E-05,0.000118688,0.000153349,0.000187733,0.000223595,0.000261574,0.000303136,0.000350466,0.000404577,0.000469891,0.000554114,0.000666373,0.000817106,0.001015292,0.001273556,0.001601138,0.001976242,0.002332975,0.002573945,0.00260823,0.002416615,0.002075393,0.001698388,0.001364273,0.001094816,0.000883195,0.000722326,0.000604936,0.000521757,0.000463831,0.000421278,0.000386964,0.000357436,0.000330684,0.000308104,0.000291107,0.000280385,0.000279673,0.000291679,0.0003171,0.000357771,0.000415862,0.000494431,0.000589029,0.000675309,0.000718359,0.000699406,0.000633972,0.000557187,0.000485837,0.000411453,0.000327121,0.000240785,0.000167835,0.000118439,9.01E-05,7.44E-05,6.38E-05,5.27E-05,4.02E-05,2.84E-05,1.88E-05,1.30E-05,1.05E-05,1.00E-05,1.14E-05,1.34E-05,1.52E-05,1.68E-05,1.72E-05,1.73E-05,1.74E-05,1.31E-05,0
3188,control,0,0.00012056,0.000246379,0.000381341,0.000524555,0.000684035,0.000871641,0.001087083,0.001317591,0.001547788,0.001767525,0.001969552,0.002144322,0.002278832,0.002354646,0.002359536,0.002310176,0.002245986,0.002203167,0.002198072,0.002215131,0.002207079,0.002122329,0.001954743,0.001764272,0.001613582,0.001506402,0.001420699,0.0013503,0.001294386,0.001246389,0.00119923,0.001160032,0.001148869,0.001172599,0.001227167,0.001313639,0.001427073,0.001556633,0.001695974,0.00184237,0.002000512,0.002170833,0.002337203,0.002482546,0.002593251,0.002667957,0.002740456,0.002854966,0.003031152,0.003263511,0.003525724,0.00379086,0.004043865,0.004264971,0.004436614,0.004550021,0.004598352,0.004593014,0.004556428,0.004497488,0.004417763,0.004308917,0.004165308,0.004008253,0.003858387,0.00372252,0.003607707,0.00350777,0.003419144,0.00335129,0.003299483,0.003258745,0.003233002,0.003218404,0.003217458,0.003229957,0.00324143,0.003248272,0.003250857,0.00325004,0.003258657,0.003274565,0.00329153,0.003323223,0.003375466,0.003451532,0.003558243,0.003677592,0.003794012,0.003915545,0.004048375,0.004199243,0.004365832,0.004524082,0.00465953,0.004777056,0.004884286,0.00497332,0.00502341,0.005072244,0.005193903,0.005340175,0.005395969,0.005373689,0.005358795,0.005383792,0.005438846,0.005501375,0.005572926,0.005688788,0.005881943,0.006147674,0.006400792,0.006561152,0.006678223,0.00684738,0.007120174,0.007397169,0.007413257,0.007191569,0.007102892,0.007230735,0.007330502,0.007384514,0.007649432,0.008216683,0.00891584,0.009535878,0.009924489,0.010082,0.010278273,0.010742685,0.011379258,0.012011351,0.012416673,0.012365207,0.012047616,0.011860441,0.011796621,0.011451029,0.010622474,0.009710308,0.009111876,0.008717221,0.008294169,0.007969673,0.007981578,0.008300478,0.008710153,0.009032087,0.009316712,0.009702023,0.010160591,0.010573213,0.010877635,0.011072993,0.011214839,0.011394743,0.011593616,0.011571022,0.011209338,0.0108147,0.010673554,0.010690559,0.010646541,0.010543858,0.010562631,0.010692038,0.010523481,0.009659113,0.008344396,0.007114791,0.006162288,0.005376123,0.004655939,0.00403924,0.003493313,0.002810384,0.001987088,0.00131878,0.000981405,0.000879088,0.000867722,0.000872962,0.000831109,0.00075925,0.000801652,0.001073286,0.001561274,0.00202345,0.002072695,0.001701038,0.00123024,0.000780081,0.000357373,7.63E-05,0,2.55E-06,0.000116971,0.000227044,0.000195392,0.000105245,0.000106695,0.000207486,0.000295724,0.000249715,0.00010369,0,0,1.63E-05,2.58E-05,3.75E-05,5.70E-05,8.42E-05,0.000120727,0.000163735,0.000213076,0.000269027,0.000323044,0.000373225,0.000422997,0.00047236,0.000525578,0.000589272,0.00067271,0.000787068,0.000933864,0.001117492,0.001342292,0.001584141,0.001789182,0.001888451,0.001828406,0.001619845,0.001331419,0.001041802,0.000801777,0.000618453,0.000480232,0.000382722,0.000320554,0.00028686,0.000273121,0.000266518,0.000260716,0.000253928,0.000243586,0.00023211,0.000220103,0.000209904,0.000210689,0.000225525,0.000251447,0.000287672,0.000333785,0.00039264,0.000458163,0.000507579,0.000520296,0.000490335,0.000430348,0.000365546,0.00030612,0.00024783,0.000189482,0.000132777,8.57E-05,5.80E-05,4.64E-05,4.24E-05,4.01E-05,3.53E-05,2.97E-05,2.53E-05,2.28E-05,2.33E-05,2.48E-05,2.41E-05,2.18E-05,1.65E-05,1.01E-05,4.92E-06,3.68E-07,4.04E-07,3.66E-06,4.45E-06,0
2614,control,0,0.000152402,0.000316032,0.000485106,0.000654763,0.000827645,0.001008553,0.001196678,0.00138943,0.001584681,0.001780212,0.001971746,0.002149462,0.002296445,0.002393246,0.002429604,0.002416868,0.002382585,0.0023545,0.002349259,0.002358364,0.002339732,0.002243282,0.002063276,0.001857103,0.001689629,0.001575284,0.001495806,0.001439793,0.001402817,0.001376746,0.001353477,0.001335088,0.001332867,0.001351662,0.001388447,0.001443582,0.001517527,0.001607161,0.001711912,0.001835281,0.001982562,0.002151629,0.002324673,0.002479238,0.002601426,0.00269404,0.002784003,0.002904889,0.00307218,0.003282677,0.003520897,0.003768601,0.004012557,0.004236241,0.00442134,0.004555133,0.004629317,0.004648932,0.004629237,0.004575112,0.004484695,0.004357813,0.004199347,0.004028459,0.003866433,0.003725643,0.003615995,0.003537219,0.003482127,0.00344827,0.003428076,0.003412205,0.003398872,0.003386823,0.003379349,0.003380281,0.003383341,0.003384975,0.003386471,0.00338881,0.003398953,0.003419427,0.003448229,0.003490985,0.003548361,0.003616035,0.003696382,0.003791138,0.003902751,0.004034082,0.004179737,0.004334176,0.004492624,0.00464773,0.004793982,0.004920218,0.005018628,0.005093835,0.005143235,0.005175749,0.005221883,0.005277363,0.005316778,0.00535119,0.005399042,0.005455495,0.005499993,0.005520588,0.005556632,0.005659893,0.005827293,0.006028508,0.006234935,0.00642296,0.006585167,0.006718949,0.006822764,0.006894011,0.006925084,0.006933206,0.006939783,0.006945564,0.007002993,0.007204648,0.007567379,0.008043038,0.008578498,0.009114781,0.009584589,0.009954505,0.010303055,0.01073776,0.011200743,0.011559187,0.011769487,0.011839676,0.011795039,0.011642878,0.011327577,0.010808977,0.01016799,0.009531467,0.008930276,0.00835017,0.007894185,0.007722272,0.007815379,0.008065348,0.008435318,0.008912182,0.009471663,0.010082545,0.010681281,0.011198071,0.011596199,0.011870432,0.012043708,0.012132477,0.012105848,0.011913517,0.011584877,0.011255774,0.011019593,0.010846967,0.010700174,0.010587248,0.010483376,0.010307817,0.009947356,0.009327777,0.008502521,0.007575903,0.006627928,0.005714686,0.004854304,0.004036287,0.003240945,0.002472325,0.00176483,0.001158673,0.000738472,0.000585519,0.000623516,0.000674187,0.000641006,0.000592121,0.000650208,0.000816215,0.001009864,0.001162219,0.001201833,0.001090308,0.000851435,0.000536283,0.00023673,5.35E-05,4.46E-06,0,5.37E-06,2.19E-05,3.76E-05,5.58E-05,7.94E-05,9.84E-05,9.88E-05,7.06E-05,2.89E-05,0,0,1.60E-05,3.14E-05,5.09E-05,7.84E-05,0.000112557,0.000151641,0.000192346,0.000232934,0.000274706,0.000316139,0.000358195,0.000403373,0.000450919,0.000504705,0.000571652,0.000657456,0.00076986,0.000914023,0.001095037,0.00131441,0.001549117,0.001748808,0.001849918,0.001801172,0.001608457,0.001338137,0.001067046,0.000841681,0.000669726,0.000541429,0.000450462,0.000389785,0.000351963,0.000331751,0.000320891,0.000313653,0.000308149,0.000301706,0.000295253,0.000289581,0.000284542,0.00028515,0.000294723,0.000313376,0.000343313,0.000385453,0.000440883,0.000505224,0.000558474,0.000577025,0.000551906,0.000496163,0.000434718,0.00037673,0.000315071,0.000248984,0.000186087,0.00013606,0.000105723,9.15E-05,8.63E-05,8.42E-05,8.03E-05,7.44E-05,6.84E-05,6.19E-05,5.60E-05,5.00E-05,4.26E-05,3.55E-05,2.92E-05,2.42E-05,2.15E-05,1.91E-05,1.81E-05,1.82E-05,1.33E-05,0
